ts,leg,net_bp,year
1618041600005,top,127.5465756499701,2021
1618761600000,bottom,-242.63305376413567,2021
1618790400000,bottom,-101.25830635203491,2021
1618819200000,bottom,-540.0741931343172,2021
1618848000009,bottom,111.9902031387039,2021
1618876800004,bottom,128.81763888340126,2021
1618905600000,bottom,181.16942824869378,2021
1618934400001,bottom,122.73432245987493,2021
1618963200013,bottom,-462.50083100296143,2021
1618992000001,bottom,-210.4305166135061,2021
1619020800002,bottom,-293.1023583114427,2021
1619049600000,bottom,-432.3592880978859,2021
1619078400000,bottom,-1132.6023739184493,2021
1619107200001,bottom,-900.1951408461289,2021
1619136000002,bottom,-135.6216216216215,2021
1619193600001,bottom,76.1085101878718,2021
1619222400019,bottom,-215.69044361930898,2021
1619366400000,bottom,649.4227745153831,2021
1619395200003,bottom,958.7132830844898,2021
1619424000002,bottom,286.50029796977907,2021
1619452800004,bottom,238.70506719120345,2021
1619481600000,bottom,198.66690272210064,2021
1619510400000,bottom,-72.75592086932446,2021
1619539200009,bottom,-131.74724378646462,2021
1619568000000,bottom,-34.06339939768065,2021
1619596800000,bottom,24.856938866840274,2021
1619625600001,bottom,-136.87347621066536,2021
1619654400004,bottom,-275.9347226466984,2021
1619683200013,bottom,-9.978247629342395,2021
1619712000003,bottom,645.7340448294653,2021
1619740800004,bottom,743.4155136324756,2021
1619769600019,bottom,606.3129792161377,2021
1619798400003,bottom,10.460785768269933,2021
1619856000006,bottom,-187.47483665510643,2021
1620892800000,bottom,-183.52075478739448,2021
1621036800022,bottom,-604.0144060615031,2021
1621209600005,bottom,-648.0934387519414,2021
1621382400000,bottom,-1365.1362057299448,2021
1621440000018,bottom,1010.1047194120044,2021
1621468800005,bottom,1068.8048814246727,2021
1621497600000,bottom,16.19377306747506,2021
1621526400005,bottom,-1120.1697627149824,2021
1621555200000,bottom,-829.8381476154597,2021
1621584000000,bottom,-932.5055923218388,2021
1621612800001,bottom,547.7208635563009,2021
1621641600001,bottom,-152.89162917510745,2021
1621670400002,bottom,-243.40970293453543,2021
1621699200005,bottom,-1288.8360409835036,2021
1621728000006,bottom,-500.63941799564014,2021
1621756800004,bottom,206.9153215899251,2021
1621785600002,bottom,1261.6141042588642,2021
1621814400007,bottom,958.4391680194988,2021
1621843200005,bottom,696.1181302879822,2021
1621872000005,bottom,47.17257044176316,2021
1621900800000,bottom,-88.94843994599543,2021
1621929600014,bottom,346.18977746473223,2021
1621958400000,bottom,174.86270174442333,2021
1621987200022,bottom,194.01338980021012,2021
1622016000018,bottom,-564.7207308583106,2021
1622044800004,bottom,173.25974414366408,2021
1622073600000,bottom,-229.58602497670608,2021
1622102400017,bottom,-389.23983958261954,2021
1622131200000,bottom,-769.289800917357,2021
1622160000005,bottom,-625.3176427468137,2021
1622188800009,bottom,-152.44790847476585,2021
1622217600000,bottom,-687.6858562222802,2021
1622246400006,bottom,-389.01028248603353,2021
1622275200000,bottom,-39.782102771478854,2021
1622332800003,bottom,257.11787233512706,2021
1622361600004,bottom,-107.70732440885266,2021
1622390400018,bottom,378.1937028053346,2021
1622419200002,bottom,471.032117250741,2021
1622448000000,bottom,288.67859263844787,2021
1622476800000,bottom,-238.96212706420772,2021
1622505600001,bottom,-92.82980128584349,2021
1622534400010,bottom,103.70291056173888,2021
1622563200010,bottom,463.4915384152245,2021
1622592000008,bottom,149.99914749294143,2021
1622620800000,bottom,332.64700361978885,2021
1622649600007,bottom,109.32721070585251,2021
1622678400019,bottom,443.6051614170007,2021
1622707200002,bottom,-536.5095365315724,2021
1622736000003,bottom,-449.14515292897846,2021
1622764800003,bottom,-652.6675571523992,2021
1622822400002,bottom,-202.0019652472098,2021
1622851200000,bottom,-370.483651705144,2021
1622880000004,bottom,-366.3740069141046,2021
1622908800020,bottom,-32.631519581876475,2021
1622937600000,bottom,80.07718531908804,2021
1622966400004,bottom,-8.897950722938518,2021
1622995200000,bottom,-51.084616412295105,2021
1623024000007,bottom,-594.7872458325846,2021
1623052800007,bottom,-888.403314917126,2021
1623081600003,bottom,-1180.500008332918,2021
1623110400000,bottom,-134.5081555890042,2021
1623139200000,bottom,312.1258225568131,2021
1623168000002,bottom,1400.2044934641285,2021
1623196800009,bottom,1103.931379489021,2021
1623225600002,bottom,801.1852961753802,2021
1623254400000,bottom,144.12599079753076,2021
1623283200007,bottom,-248.3639950705978,2021
1623312000003,bottom,49.230891986116866,2021
1623340800000,bottom,-48.23677288831084,2021
1623369600010,bottom,223.99102941883586,2021
1623398400007,bottom,-524.8320722341109,2021
1623427200006,bottom,-404.4942496128183,2021
1623456000005,bottom,-481.52861286382006,2021
1623484800000,bottom,-25.916036985610834,2021
1623513600018,bottom,172.95583391245884,2021
1623542400002,bottom,990.3352051938003,2021
1623571200000,bottom,1209.971356046576,2021
1623600000003,bottom,1243.5294668689608,2021
1623628800000,bottom,330.62976565840853,2021
1623657600015,bottom,202.59229773038246,2021
1623686400000,bottom,-153.2487476913684,2021
1623715200000,bottom,-106.94631128521469,2021
1623744000000,bottom,-88.50180077378631,2021
1623772800004,bottom,-326.1998605707432,2021
1623801600004,bottom,-418.0512270269625,2021
1623830400001,bottom,-215.08337249197584,2021
1623859200000,bottom,26.397677687666885,2021
1623888000004,bottom,-120.29224145761728,2021
1623916800000,bottom,-400.8328998024961,2021
1623945600002,bottom,-622.3456608382143,2021
1623974400009,bottom,-632.6949369556182,2021
1624003200014,bottom,-549.0072531220251,2021
1624032000007,bottom,-161.89622909220589,2021
1624060800003,bottom,-86.38297356838119,2021
1624089600001,bottom,-49.348341995770085,2021
1624118400000,bottom,-474.0970803593008,2021
1624204800002,bottom,-519.0962555114646,2021
1624233600019,bottom,-1142.2062687228522,2021
1624291200024,bottom,-213.87024706535573,2021
1624377600001,bottom,455.70222340852797,2021
1624406400003,bottom,341.51626384994427,2021
1624435200000,bottom,-366.1077280962703,2021
1624464000000,bottom,92.51891074310748,2021
1624492800009,bottom,253.64776414768932,2021
1624550400001,bottom,-392.5415973161643,2021
1624665600007,bottom,195.78925412467265,2021
1624694400000,bottom,766.141867013564,2021
1624723200002,bottom,509.02398407302996,2021
1624752000005,bottom,770.6036468159867,2021
1624780800010,bottom,510.4290640750471,2021
1624809600001,bottom,548.5735910240959,2021
1624838400025,bottom,-74.89382330486947,2021
1625241600007,bottom,263.59123653033237,2021
1625270400008,bottom,225.7576466393647,2021
1625299200000,bottom,302.5126314660749,2021
1625385600002,bottom,-404.92094074142045,2021
1625500800009,bottom,106.41866770152953,2021
1625558400019,bottom,-55.418675791181634,2021
1625587200000,bottom,121.50930045567179,2021
1625616000007,bottom,-94.31143366564186,2021
1625760000003,bottom,239.2163674963872,2021
1625788800000,bottom,259.5079207146307,2021
1625817600006,bottom,271.3585523666346,2021
1625846400000,bottom,69.39863594513997,2021
1626278400005,bottom,-348.52778128547635,2021
1626393600000,bottom,-162.9427782657804,2021
1626739200002,bottom,-338.07614679911046,2021
1626768000011,bottom,312.9065831629847,2021
1626796800001,bottom,681.4954279567693,2021
1626825600022,bottom,707.5764114978529,2021
1626854400000,bottom,407.5864859974183,2021
1626883200018,bottom,149.55461875639855,2021
1626912000002,bottom,85.63792476916034,2021
1627027200000,bottom,398.3146414814749,2021
1627113600002,bottom,246.79698204197757,2021
1627171200003,bottom,310.6537370180658,2021
1627200000015,bottom,1018.3695589507076,2021
1627257600000,bottom,535.422317420778,2021
1629129600010,top,109.78375701972865,2021
1629446400001,top,-439.1329625498146,2021
1629475200001,top,-98.0709018052177,2021
1629532800001,top,-70.53069714110171,2021
1629561600000,top,119.20705632762554,2021
1629648000002,top,-231.85009134439147,2021
1629705600005,top,63.55005316966934,2021
1629734400002,top,223.93323607834705,2021
1629763200006,top,319.51981214564506,2021
1629820800000,top,-98.57052433559431,2021
1629849600015,top,-254.01670843776023,2021
1629964800016,top,-144.02604833888486,2021
1630137600000,top,84.45244112246077,2021
1630166400000,top,49.60924863354933,2021
1630339200000,top,113.08777920933944,2021
1630368000000,top,-41.62156308456332,2021
1630396800007,top,90.163896981313,2021
1630425600003,top,-40.50590818233489,2021
1630454400000,top,-395.3015986779877,2021
1630483200006,top,-581.5548621839255,2021
1630512000000,top,-445.690025405167,2021
1630540800009,top,-99.38055951280876,2021
1630569600006,top,101.96968603739155,2021
1630598400007,top,-231.2222916121447,2021
1630627200011,top,-137.1588100445302,2021
1630656000000,top,-183.4311889301936,2021
1630684800002,top,124.48205920596322,2021
1630713600003,top,-4.761638253464749,2021
1630771200009,top,-80.57156824086297,2021
1630886400003,top,-187.43484800050658,2021
1631030400001,top,136.99469449166182,2021
1633593600002,top,-40.025268315872374,2021
1633622400000,top,-81.4803771750887,2021
1633651200011,top,-15.404718778825753,2021
1633680000003,top,-41.84882887568507,2021
1634198400017,top,-335.41322936309666,2021
1634284800002,top,-419.5100849059312,2021
1634342400009,top,111.5306087945185,2021
1634371200000,top,204.90139669750286,2021
1634400000003,top,8.313964523209549,2021
1634428800001,top,-133.31410395735088,2021
1634457600002,top,-271.59276872713286,2021
1634486400002,top,-225.92285494104456,2021
1634515200006,top,-81.5255429053645,2021
1634745600020,top,540.27420545892,2021
1634774400000,top,569.4707113499549,2021
1634803200000,top,275.2064967245411,2021
1634832000008,top,340.7656721023751,2021
1634860800005,top,229.7897413954504,2021
1634918400018,top,-106.41643046449033,2021
1635062400012,top,-344.46117080419714,2021
1635091200001,top,-631.1282911684694,2021
1635120000012,top,-374.4989012290449,2021
1635206400005,top,425.43364053621536,2021
1635235200016,top,507.8924786441148,2021
1635264000000,top,578.3815169888413,2021
1635408000000,bottom,247.6338121172057,2021
1635580800001,top,27.522397069396753,2021
1635667200010,top,-162.17693222091145,2021
1635696000001,top,-175.98556301771026,2021
1635782400001,top,-446.40519112379695,2021
1635868800010,top,298.80790823989935,2021
1635897600019,top,50.44810626866415,2021
1635926400000,top,206.7909796370888,2021
1635984000006,top,221.30344372695743,2021
1636012800004,top,-48.3163104667088,2021
1636041600004,top,5.645637914672555,2021
1636128000016,top,13.255954790772474,2021
1636156800010,top,-97.06513580814467,2021
1636185600000,top,-178.5541168618858,2021
1636358400000,top,-307.6630813513097,2021
1636387200000,top,-82.10331259743619,2021
1636473600001,top,-275.6852542350556,2021
1636531200003,top,175.5660964547974,2021
1636560000001,top,533.4790904193827,2021
1636617600012,bottom,-141.848345157755,2021
1636876800001,bottom,137.66072067243076,2021
1637049600001,bottom,-196.91066537068136,2021
1637078400018,bottom,-199.99827691262115,2021
1637107200005,bottom,2.8236804885646407,2021
1637164800003,bottom,-238.77414047226253,2021
1637193600017,bottom,-539.8653846153838,2021
1637222400007,bottom,-638.8467435415828,2021
1637280000000,bottom,183.30747642854095,2021
1637308800000,bottom,409.6442475617475,2021
1637337600005,bottom,-67.25734024179684,2021
1637366400012,bottom,231.21787698366992,2021
1637395200000,bottom,97.47300594084308,2021
1637424000007,bottom,284.0276303991336,2021
1637452800000,bottom,-181.67284102880419,2021
1637481600006,bottom,-299.16124267821687,2021
1637510400000,bottom,-209.89033337311324,2021
1637539200004,bottom,-418.34356416827467,2021
1637568000000,bottom,-228.41853372818787,2021
1637596800000,bottom,-220.63002100497653,2021
1637625600004,bottom,226.4404207578481,2021
1637683200005,bottom,-49.48300115465697,2021
1637712000001,bottom,-60.350324285604486,2021
1637740800003,bottom,190.58355102366932,2021
1637942400016,bottom,103.8871171489404,2021
1638000000008,bottom,-1.3452422462527522,2021
1638028800007,bottom,-118.25435613970357,2021
1638057600018,bottom,494.0414636081776,2021
1638086400000,bottom,532.9434655201799,2021
1638115200004,bottom,516.50323150859,2021
1638144000002,bottom,46.588397011382966,2021
1638172800004,bottom,-178.71241426280426,2021
1638259200006,bottom,86.39768476452605,2021
1638288000000,bottom,203.99535617187172,2021
1638374400001,bottom,-387.25724020442874,2021
1638432000007,bottom,-27.00401081424929,2021
1638460800008,bottom,-125.46193047547493,2021
1638489600004,bottom,-510.0639470294825,2021
1638576000006,bottom,-833.6672756200508,2021
1638604800004,bottom,437.078535894609,2021
1638633600000,bottom,-58.70832743216802,2021
1638662400003,bottom,-9.909266060241105,2021
1638691200008,bottom,-136.68951474781244,2021
1638720000007,bottom,136.7744764610597,2021
1638748800009,bottom,234.5118839355671,2021
1638777600001,bottom,449.9801877148186,2021
1638806400000,bottom,579.4885578883309,2021
1638835200018,bottom,-6.855374371456545,2021
1638864000000,bottom,-87.0557336049309,2021
1638892800000,bottom,-229.03833008925665,2021
1638921600000,bottom,-44.19358381405879,2021
1638950400018,bottom,-120.35680401845148,2021
1638979200010,bottom,-460.8679917425333,2021
1639008000010,bottom,-585.2691226789291,2021
1639036800000,bottom,-474.9104995830016,2021
1639065600000,bottom,-115.39460714987503,2021
1639094400000,bottom,-97.78670550673984,2021
1639123200008,bottom,57.35688709822841,2021
1639152000012,bottom,154.96422160063597,2021
1639180800009,bottom,435.18257274839226,2021
1639209600008,bottom,230.71558787160674,2021
1639238400000,bottom,161.8609927321153,2021
1639267200001,bottom,117.91340427310737,2021
1639296000015,bottom,-107.19940982032482,2021
1639324800011,bottom,-503.4088589984713,2021
1639353600006,bottom,-712.5819818289884,2021
1639382400019,bottom,-370.5105904128252,2021
1639411200000,bottom,-111.80438572559835,2021
1639440000004,bottom,352.0025229998731,2021
1639497600015,bottom,-27.724056230567385,2021
1639756800006,bottom,53.44002017331718,2021
1639843200000,bottom,49.143861919048305,2021
1639872000031,bottom,-53.54697125256645,2021
1640275200000,bottom,413.092419035322,2021
1640620800000,bottom,-502.2161947898267,2021
1640649600000,bottom,-621.2000246381482,2021
1640678400012,bottom,-333.4979828943256,2021
1640707200000,bottom,-219.13722493269438,2021
1640736000006,bottom,-236.01899475988606,2021
1640764800003,bottom,-133.2811271389782,2021
1640793600004,bottom,-163.65119044611174,2021
1640822400003,bottom,127.01789519175733,2021
1640851200001,bottom,6.130109764826543,2021
1640880000017,bottom,151.90087411642475,2021
1640908800006,bottom,-194.47274738755337,2021
1640937600009,bottom,-13.214583944950885,2021
1640966400000,bottom,-169.59745021248239,2021
1640995200006,bottom,273.9214999408397,2022
1641024000009,bottom,-15.313876638656675,2022
1641052800000,bottom,1.1681007730686268,2022
1641081600028,bottom,-104.3902274709134,2022
1641110400000,bottom,-23.164014428177936,2022
1641139200000,bottom,-160.68251327153214,2022
1641168000010,bottom,-171.49782494330566,2022
1641196800013,bottom,-141.3809286019967,2022
1641225600018,bottom,14.34042396606895,2022
1641254400000,bottom,-143.39029269657175,2022
1641283200010,bottom,-34.2815439026649,2022
1641312000002,bottom,-63.593716379920934,2022
1641340800001,bottom,-559.3668575069859,2022
1641369600017,bottom,-698.0680807121835,2022
1641398400000,bottom,-785.863473663561,2022
1641427200002,bottom,-69.51352142363575,2022
1641456000021,bottom,-374.06077565121643,2022
1641484800006,bottom,-359.89606387867013,2022
1641513600005,bottom,-332.2754089852702,2022
1641542400000,bottom,50.66045937778331,2022
1641571200001,bottom,25.223400326802164,2022
1641600000014,bottom,-26.84976965109763,2022
1641628800013,bottom,-42.577592526153325,2022
1641657600000,bottom,-5.140417650230532,2022
1641686400003,bottom,30.984050345651113,2022
1641715200000,bottom,44.87947986166431,2022
1641744000000,bottom,-196.774264058021,2022
1641772800000,bottom,-6.53130788206656,2022
1641801600010,bottom,20.834737524302994,2022
1641830400007,bottom,158.18039112516516,2022
1641859200013,bottom,214.87835485216002,2022
1641888000004,bottom,47.049245886628526,2022
1641916800000,bottom,426.4995610215923,2022
1641945600012,bottom,258.25918098792823,2022
1641974400015,bottom,269.57406099270844,2022
1642003200000,bottom,-112.68413505110807,2022
1642032000007,bottom,-325.3531962504601,2022
1642060800000,bottom,-265.22275345250137,2022
1642089600014,bottom,-14.264294936456189,2022
1642118400000,bottom,111.18697854413841,2022
1642147200006,bottom,120.92852767864827,2022
1642176000014,bottom,27.261239497185628,2022
1642204800000,bottom,-28.344287483176732,2022
1642233600002,bottom,13.629502413666351,2022
1642262400000,bottom,-44.06301497525232,2022
1642291200000,bottom,-7.387736445904501,2022
1642320000017,bottom,-145.60583747328425,2022
1642348800011,bottom,-189.96769748390417,2022
1642377600005,bottom,-192.3229023967714,2022
1642406400006,bottom,-161.26859015882889,2022
1642550400001,bottom,-178.13086277764722,2022
1642752000015,bottom,-925.10857877438,2022
1642780800000,bottom,-1015.3373734068864,2022
1642809600017,bottom,-449.06629953362517,2022
1642838400003,bottom,-7.669090369157182,2022
1642924800010,bottom,-175.26707025200582,2022
1642953600009,bottom,-383.1292712684124,2022
1642982400010,bottom,91.18978132690427,2022
1643011200000,bottom,306.8879635764283,2022
1643040000021,bottom,699.92456472255,2022
1643126400012,bottom,376.7990505765735,2022
1643155200000,bottom,-57.39563536511437,2022
1643184000001,bottom,-342.33481871234915,2022
1643212800005,bottom,-359.54810146501967,2022
1643241600004,bottom,75.99315456011736,2022
1643270400004,bottom,193.89296621690934,2022
1643299200019,bottom,116.21449775831638,2022
1643328000000,bottom,131.73464731627573,2022
1643385600025,bottom,93.04943102280096,2022
1643414400017,bottom,108.71703904128239,2022
1643472000013,bottom,101.64878544642498,2022
1643616000000,bottom,343.6566186913199,2022
1643644800000,bottom,239.55399957564197,2022
1643673600010,bottom,103.95708206067789,2022
1643731200004,bottom,-338.65011044922943,2022
1643760000004,bottom,-473.95198884902334,2022
1643846400002,bottom,49.87060290970359,2022
1643904000000,bottom,714.7031446114179,2022
1643961600005,bottom,909.0223635141676,2022
1644249600003,bottom,-101.9788932740888,2022
1644480000000,bottom,-183.70166813245146,2022
1644566400009,bottom,-277.8008080730614,2022
1644595200015,bottom,-368.3984034740166,2022
1644912000005,bottom,95.77066466515195,2022
1645171200002,bottom,-115.90556521439743,2022
1645372800001,bottom,133.76782101847851,2022
1645430400001,bottom,-649.6022862731913,2022
1645459200005,bottom,-286.0944948323123,2022
1645488000005,bottom,281.62139309254445,2022
1645545600000,bottom,167.54639857133282,2022
1645603200005,bottom,-769.2203567681015,2022
1645632000010,bottom,-665.4372076959229,2022
1645689600003,bottom,877.9982633913248,2022
1645718400001,bottom,924.3307268590912,2022
1646006400000,bottom,1448.6005682270793,2022
1646035200001,bottom,1331.4675511488067,2022
1646064000002,bottom,640.7710834526565,2022
1646640000006,bottom,153.44166429422557,2022
1646928000000,bottom,-38.54489670689286,2022
1646956800008,bottom,-170.1293141997644,2022
1646985600000,bottom,-10.67179551511742,2022
1647129600008,bottom,-271.7479178921949,2022
1647187200002,bottom,-9.042854904618856,2022
1647216000014,bottom,489.20711444446164,2022
1647244800005,bottom,-187.18756307859394,2022
1648281600006,bottom,38.13801848550137,2022
1648339200004,bottom,509.820656107683,2022
1649721600000,bottom,112.98910006013531,2022
1649750400006,bottom,-9.03944760884,2022
1649779200013,bottom,199.9895380681489,2022
1649980800008,bottom,142.95286402013008,2022
1650009600002,bottom,20.818162148180235,2022
1650268800012,bottom,422.75772733102303,2022
1650614400008,bottom,-290.73753427888914,2022
1650672000000,bottom,-76.48109688476666,2022
1650700800000,bottom,21.62405255179479,2022
1650729600012,bottom,-41.078875711228356,2022
1650758400004,bottom,-18.32911392404978,2022
1650787200003,bottom,-350.864524120013,2022
1650844800008,bottom,233.4995504382904,2022
1650873600018,bottom,559.127935785911,2022
1651017600012,bottom,267.7482096948276,2022
1651046400000,bottom,79.72316290039207,2022
1651276800000,bottom,-258.9695829218557,2022
1651795200005,bottom,-152.05112984527358,2022
1652313600014,bottom,-103.03964384142537,2022
1652342400000,bottom,703.3254651072081,2022
1652371200007,bottom,466.0259847063426,2022
1653350400011,bottom,159.69224698474906,2022
1654588800011,bottom,326.4698538089801,2022
1655193600008,bottom,-1008.6970492491869,2022
1655280000016,bottom,565.1524550816752,2022
1655452800003,bottom,-888.2964352720451,2022
1656604800000,bottom,62.54167472139318,2022
1656633600001,bottom,-303.08587313519416,2022
1656691200005,bottom,-43.36522348180204,2022
1659513600020,bottom,-54.204106469167165,2022
1660320000005,bottom,214.2640423668747,2022
1660348800012,bottom,5.97424266038772,2022
1660521600010,bottom,-96.19336029187785,2022
1660924800009,bottom,-71.08737682803222,2022
1660982400005,bottom,-26.26918882328509,2022
1661011200000,bottom,45.26719077272713,2022
1661068800013,bottom,-100.03689043474971,2022
1661097600000,bottom,-13.11296196007271,2022
1661126400011,bottom,-54.82734733970583,2022
1661155200005,bottom,118.31168017318495,2022
1661212800000,bottom,43.11721649388268,2022
1661241600021,bottom,-30.305417334344654,2022
1661328000021,bottom,191.37080318005607,2022
1661356800000,bottom,-51.48365001086107,2022
1661587200007,bottom,-107.16386664624976,2022
1661616000008,bottom,26.7593047884669,2022
1661673600000,bottom,-88.25730230053107,2022
1661731200000,bottom,342.6065682619146,2022
1661760000000,bottom,246.91543988343346,2022
1661788800001,bottom,-255.8213294007976,2022
1661875200010,bottom,176.90219863532985,2022
1662508800013,bottom,276.05598507064747,2022
1663113600000,bottom,11.553747221340739,2022
1663574400006,bottom,490.70037483658416,2022
1663804800000,bottom,483.6266122528505,2022
1663833600000,bottom,144.5943113139776,2022
1663948800005,bottom,202.66443760866682,2022
1667952000000,bottom,-1464.5319120255788,2022
1668009600004,bottom,172.08687548778536,2022
1668038400006,bottom,1110.0476310611025,2022
1668067200000,bottom,354.5310093714578,2022
1668096000015,bottom,-380.1751167883642,2022
1668124800000,bottom,-336.76568676450455,2022
1668153600015,bottom,-328.5784027501852,2022
1668182400027,bottom,27.665430156987426,2022
1668326400000,bottom,41.03491911896363,2022
1668412800000,bottom,-25.635362002233585,2022
1668470400014,bottom,168.3048542284611,2022
1668499200009,bottom,-36.93332699597306,2022
1668556800011,bottom,-148.813499111901,2022
1668614400008,bottom,50.102173502404995,2022
1668672000000,bottom,69.04706804074024,2022
1669075200000,bottom,278.2073803452951,2022
1669881600006,bottom,-94.40854333452363,2022
1669996800017,bottom,6.2746236190498585,2022
1670227200011,bottom,-198.2607037614852,2022
1672041600000,bottom,-0.3987598519909916,2022
1672646400008,bottom,0.1890678321265895,2023
1673683200001,top,51.27252715700871,2023
1673740800010,top,49.07991868641394,2023
1673769600002,top,-180.5655135208044,2023
1673798400000,top,-67.10707456978925,2023
1676563200001,top,369.7762950459422,2023
1677312000015,bottom,3.9665346234614276,2023
1677340800015,bottom,87.38072548951271,2023
1677628800016,bottom,202.19027857031625,2023
1677830400013,bottom,-19.94865372573583,2023
1677859200000,bottom,-20.093135366171953,2023
1677888000001,bottom,-9.789982846421395,2023
1678003200000,bottom,-6.5340438658438735,2023
1678406400000,bottom,-114.8144787483467,2023
1678435200000,bottom,-56.61805200405089,2023
1678464000005,bottom,20.66438572007347,2023
1678521600003,bottom,227.37705281287668,2023
1678550400011,bottom,125.07581875280295,2023
1678579200001,bottom,753.2730654215676,2023
1678636800005,bottom,1832.165191740412,2023
1678752000010,top,-257.72643915548053,2023
1678809600010,top,558.9216959378291,2023
1678867200000,top,82.56786083292789,2023
1678896000012,top,-215.17344346657572,2023
1679385600004,bottom,215.6488216923742,2023
1679414400003,bottom,162.90848675860238,2023
1679443200000,bottom,-316.1164171877,2023
1679472000003,bottom,-167.99631662754044,2023
1679529600016,bottom,375.0153462075041,2023
1679558400001,bottom,214.29398186672734,2023
1679702400015,bottom,2.992415402565797,2023
1679731200011,bottom,-4.061560080234493,2023
1679760000011,bottom,46.37812342765348,2023
1679788800000,bottom,170.94897959183686,2023
1679817600015,bottom,92.74124612676472,2023
1679932800000,bottom,23.845380965670913,2023
1679961600007,bottom,25.75667001963945,2023
1680220800003,bottom,142.9002562656596,2023
1680508800013,bottom,-5.0669939720064825,2023
1680566400002,bottom,118.81632535499187,2023
1680595200017,bottom,164.92906740542224,2023
1680624000008,bottom,-7.104458521351319,2023
1680796800000,bottom,-72.47495328765828,2023
1680854400005,bottom,77.98427852753267,2023
1680912000000,bottom,-1.7010678198252513,2023
1681027200024,bottom,127.34148921294053,2023
1681056000010,bottom,192.8552407871027,2023
1681430400001,bottom,13.600198932222764,2023
1681516800007,bottom,-69.54114018636369,2023
1681804800017,bottom,72.24596718691757,2023
1681920000000,bottom,-280.4228587053119,2023
1682726400004,bottom,-44.302409860567536,2023
1682928000008,bottom,-203.83800117512106,2023
1683936000000,bottom,-23.33225825718198,2023
1684137600005,bottom,-80.61994144745998,2023
1684166400008,bottom,-136.0340964727029,2023
1684598400020,bottom,-28.518368892817435,2023
1686009600000,bottom,567.8147894769577,2023
1686038400009,bottom,405.1307120167642,2023
1686787200000,bottom,169.37802890534994,2023
1687248000000,bottom,749.827788299507,2023
1687276800000,bottom,1004.0307080297113,2023
1688688000000,bottom,129.16303656863872,2023
1688745600000,bottom,-71.74694721454976,2023
1688947200000,bottom,70.25102826058017,2023
1689206400000,bottom,339.10543768543477,2023
1689264000000,bottom,98.35300212402154,2023
1689379200000,bottom,-15.288093720377415,2023
1689926400000,bottom,50.40639223358468,2023
1690012800000,bottom,-24.220372609401895,2023
1690041600000,bottom,-11.858385758264799,2023
1692345600000,bottom,-202.3291234156015,2023
1692403200000,bottom,-1.2887864823356452,2023
1692432000000,bottom,49.83980608755557,2023
1692460800000,bottom,-46.47671228689519,2023
1692489600000,bottom,23.931814782286025,2023
1692518400000,bottom,-40.3480862161547,2023
1692547200000,bottom,-70.34861006761804,2023
1692576000000,bottom,-34.40348464007358,2023
1692604800000,bottom,21.30049643726496,2023
1692633600000,bottom,-24.36984495346949,2023
1692662400000,bottom,-44.13178347997081,2023
1692691200000,bottom,-32.124619210563296,2023
1692748800000,bottom,132.65954938382964,2023
1692777600000,bottom,145.80928836305753,2023
1692835200000,bottom,-110.057043804737,2023
1692921600000,bottom,-57.564659125649996,2023
1693094400000,bottom,20.116565573423244,2023
1693180800000,bottom,-5.451943053841767,2023
1693324800000,bottom,-98.06272793581304,2023
1693670400000,bottom,-25.435459195501263,2023
1693843200000,bottom,-41.53903299648752,2023
1693872000000,bottom,-29.960331603006583,2023
1693987200000,bottom,-2.4894772044985345,2023
1694131200000,bottom,-140.52485513876212,2023
1694188800000,bottom,8.613220990026495,2023
1694217600000,bottom,-16.509642819912283,2023
1694246400000,bottom,-25.941613625033874,2023
1694390400000,bottom,-276.0792159686025,2023
1694534400000,bottom,-2.6248687851897365,2023
1694707200000,bottom,-151.86899072251833,2023
1694736000000,bottom,25.160058249645417,2023
1694764800000,bottom,-40.289820792310124,2023
1694822400000,bottom,-38.01316778402496,2023
1694851200000,bottom,-13.358015739945316,2023
1694880000000,bottom,2.758258348932298,2023
1695052800000,bottom,20.947212473916963,2023
1695110400001,bottom,73.07570148453136,2023
1695139200000,bottom,-82.70089530422119,2023
1695168000000,bottom,-42.76935585338747,2023
1695196800000,bottom,-53.915074309978536,2023
1695513600000,bottom,-144.980034862751,2023
1695600000000,bottom,15.717625336658227,2023
1695686400000,bottom,-48.04167918665158,2023
1695888000000,bottom,252.96770972792547,2023
1695916800000,bottom,-88.22451994091529,2023
1695945600000,bottom,-65.48057542774143,2023
1695974400000,bottom,-98.64930214054367,2023
1696176000000,bottom,314.0392467629167,2023
1696435200000,bottom,49.45798555582371,2023
1696464000000,bottom,-141.98853038331725,2023
1696492800000,bottom,-3.0904873398911334,2023
1696521600001,bottom,122.8978525827047,2023
1696608000000,bottom,-11.098749955228847,2023
1697558400000,bottom,-87.69901547116697,2023
1697587200000,bottom,-46.943995208145616,2023
1697731200000,bottom,288.94997802688295,2023
1697760000000,bottom,319.55400696864154,2023
1699545600000,top,11.528438680689767,2023
1699603200000,top,-162.91280233790604,2023
1699689600000,top,-42.14734853596068,2023
1699718400000,top,-37.79855052542901,2023
1699747200000,top,7.383959071908933,2023
1699776000000,top,31.26457710452125,2023
1699804800001,top,76.6942924958143,2023
1699833600000,top,154.2844581499232,2023
1699862400000,top,62.36972136540909,2023
1699891200000,top,185.64976578764725,2023
1699920000000,top,235.0020178978758,2023
1699948800000,top,275.22377862408143,2023
1699977600001,top,-87.36375874546385,2023
1700121600000,top,312.8512590695694,2023
1700150400001,top,81.49548561811672,2023
1702022400000,top,-246.85033991568227,2023
1702051200000,top,-65.51738170483533,2023
1702080000000,top,98.01721394474174,2023
1702108800000,top,35.25050143703924,2023
1702137600000,top,21.430768324030694,2023
1702166400000,top,-24.44628733919195,2023
1702195200000,top,413.5868024388074,2023
1702224000000,top,469.23509539809794,2023
1702252800000,top,566.7281022439514,2023
1702425600000,top,-357.66331598950194,2023
1702454400000,top,-445.193886600818,2023
1702483200001,top,-145.0907388122473,2023
1702857600000,top,-307.1914431534377,2023
1702915200000,top,-301.9015535892737,2023
1703088000000,top,35.65250054438597,2023
1703116800000,top,-66.85189561521797,2023
1703145600000,top,14.212994412183392,2023
1703174400000,top,24.205961132956602,2023
1703203200000,top,-37.416856492028955,2023
1703232000000,top,7.631644004944661,2023
1703260800000,top,-34.84672962638257,2023
1703289600000,top,50.45044406265143,2023
1703347200000,top,11.484688634650475,2023
1703404800000,top,84.53378612008635,2023
1703433600000,top,-9.99353470972618,2023
1703520000000,top,261.1140009940023,2023
1703548800000,top,234.4597330203897,2023
1703577600000,top,53.18045455501698,2023
1703606400000,top,-141.50614097271074,2023
1703635200000,top,-219.7360711532308,2023
1703664000000,top,-154.5175923507218,2023
1703692800000,top,117.87728041188618,2023
1703750400000,top,158.87073566952915,2023
1703779200000,top,7.420996818664051,2023
1703808000001,top,124.05536280264818,2023
1703836800000,top,69.92942748983944,2023
1703865600000,top,-43.21304266710223,2023
1703894400001,top,-47.11313376707537,2023
1703923200000,top,-155.7490479808148,2023
1703952000000,top,-25.608795369666414,2023
1703980800000,top,-44.61415501851794,2023
1704009600001,top,-5.970624694790359,2023
1704038400000,top,-89.49903450611683,2023
1704067200000,top,-463.2120599358862,2024
1704096000000,top,-719.3930201335957,2024
1704124800000,top,-588.4419103555009,2024
1704153600000,top,-195.28793787514087,2024
1704182400000,top,89.35815158902695,2024
1704211200000,top,496.58634977891313,2024
1705190400000,bottom,-265.6957895867089,2024
1705219200000,bottom,-84.58653998122,2024
1705248000001,bottom,-160.06833129619966,2024
1705276800000,bottom,170.6366768750407,2024
1705305600000,bottom,-5.924440855306511,2024
1705334400000,bottom,222.79537711112087,2024
1705363200000,bottom,131.45941853849388,2024
1705392000000,bottom,-41.62185424267871,2024
1705420800001,bottom,-223.08950542600334,2024
1705449600000,bottom,-105.92893177515371,2024
1705478400000,bottom,52.46668808735879,2024
1705507200000,bottom,7.720713512496381,2024
1705536000001,bottom,-367.8624863206519,2024
1705564800000,bottom,-392.693096434638,2024
1705593600000,bottom,-406.6145262678371,2024
1705622400000,bottom,84.5212125911361,2024
1705651200000,bottom,71.67436476744517,2024
1705680000002,bottom,153.10095968163864,2024
1705708800000,bottom,-10.544848585187104,2024
1705737600003,bottom,-6.652179133150181,2024
1705766400000,bottom,7.41296711545726,2024
1705795200000,bottom,-36.90645770220645,2024
1705824000000,bottom,-172.32971274534978,2024
1705852800000,bottom,-231.8975622170043,2024
1705881600000,bottom,-495.03414287019365,2024
1705910400000,bottom,-307.485657422019,2024
1705939200000,bottom,-391.24874217695435,2024
1705968000000,bottom,58.50933832387396,2024
1705996800000,bottom,36.53144709400215,2024
1706025600000,bottom,195.1670301138282,2024
1706054400000,bottom,28.400080236697505,2024
1706083200000,bottom,17.801510571753955,2024
1706112000000,bottom,-67.18776856200746,2024
1706140800000,bottom,-36.84581447201228,2024
1706169600001,bottom,-52.296801457123884,2024
1706198400000,bottom,385.2957445793177,2024
1706227200001,bottom,446.14243338297956,2024
1706256000000,bottom,410.9054375888095,2024
1706284800000,bottom,81.64085410180834,2024
1706313600000,bottom,65.01117549767855,2024
1706342400000,bottom,160.19328519561185,2024
1706371200000,bottom,96.47609022772242,2024
1706400000000,bottom,-44.91975587166562,2024
1706428800000,bottom,-95.37176281900138,2024
1706457600000,bottom,73.71327908534188,2024
1706486400000,bottom,290.0105958245576,2024
1706515200001,bottom,287.8587996975697,2024
1706544000000,bottom,159.5962883560771,2024
1706572800000,bottom,-79.19477517050065,2024
1706601600000,bottom,-79.55947081668955,2024
1706630400001,bottom,-18.129638345190536,2024
1706659200000,bottom,-95.53957135876078,2024
1706688000000,bottom,-217.8066832982588,2024
1706716800000,bottom,-203.2801955764656,2024
1706745600000,bottom,94.90935794625412,2024
1706774400000,bottom,199.83248129143607,2024
1706803200002,bottom,175.41663905319928,2024
1706832000000,bottom,9.000083552271455,2024
1706860800000,bottom,-19.59489262913493,2024
1706889600000,bottom,-51.29274108578595,2024
1706918400000,bottom,-63.298497889357364,2024
1706947200000,bottom,-68.77237409670988,2024
1706976000001,bottom,-61.75290019435108,2024
1707004800000,bottom,-108.75717310869602,2024
1707033600004,bottom,53.060186049987536,2024
1707062400000,bottom,-77.92545136866713,2024
1707091200000,bottom,15.507256999750098,2024
1707120000000,bottom,-52.50805094482879,2024
1707148800000,bottom,125.10707000605038,2024
1707177600000,bottom,76.62715207278416,2024
1707206400001,bottom,-9.779055721127904,2024
1707235200000,bottom,-63.46362377121427,2024
1707264000000,bottom,286.1511201695517,2024
1707292800000,bottom,369.5940286815398,2024
1707321600000,bottom,545.0053451080635,2024
1707350400000,bottom,196.81194375643486,2024
1707379200000,bottom,360.9466735523277,2024
1707408000000,bottom,356.72414901156316,2024
1707436800000,bottom,386.4264269964497,2024
1707465600000,bottom,192.35446221235253,2024
1707494400001,bottom,18.677867477568512,2024
1707523200001,bottom,96.24696932119937,2024
1707552000000,bottom,198.38157437171833,2024
1707580800000,bottom,162.2396571979141,2024
1707609600000,bottom,96.47560827530889,2024
1707638400001,bottom,3.338579897629991,2024
1707667200000,bottom,345.14429930837156,2024
1707696000000,bottom,329.852950372614,2024
1707724800000,bottom,352.01066002160286,2024
1707753600000,bottom,-234.49892366219348,2024
1707782400000,bottom,-72.33308310562613,2024
1707811200000,bottom,-40.79903523473137,2024
1707840000000,bottom,579.0360535587287,2024
1707868800000,bottom,417.688718585832,2024
1707897600000,bottom,369.0527915809401,2024
1707955200000,bottom,4.375895149302934,2024
1707984000000,bottom,-16.56865850361221,2024
1708012800000,bottom,-30.870218581862552,2024
1708041600000,bottom,35.574006496835295,2024
1708070400000,bottom,14.668185075930719,2024
1708099200000,bottom,-194.9917259824201,2024
1708128000000,bottom,-102.42109299360578,2024
1708156800000,bottom,-50.195102970155716,2024
1708473600000,bottom,-98.16327139309065,2024
1708531200000,bottom,76.07881652038252,2024
1708560000001,bottom,-118.94162838862064,2024
1708646400000,bottom,-118.53830700552835,2024
1708675200000,bottom,20.37734982242091,2024
1708732800000,bottom,143.98158489614744,2024
1708761600001,bottom,107.6954815588589,2024
1708790400000,bottom,72.78096609360475,2024
1708992000000,top,-475.0900291481057,2024
1709020800000,top,-389.31767019920005,2024
1709136000000,top,-310.5630114566276,2024
1709164800000,top,175.11064678050704,2024
1709193600000,top,199.36148221032357,2024
1709222400000,top,221.328713123093,2024
1709251200000,top,-209.80771088741676,2024
1709280000000,top,-114.94552032901217,2024
1709308800000,top,-77.37139741012354,2024
1709337600000,top,56.04491454072226,2024
1709366400001,top,49.154743606870234,2024
1709395200000,top,-79.75456804182478,2024
1709424000000,top,-208.111218216344,2024
1709452800000,top,-396.696612470077,2024
1709481600000,top,-711.8609067081476,2024
1709510400000,top,-802.430886389797,2024
1709539200000,top,-383.8388010152742,2024
1709568000000,top,-90.82150641656449,2024
1709596800000,top,628.0927815861477,2024
1709625600000,top,-59.13205639701701,2024
1709654400000,top,56.74997055811494,2024
1709740800000,top,-135.9847252603712,2024
1709827200000,top,-73.77525690011198,2024
1709913600000,top,-92.05703737124637,2024
1710057600000,top,-308.72538327403265,2024
1710086400000,top,-420.22971159811175,2024
1710144000000,top,-117.7282588171129,2024
1710172800000,top,17.74880456739082,2024
1710259200000,top,-114.41766516410976,2024
1710316800001,top,-62.87845320518336,2024
1710547200000,bottom,-575.8025997929366,2024
1710950400000,bottom,450.42435748491164,2024
1711094400000,bottom,-243.81166764025173,2024
1711152000000,bottom,37.03449574215713,2024
1711180800000,bottom,-38.90444541260794,2024
1711929600000,top,206.8201892744488,2024
1712044800015,bottom,-87.87912708230803,2024
1712102400000,bottom,52.824355257133476,2024
1712131200000,bottom,-30.594349759926352,2024
1712160000000,bottom,243.06554875736697,2024
1712188800000,bottom,352.1326190465375,2024
1712217600000,bottom,127.49836581271114,2024
1712246400000,bottom,70.507042253521,2024
1712275200000,bottom,-91.62140408755447,2024
1712304000000,bottom,134.0027465966094,2024
1712332800000,bottom,-21.566093344477665,2024
1712361600000,bottom,144.22579599247933,2024
1712390400000,bottom,189.93183640147862,2024
1712419200000,bottom,205.49480097553266,2024
1712448000000,bottom,48.269680526940704,2024
1712476800000,bottom,194.44775615937118,2024
1712505600000,bottom,304.6097135111554,2024
1712534400001,bottom,330.09160393412463,2024
1712563200000,bottom,-81.99320491584493,2024
1712764800000,bottom,180.8651845428895,2024
1712966400000,bottom,-482.1848596980398,2024
1712995200000,bottom,-463.72325065202546,2024
1713024000001,bottom,-529.3413554976627,2024
1713052800000,bottom,224.5549741166759,2024
1713081600000,bottom,273.68556728240526,2024
1713110400000,bottom,44.83552993245944,2024
1713139200000,bottom,-346.6517616769409,2024
1713168000001,bottom,-436.0070233896689,2024
1713196800000,bottom,-445.19210660358175,2024
1713225600001,bottom,39.823064770932575,2024
1713254400000,bottom,-14.535777318338981,2024
1713283200000,bottom,-252.73241259691702,2024
1713312000000,bottom,-411.1573610427404,2024
1713340800000,bottom,-364.3698637476804,2024
1713369600000,bottom,503.96698497101886,2024
1713398400000,bottom,330.96551161177,2024
1713427200000,bottom,522.1041930347432,2024
1713456000000,bottom,142.173666377748,2024
1713484800001,bottom,39.08318101317377,2024
1713513600000,bottom,-98.9567233768167,2024
1713542400000,bottom,50.19327809328746,2024
1713600000000,bottom,168.5313325131206,2024
1713628800000,bottom,14.846880266175656,2024
1713657600000,bottom,-3.3435898068583256,2024
1713686400000,bottom,126.52417528598536,2024
1713744000000,bottom,270.18167785348555,2024
1713772800000,bottom,-5.6578349735041265,2024
1713801600000,bottom,57.4886650446811,2024
1713830400000,bottom,-61.740025824851706,2024
1713859200000,bottom,57.46195981853066,2024
1713888000001,bottom,-271.9209532883864,2024
1713916800000,bottom,-351.6796957195127,2024
1713945600000,bottom,-398.24392625136085,2024
1714032000000,bottom,16.19401961595891,2024
1714060800010,bottom,-128.93304009494997,2024
1714089600001,bottom,-134.67257992272374,2024
1714118400000,bottom,-205.33316514204358,2024
1714147200000,bottom,-91.11316550095937,2024
1714233600000,bottom,75.29067752597052,2024
1714262400000,bottom,-89.80640839953912,2024
1714291200000,bottom,-252.4107410773939,2024
1714320000000,bottom,-101.77632778224631,2024
1714348800000,bottom,118.1420801300932,2024
1714665600002,bottom,421.703372184213,2024
1714694400000,bottom,623.3435014677952,2024
1714723200000,bottom,626.2129817444213,2024
1714780800000,bottom,170.29341715952896,2024
1714896000000,bottom,114.13470152650552,2024
1714953600000,bottom,-153.80661386819082,2024
1714982400000,bottom,-158.3966118399631,2024
1715068800000,bottom,-230.7808197638954,2024
1715241600000,bottom,276.6370585499962,2024
1715299200000,bottom,-375.5970775421673,2024
1715472000000,bottom,104.15072155687112,2024
1715500800000,bottom,263.7517418064801,2024
1715760000000,bottom,615.6121158312595,2024
1715788800000,bottom,147.13189246959703,2024
1715817600004,bottom,-171.2821215064346,2024
1715932800000,bottom,55.713295407451966,2024
1715961600000,bottom,-74.13628113190617,2024
1715990400000,bottom,-4.759831882765063,2024
1716048000000,bottom,-8.536729641458894,2024
1720195200000,bottom,101.79360421954732,2024
1720512000001,bottom,307.10147919418574,2024
1721059200000,bottom,284.64749023716496,2024
1721088000000,bottom,27.160913979407795,2024
1721174400000,bottom,-143.14924665505035,2024
1721260800000,bottom,-36.86174104789707,2024
1721289600000,bottom,-161.16801346384645,2024
1721433600001,bottom,46.05673023469882,2024
1721520000000,bottom,143.3955350241918,2024
1721577600000,bottom,-21.42116133723769,2024
1722931200000,bottom,167.61838662452467,2024
1722988800000,bottom,-189.9419343442725,2024
1723017600001,bottom,26.715338805390466,2024
1723132800000,bottom,74.92267857022462,2024
1723190400000,bottom,-31.936807248311037,2024
1723248000000,bottom,8.184589609777206,2024
1723276800000,bottom,63.256990153229395,2024
1723305600000,bottom,-86.26510535700447,2024
1723363200000,bottom,-427.5158481206114,2024
1723392000001,bottom,-0.7449756630422009,2024
1723420800000,bottom,87.54316308401023,2024
1723478400000,bottom,-116.12353701999022,2024
1723536000000,bottom,265.5266612046321,2024
1723564800000,bottom,-39.78169146732034,2024
1723593600000,bottom,-311.33716326372115,2024
1723622400000,bottom,-476.73532814472,2024
1723651200000,bottom,51.01707203979245,2024
1723680000000,bottom,-230.39206953963708,2024
1723737600000,bottom,-290.2463333283072,2024
1723766400000,bottom,224.21331314871406,2024
1723795200000,bottom,118.8355706420381,2024
1723824000000,bottom,215.46345967979508,2024
1723910400000,bottom,61.148208030180186,2024
1723968000000,bottom,-184.31446160361673,2024
1723996800000,bottom,-239.75231268659456,2024
1724025600000,bottom,156.851931179834,2024
1724054400000,bottom,401.29673456058623,2024
1724083200002,bottom,18.81989569426935,2024
1724112000000,bottom,-77.56345909112271,2024
1724198400001,bottom,335.0287358754074,2024
1724227200000,bottom,190.00681027165746,2024
1724284800000,bottom,-145.55075841203677,2024
1724342400008,bottom,161.56472934737278,2024
1724371200000,bottom,601.97763455971,2024
1724428800000,bottom,397.7862520857929,2024
1724544000000,bottom,6.548137561744451,2024
1724572800000,bottom,-54.68651642265664,2024
1724803200000,bottom,-74.79180995482659,2024
1725177600001,bottom,-169.53301784336892,2024
1725235200001,bottom,291.60529429627616,2024
1725696000000,bottom,10.932049569263981,2024
1725724800000,bottom,-211.25129957986144,2024
1725782400000,bottom,90.07552552442078,2024
1725811200000,bottom,299.23923304164447,2024
1725840000000,bottom,387.12207595001337,2024
1725868800000,bottom,383.60592333860865,2024
1725897600001,bottom,213.8204317586474,2024
1725926400000,bottom,98.3197242981555,2024
1726012800000,bottom,-66.29987575742778,2024
1726070400000,bottom,134.7659310135503,2024
1726272000000,bottom,-99.08893331283018,2024
1731225600000,top,-289.57131100842014,2024
1731254400000,top,-562.1232484571397,2024
1731283200001,top,-1040.965316804853,2024
1731369600002,top,69.58088432658283,2024
1731398400000,top,192.77819715434586,2024
1731427200000,top,-702.271476855118,2024
1731484800010,top,-425.72736668186883,2024
1731513600000,top,471.4405580679011,2024
1731686400000,top,-251.4889758259635,2024
1731772800000,top,7.249712841717727,2024
1731801600000,top,77.32661781651952,2024
1731859200001,top,-264.4386576302098,2024
1731916800000,top,2.1642681505136387,2024
1731945600000,top,-17.059985446145497,2024
1731974400000,top,-215.3413180532231,2024
1732003200000,top,-135.095760176535,2024
1732032000000,top,-256.72421859123705,2024
1732435200000,top,37.175534825455,2024
1732464000000,top,-24.552659019811284,2024
1732492800000,top,490.343850956015,2024
1732550400000,top,303.63144627358855,2024
1732579200000,top,88.01164864922951,2024
1732608000000,top,1.3830890565642697,2024
1732636800000,top,-301.24533871819835,2024
1732665600000,top,-422.9407406683621,2024
1732694400000,top,-204.93948294301555,2024
1732780800000,top,-52.036447051965624,2024
1732809600000,top,-336.64844981608087,2024
1732838400000,top,-196.10587332174066,2024
1732896000000,top,141.9458358786392,2024
1732953600000,top,19.210137766307433,2024
1733011200000,top,-103.46525145574257,2024
1733040000000,top,43.18205111468255,2024
1733097600001,top,144.64338225471397,2024
1733126400001,top,24.441058259722773,2024
1733212800000,top,-133.86134754036203,2024
1733270400000,top,-292.53183763954627,2024
1733299200000,top,-614.7276471810652,2024
1733328000000,top,-615.7295809301215,2024
1733356800001,top,169.87097101186245,2024
1733385600000,top,398.1205737464295,2024
1733414400000,top,198.01879839597092,2024
1733529600000,top,-20.658122909950492,2024
1733702400000,top,374.874629812439,2024
1734768000000,bottom,-291.1115121609324,2024
1735516800000,bottom,-110.07057775822491,2024
1735920000000,bottom,-5.075892820551196,2025
1736006400000,bottom,12.830344392705374,2025
1736265600008,bottom,-304.4324824273108,2025
1736438400000,bottom,-78.53454986620754,2025
1736467200000,bottom,211.3859893093213,2025
1736496000000,bottom,-38.57683807652877,2025
1736524800000,bottom,73.71957938189078,2025
1736553600000,bottom,-19.019348266687153,2025
1736582400000,bottom,-10.7319914692232,2025
1736611200000,bottom,57.357313965827444,2025
1736640000000,bottom,-18.37695522501724,2025
1736668800000,bottom,-89.16085441111375,2025
1736697600000,bottom,-350.8033648790747,2025
1736726400000,bottom,-22.546203972925603,2025
1736755200000,bottom,120.65969571183624,2025
1736784000000,bottom,458.1264023852778,2025
1736899200000,bottom,396.93918153974454,2025
1736956800000,bottom,-0.9192516116256364,2025
1736985600000,bottom,-69.54555123214011,2025
1737014400000,bottom,163.8681884534561,2025
1737043200000,bottom,453.8221689103035,2025
1737072000004,bottom,396.1717800615101,2025
1737129600008,bottom,47.01439805061837,2025
1737158400000,bottom,20.989046113891305,2025
1737676800000,bottom,66.91635849414746,2025
1737705600000,bottom,-91.81397720958205,2025
1737763200000,bottom,-2.963305618967503,2025
1737964800000,bottom,360.8929310233362,2025
1737993600000,bottom,167.75247524752524,2025
1738051200000,bottom,-12.94852750038865,2025
1738281600000,bottom,-247.7046978712187,2025
1738396800000,bottom,-265.98367628282983,2025
1738454400001,bottom,-309.54460172343863,2025
1738483200000,bottom,-447.73844917637626,2025
1738512000000,bottom,-49.36938956582802,2025
1738598400000,bottom,32.30916369612103,2025
1738627200000,bottom,-369.6537128603043,2025
1738684800000,bottom,-152.33739596526783,2025
1738713600001,bottom,-142.89261947385933,2025
1738742400001,bottom,23.09727377461114,2025
1738771200000,bottom,-94.4371865653064,2025
1738800000001,bottom,-5.082285337868907,2025
1738828800001,bottom,-172.46325575332054,2025
1738972800000,bottom,-6.036918796298739,2025
1739001600000,bottom,86.18752676726139,2025
1739030400000,bottom,53.194228685820704,2025
1739059200000,bottom,-7.101387814042891,2025
1739116800000,bottom,60.78052077847019,2025
1739145600000,bottom,84.19339495991785,2025
1739289600000,bottom,-138.0153091557672,2025
1739318400000,bottom,204.70337825051766,2025
1739462400001,bottom,93.99210465610275,2025
1739577600000,bottom,-1.1998981740106593,2025
1739606400000,bottom,-34.88117961717373,2025
1739692800000,bottom,-129.98740596415635,2025
1739808000000,bottom,-35.53158558178103,2025
1740009600000,bottom,170.35188934537106,2025
1740096000001,bottom,-259.3858655383423,2025
1740124800000,bottom,-206.6918692486601,2025
1740153600000,bottom,-156.02146537270698,2025
1740326400000,bottom,-140.3267770008547,2025
1740355200000,bottom,-478.42340666535074,2025
1740499200000,bottom,17.461792381981546,2025
1740643200000,bottom,-836.3469566336083,2025
1740758400000,bottom,89.69487485101247,2025
1740787200000,bottom,184.29645159338494,2025
1740816000000,bottom,149.02591191882155,2025
1740844800001,bottom,333.19748213405177,2025
1740873600000,bottom,953.8293789017878,2025
1740902400000,bottom,688.8012693578223,2025
1740931200000,bottom,269.4930412959169,2025
1740960000001,bottom,-868.6565096511149,2025
1740988800000,bottom,-982.9649675139111,2025
1741046400001,bottom,119.16995648580132,2025
1741075200005,bottom,505.0915387875084,2025
1741305600000,bottom,-361.9612938554999,2025
1741334400001,bottom,-244.7714096339819,2025
1741478400001,bottom,-637.2663511377378,2025
1741996800000,bottom,25.01227630739301,2025
1742025600000,bottom,36.80592827286124,2025
1742054400000,bottom,-133.99796010583765,2025
1742630400004,bottom,-7.884670829049632,2025
1742716800000,bottom,295.7924313573319,2025
1742832000000,bottom,-74.52269601100502,2025
1742860800001,bottom,-27.739453739454177,2025
1742918400000,bottom,-147.42308695508453,2025
1742947200000,bottom,-64.44012038772361,2025
1743004800001,bottom,23.484073600468903,2025
1743091200002,bottom,-341.44267192667877,2025
1743148800001,bottom,-183.40178746473688,2025
1743552000001,bottom,-331.7069255267884,2025
1743955200002,bottom,-521.849319272774,2025
1744185600001,bottom,470.41417096804605,2025
1744358400000,bottom,302.6880036704578,2025
1744675200000,bottom,-137.91381922076118,2025
1745078400000,bottom,-115.18079490808007,2025
1745136000000,bottom,301.58571850103243,2025
1745164800000,bottom,429.1689976261355,2025
1745337600000,bottom,218.24796279986305,2025
1745366400000,bottom,-11.778233524747815,2025
1745452800000,bottom,10.401964972233792,2025
1745510400001,bottom,190.1508053729424,2025
1745539200007,bottom,69.91963065133679,2025
1745625600002,bottom,-17.93071377324139,2025
1745654400000,bottom,-66.97873128210063,2025
1745856000005,bottom,113.93769099063601,2025
1745971200001,bottom,-27.21851823168796,2025
1746028800003,bottom,314.1247170098789,2025
1746115200001,bottom,28.72587360073299,2025
1746144000000,bottom,24.277799601778014,2025
1746172800000,bottom,-21.568026592945643,2025
1746201600003,bottom,-115.4607971831738,2025
1746230400000,bottom,-125.27723592178285,2025
1746403200000,bottom,39.3538526852051,2025
1746748800001,top,-3.861377377967644,2025
1746777600006,top,-31.713056211683398,2025
1746835200001,top,-180.83063553556644,2025
1746864000000,top,18.346088695923704,2025
1746921600000,top,42.47239169992435,2025
1746979200001,top,123.47705113166364,2025
1747036800000,top,150.52468253276732,2025
1747123200008,top,-113.5267538389788,2025
1747180800007,top,37.58441273684922,2025
1747584000000,top,61.72995552036943,2025
1747699200000,top,-136.6110650396861,2025
1747785600000,top,-279.5089311294656,2025
1747872000001,top,-207.84850898409357,2025
1747900800000,top,13.060029140184572,2025
1747929600002,top,182.7761045900651,2025
1747958400006,top,389.15506425804614,2025
1748016000007,top,8.824559923410035,2025
1748131200004,top,-124.0652575491745,2025
1748246400000,top,22.34097847244444,2025
1748275200002,top,-17.980768706433047,2025
1748534400000,top,126.77991117491416,2025
1748649600000,top,-65.79679128968218,2025
1749168000002,bottom,258.2552206646256,2025
1749196800000,bottom,153.58514508210087,2025
1749225600006,bottom,40.60769061485182,2025
1749254400000,bottom,105.18680207816834,2025
1749283200000,bottom,36.3289307438437,2025
1749398400000,bottom,147.29321567787125,2025
1749542400001,top,-37.48206836359168,2025
1749600000000,top,134.86720819994648,2025
1749945600005,bottom,-0.228522997226964,2025
1750579200000,top,41.36090998458532,2025
1750665600004,bottom,285.0494960876622,2025
1750809600005,bottom,108.1059383386236,2025
1751212800001,top,5.076440364076408,2025
1752105600003,top,-441.211248913133,2025
1752134400000,top,-596.0318579230554,2025
1752192000004,top,-151.58402283437832,2025
1752220800007,top,-21.837850014833503,2025
1752249600001,top,-19.94197384676587,2025
1752278400000,top,-3.901198498877255,2025
1752307200001,top,-35.13372944918979,2025
1752336000002,top,-147.2006083702164,2025
1752364800006,top,-146.6410658307209,2025
1752393600001,top,-409.3963244848713,2025
1752422400003,top,-119.54594752299806,2025
1752480000000,top,466.3087984739418,2025
1752508800000,top,269.89232171291854,2025
1754006400001,bottom,-217.81575318721534,2025
1755504000001,bottom,-39.79028299889208,2025
1756483200005,bottom,27.986357203458446,2025
1756598400016,bottom,-59.941807044410645,2025
1756857600006,bottom,25.755516605994856,2025
1757721600005,bottom,-25.096013711812127,2025
1757980800001,bottom,111.11527313769255,2025
1758240000000,bottom,-144.99004420999427,2025
1758355200000,bottom,-23.957864598929554,2025
1758384000002,bottom,-52.82388052492081,2025
1758412800000,bottom,-53.66273700561018,2025
1758758400000,bottom,-395.7325081948686,2025
1758787200001,bottom,-233.25730492239447,2025
1758931200000,bottom,-9.664080328616752,2025
1759132800002,bottom,144.2834750514972,2025
1759161600001,bottom,-72.5905569530809,2025
1759968000001,bottom,-144.5796362951839,2025
1760025600000,bottom,-206.05167377709387,2025
1760054400005,bottom,-776.5859652151756,2025
1760112000014,bottom,-604.810585626339,2025
1760198400000,bottom,113.30475526226303,2025
1760227200004,bottom,370.8037196908449,2025
1760284800000,bottom,71.02733147503383,2025
1760313600003,bottom,14.971435593903028,2025
1760371200003,bottom,-172.9901015896378,2025
1760400000000,bottom,-197.00461617608232,2025
1760428800000,bottom,54.61528710999431,2025
1760457600000,bottom,-177.36008365058885,2025
1760486400006,bottom,-213.09446187755253,2025
1760544000000,bottom,-244.7011361800848,2025
1760572800000,bottom,-258.7280012495512,2025
1760601600003,bottom,-463.811334413146,2025
1760630400002,bottom,-148.65464490750367,2025
1760659200001,bottom,-164.46140943480225,2025
1760688000005,bottom,91.11455155293615,2025
1760716800003,bottom,-20.05678233438489,2025
1760745600000,bottom,55.815820469845136,2025
1760774400002,bottom,2.4554801906025006,2025
1760803200001,bottom,122.16378935436657,2025
1760832000001,bottom,109.55114354795305,2025
1760918400004,bottom,165.38703668027412,2025
1760947200001,bottom,-292.76587303015896,2025
1761004800009,bottom,-204.56036192342418,2025
1761062400000,bottom,-448.35622895325764,2025
1761091200004,bottom,-86.34523363347178,2025
1762646400004,bottom,200.60717789604678,2025
1762848000000,bottom,-178.74590305461945,2025
1763913600003,bottom,-52.707484633554444,2025
1764028800000,bottom,-115.563412231368,2025
1764086400007,bottom,-11.930853729750655,2025
1764201600013,bottom,75.32156093741206,2025
1764345600008,bottom,-143.2528967669948,2025
1764374400000,bottom,-17.875542245612706,2025
1764633600004,bottom,570.0274591056782,2025
1764720000000,bottom,203.96921190356366,2025
1765036800008,bottom,-56.20795857849846,2025
1765440000000,bottom,230.59546351522255,2025
1765670400000,top,207.24183260173623,2025
1766131200001,top,-53.51063660447396,2025
1766160000000,top,-32.31978479935215,2025
1767772800001,top,246.32399129704118,2026
1767916800003,bottom,-60.318726894195585,2026
1768291200009,top,-371.5909046892112,2026
1768608000000,bottom,-58.6121486178197,2026
1768953600001,top,-126.68707240794207,2026
1769817600000,top,644.2612258957255,2026
1769904000001,bottom,-255.90359205980337,2026
1769990400000,bottom,213.6852111870342,2026
1770019200014,bottom,264.14878775388905,2026
1770048000000,bottom,-113.11458148236684,2026
1770076800000,bottom,-396.69252525457875,2026
1770134400000,bottom,-512.1366985143587,2026
1770307200007,bottom,162.92301997971782,2026
1770336000000,bottom,1144.1441633324175,2026
1770364800001,bottom,492.0575759495922,2026
1770393600000,bottom,73.35058452646882,2026
1770422400003,bottom,-151.79785657279552,2026
1770451200000,bottom,219.59258665827997,2026
1770480000010,bottom,248.73932508628081,2026
1770508800003,bottom,157.81807803633208,2026
1770537600000,bottom,101.14296631033983,2026
1770566400000,bottom,-244.9340562002804,2026
1770595200002,bottom,-43.975806256845594,2026
1770652800007,bottom,-65.25414280325646,2026
1770681600000,bottom,-210.73103210384735,2026
1770710400007,bottom,-291.1765620648037,2026
1770739200000,bottom,-425.17445212588643,2026
1770796800006,bottom,17.824563549909257,2026
1770912000001,bottom,231.45888388462834,2026
1771084800002,bottom,-114.5098638211821,2026
1771171200000,bottom,-236.1436909627561,2026
1771228800003,bottom,-32.90042132189018,2026
1771257600000,bottom,-40.78058289242169,2026
1771459200013,bottom,72.93804797714533,2026
1771516800003,bottom,194.83793692882958,2026
1771833600000,bottom,-439.3356595615565,2026
1772064000000,bottom,-82.39253958501823,2026
1772179200000,bottom,-594.1976625896044,2026
1772265600000,bottom,522.7270215755071,2026
1772294400004,bottom,307.75688689584535,2026
1772582400001,bottom,652.7135625958088,2026
1772784000001,bottom,-460.362119127629,2026
1772899200001,bottom,-110.01363535165386,2026
1772928000001,bottom,-205.49242841880132,2026
1773014400000,bottom,353.85424671653243,2026
1773043200004,bottom,416.65055817121055,2026
1773072000003,bottom,333.03144577297616,2026
1773187200000,bottom,40.282734394253126,2026
1773216000007,bottom,6.397441491926127,2026
1773244800010,bottom,-15.408823504298606,2026
1773273600000,bottom,18.402347674054255,2026
1773302400000,bottom,239.50172347375687,2026
1773331200000,bottom,213.14978761203096,2026
1773504000007,bottom,114.1322435901977,2026
1773561600000,bottom,282.87414746614627,2026
1773792000002,bottom,-391.70664301916446,2026
1773820800002,bottom,-515.3864998626361,2026
1774166400007,bottom,-74.22187465477447,2026
1774195200002,bottom,191.60989509432082,2026
1774598400000,bottom,-309.18236791341025,2026
1774627200000,bottom,136.27272727272668,2026
1774656000005,bottom,-1.3783450401565354,2026
1774684800005,bottom,12.316145835683091,2026
1775145600001,bottom,-12.727929578181683,2026
1775433600004,top,82.04803408647888,2026
1775577600000,top,-473.974501285938,2026
1775865600000,bottom,-4.549111698798779,2026
1775894400000,bottom,-157.98584629861654,2026
1775923200003,bottom,-280.2960897078326,2026
1775952000000,bottom,-337.9320233349463,2026
1776096000000,bottom,465.14066120325896,2026
1776124800005,bottom,-36.502068846926846,2026
1776211200000,bottom,64.25578292174562,2026
1776268800000,bottom,115.99461745273999,2026
1776441600001,bottom,-239.3151956251387,2026
1776470400001,bottom,-202.6459802538787,2026
1776499200006,bottom,-248.52035714656927,2026
1776556800002,bottom,-265.7573066962631,2026
1776585600010,bottom,-73.7786606280426,2026
1776614400001,bottom,-29.439089555963072,2026
1776729600000,bottom,52.686722823907644,2026
1776902400000,bottom,-14.01277873618366,2026
1777017600000,bottom,-30.703247982656766,2026
1777276800000,bottom,-115.22980815817529,2026
1777392000004,top,4.160204299009219,2026
1777852800000,top,-189.85559209561507,2026
1777996800000,bottom,7.1201146695816355,2026
1778025600010,bottom,48.239253376186184,2026
1778198400003,bottom,5.290393559034946,2026
1778400000000,top,-17.879360562395462,2026
1778428800000,top,-8.533847765817436,2026
1778457600000,top,61.511107220667114,2026
1778515200000,top,120.86043241861424,2026
1778601600000,top,145.0665306229233,2026
1778630400010,top,125.76218677796305,2026
1778659200003,top,146.67028457713462,2026
1778947200005,top,2.7802402439265492,2026
1779091200002,top,-27.638581483710333,2026
1779120000007,top,-39.3258425788605,2026
1779148800001,top,8.50046118150717,2026
1779177600001,top,-24.18584633886377,2026
1779206400009,top,-140.4269425040987,2026
1779264000006,top,-92.73699745613027,2026
1779292800000,top,7.446094254358172,2026
1779379200000,top,53.54317522795871,2026
1779552000003,top,-121.72983755150456,2026
1779580800011,top,-62.87322951901307,2026
1779609600008,top,-87.58161918646022,2026
1779638400000,top,-173.21865260003943,2026
1779667200001,top,-37.55215862346327,2026
1779753600000,top,164.86666890907676,2026
1779811200000,top,130.85700717809303,2026
1779840000000,top,173.59089088878022,2026
1779868800004,top,330.274165942543,2026
1779897600009,top,319.77622683934516,2026
1779926400001,top,94.70936992333769,2026
1779984000001,top,-148.16035801728344,2026
1780012800000,top,17.7871806182346,2026
1780070400008,top,-22.333299458131993,2026
1780156800000,top,20.118002255578702,2026
1780243200004,top,329.8245215681357,2026
1780329600000,top,529.6983012151852,2026
1780358400000,top,618.2723729735491,2026
1780387200000,top,400.2692421855376,2026
1780416000000,top,163.059036031737,2026
1780444800013,top,351.53786799780164,2026
1780502400001,top,306.5102917123104,2026
1781683200000,bottom,-178.12716687101758,2026
1781827200005,top,-119.54333032295915,2026
1782086400000,top,-116.37447522029264,2026
1782489600000,top,-56.60422672254683,2026
1782720000013,top,65.20607246555633,2026
1782748800004,top,214.938188361445,2026
1782806400000,top,117.81398834780532,2026
1782921600000,top,-268.33812675467846,2026
1782950400000,top,-275.26863792439445,2026
1783036800000,top,-184.83849326689605,2026
1783065600007,top,-135.56234319105286,2026
1783123200000,top,-90.55433584200067,2026
1783152000000,top,-93.92950594993609,2026
1783180800007,top,7.303914097018371,2026
1783209600003,top,-103.16481601125126,2026
1783238400001,top,-30.848076987143745,2026
1783267200000,top,-125.46179375501441,2026
1783296000000,top,-85.99506715030336,2026
1783353600000,top,-91.04804264849763,2026
1783382400000,top,104.28553134004326,2026
1783641600000,top,-162.72494351015675,2026
1783699200005,top,-36.90145500785768,2026
1783728000000,top,33.38287200387936,2026
1783958400004,top,-348.107166268558,2026
1784073600005,top,27.4715081359196,2026
1784102400002,top,46.09604220655551,2026
1784620800000,top,24.476244017365822,2026
1785283200000,top,-22.725416763746274,2026
1785312000002,top,66.38480503893663,2026
1785427200000,top,292.09438399470946,2026
