ts,entry_ts,exit_ts,oi_chg_24h,horizon,gross_ret,net_bp,year
1680566100000,1680566160000,1680652560000,neg3pct,24h,0.014045196722787479,126.45196722787477,2023
1681257300000,1681257360000,1681343760000,neg3pct,24h,-0.011260545379898512,-126.60545379898512,2023
1681516500000,1681516560000,1681602960000,neg3pct,24h,-0.0055948648071840745,-69.94864807184075,2023
1682553300000,1682553360000,1682639760000,neg3pct,24h,0.03807762098550116,366.7762098550116,2023
1683158100000,1683158160000,1683244560000,neg3pct,24h,-0.006121639564760084,-75.21639564760085,2023
1683417300000,1683417360000,1683503760000,neg3pct,24h,-0.015771230502599654,-171.71230502599653,2023
1683762900000,1683762960000,1683849360000,neg3pct,24h,-0.022714099405883204,-241.14099405883204,2023
1685145300000,1685145360000,1685231760000,neg3pct,24h,0.005258505745404429,38.58505745404429,2023
1685922900000,1685922960000,1686009360000,neg3pct,24h,-0.049651230202836794,-510.5123020283679,2023
1686095700000,1686095760000,1686182160000,neg3pct,24h,-0.03201267129957985,-334.1267129957985,2023
1686182100000,1686182160000,1686268560000,neg3pct,24h,0.005516324981017506,41.16324981017506,2023
1687391700000,1687391760000,1687478160000,neg3pct,24h,-0.005446662962359072,-68.46662962359072,2023
1687996500000,1687996560000,1688082960000,neg3pct,24h,0.011899617749709268,104.99617749709267,2023
1688169300000,1688169360000,1688255760000,neg3pct,24h,0.00343245673332504,20.3245673332504,2023
1688514900000,1688514960000,1688601360000,neg3pct,24h,-0.008314879309055168,-97.14879309055168,2023
1688687700000,1688687760000,1688774160000,neg3pct,24h,0.0124394723660044,110.39472366004401,2023
1689378900000,1689378960000,1689465360000,neg3pct,24h,-0.0008979357381725395,-22.979357381725393,2023
1690156500000,1690156560000,1690242960000,neg3pct,24h,-0.02958093672966311,-309.8093672966311,2023
1690329300000,1690329360000,1690415760000,neg3pct,24h,0.003801682869158496,24.016828691584962,2023
1691625300000,1691625360000,1691711760000,neg3pct,24h,-0.004921246535523505,-63.21246535523505,2023
1692057300000,1692057360000,1692143760000,neg3pct,24h,-0.007882526895426567,-92.82526895426567,2023
1692316500000,1692316560000,1692402960000,neg3pct,24h,-0.022155558225452898,-235.55558225452899,2023
1692402900000,1692402960000,1692489360000,neg3pct,24h,0.001171081580230604,-2.2891841976939595,2023
1692489300000,1692489360000,1692575760000,neg3pct,24h,0.0037967692944911313,23.967692944911313,2023
1692748500000,1692748560000,1692834960000,neg3pct,24h,0.014847946879395169,134.4794687939517,2023
1692834900000,1692834960000,1692921360000,neg3pct,24h,-0.010605750808399872,-120.05750808399873,2023
1693439700000,1693439760000,1693526160000,neg3pct,24h,-0.05008136756146542,-514.8136756146541,2023
1693526100000,1693526160000,1693612560000,neg3pct,24h,-0.004502801228527753,-59.028012285277526,2023
1693698900000,1693698960000,1693785360000,neg3pct,24h,0.004375631100639543,29.756311006395435,2023
1694822100000,1694822160000,1694908560000,neg3pct,24h,-0.002900401998722657,-43.00401998722657,2023
1695858900000,1695858960000,1695945360000,neg3pct,24h,0.02463302821925728,232.3302821925728,2023
1696031700000,1696031760000,1696118160000,neg3pct,24h,0.0021864019186792483,7.864019186792483,2023
1696722900000,1696722960000,1696809360000,neg3pct,24h,-0.0005977714222304975,-19.977714222304975,2023
1697500500000,1697500560000,1697586960000,neg3pct,24h,-0.0033660461067588354,-47.66046106758836,2023
1697673300000,1697673360000,1697759760000,neg3pct,24h,0.0132098669474221,118.098669474221,2023
1697846100000,1697846160000,1697932560000,neg3pct,24h,0.007950777368113782,65.50777368113782,2023
1698018900000,1698018960000,1698105360000,neg3pct,24h,0.1004299897844041,990.299897844041,2023
1698105300000,1698105360000,1698191760000,neg3pct,24h,0.027543420553659548,261.43420553659547,2023
1698191700000,1698191760000,1698278160000,neg3pct,24h,0.01767915347914384,162.79153479143838,2023
1698969300000,1698969360000,1699055760000,neg3pct,24h,-0.00620579054382997,-76.0579054382997,2023
1699574100000,1699574160000,1699660560000,neg3pct,24h,0.01553627760252363,141.3627760252363,2023
1700265300000,1700265360000,1700351760000,neg3pct,24h,0.0007691002348357845,-6.308997651642155,2023
1700610900000,1700610960000,1700697360000,neg3pct,24h,0.04087234379823279,394.72343798232794,2023
1701561300000,1701561360000,1701647760000,neg3pct,24h,0.01342310802623281,120.2310802623281,2023
1702338900000,1702338960000,1702425360000,neg3pct,24h,0.006256315074036234,48.56315074036234,2023
1703289300000,1703289360000,1703375760000,neg3pct,24h,-0.00604551516376961,-74.4551516376961,2023
1703721300000,1703721360000,1703807760000,neg3pct,24h,-0.018382352941176516,-197.82352941176515,2023
1704326100000,1704326160000,1704412560000,neg3pct,24h,0.03119841030778092,297.9841030778092,2024
1704498900000,1704498960000,1704585360000,neg3pct,24h,-0.003919097496900337,-53.19097496900336,2024
1704844500000,1704844560000,1704930960000,neg3pct,24h,0.011697238748649363,102.97238748649363,2024
1704930900000,1704930960000,1705017360000,neg3pct,24h,-0.005044298462904551,-64.4429846290455,2024
1705362900000,1705362960000,1705449360000,neg3pct,24h,0.012718391884275704,113.18391884275704,2024
1705708500000,1705708560000,1705794960000,neg3pct,24h,0.00044170459564818465,-9.582954043518153,2024
1706486100000,1706486160000,1706572560000,neg3pct,24h,0.029026190476190372,276.26190476190374,2024
1706658900000,1706658960000,1706745360000,neg3pct,24h,-0.006732145938559642,-81.32145938559641,2024
1707868500000,1707868560000,1707954960000,neg3pct,24h,0.04183993513874573,404.39935138745733,2024
1708041300000,1708041360000,1708127760000,neg3pct,24h,0.004826598895181,34.26598895181,2024
1709078100000,1709078160000,1709164560000,neg3pct,24h,0.09543054331195777,940.3054331195777,2024
1709164500000,1709164560000,1709250960000,neg3pct,24h,-0.0187458502987784,-201.458502987784,2024
1709250900000,1709250960000,1709337360000,neg3pct,24h,0.0185072261497925,171.07226149792498,2024
1709682900000,1709682960000,1709769360000,neg3pct,24h,0.03605506009959947,346.55060099599467,2024
1710546900000,1710546960000,1710633360000,neg3pct,24h,-0.06021533503987764,-616.1533503987764,2024
1710633300000,1710633360000,1710719760000,neg3pct,24h,0.05004756384413733,486.47563844137335,2024
1711151700000,1711151760000,1711238160000,neg3pct,24h,0.009064930492244327,76.64930492244328,2024
1712102100000,1712102160000,1712188560000,neg3pct,24h,0.009510597632204965,81.10597632204964,2024
1712361300000,1712361360000,1712447760000,neg3pct,24h,0.01608798360107344,146.8798360107344,2024
1713052500000,1713052560000,1713138960000,neg3pct,24h,0.022331232842525583,209.31232842525583,2024
1714089300000,1714089360000,1714175760000,neg3pct,24h,-0.011370542635658953,-127.70542635658953,2024
1714607700000,1714607760000,1714694160000,neg3pct,24h,0.013436872424313684,120.36872424313685,2024
1715730900000,1715730960000,1715817360000,neg3pct,24h,0.0744987813571183,730.987813571183,2024
1716249300000,1716249360000,1716335760000,neg3pct,24h,-0.016966502500304625,-183.66502500304625,2024
1716508500000,1716508560000,1716594960000,neg3pct,24h,0.008931015301482548,75.31015301482547,2024
1718150100000,1718150160000,1718236560000,neg3pct,24h,0.01397593940294084,125.75939402940841,2024
1718409300000,1718409360000,1718495760000,neg3pct,24h,0.0024784216829345507,10.784216829345507,2024
1719878100000,1719878160000,1719964560000,neg3pct,24h,-0.012203868534088502,-136.03868534088502,2024
1720223700000,1720223760000,1720310160000,neg3pct,24h,0.027010669814500066,256.1066981450007,2024
1720310100000,1720310160000,1720396560000,neg3pct,24h,-0.03922707272780368,-406.2707272780368,2024
1720482900000,1720482960000,1720569360000,neg3pct,24h,0.023499173857169042,220.99173857169043,2024
1720655700000,1720655760000,1720742160000,neg3pct,24h,-0.006100678527171444,-75.00678527171443,2024
1720828500000,1720828560000,1720914960000,neg3pct,24h,0.022385803551530525,209.85803551530526,2024
1721260500000,1721260560000,1721346960000,neg3pct,24h,-0.0023050032772558016,-37.05003277255801,2024
1722902100000,1722902160000,1722988560000,neg3pct,24h,0.03655307487200776,351.5307487200776,2024
1723247700000,1723247760000,1723334160000,neg3pct,24h,0.0002104667758464629,-11.895332241535371,2024
1724111700000,1724111760000,1724198160000,neg3pct,24h,-0.008088283505180649,-94.8828350518065,2024
1724716500000,1724716560000,1724802960000,neg3pct,24h,-0.053642688756205925,-550.4268875620593,2024
1724802900000,1724802960000,1724889360000,neg3pct,24h,-0.008267020559062477,-96.67020559062476,2024
1727308500000,1727308560000,1727394960000,neg3pct,24h,0.031787588292253144,303.87588292253145,2024
1728345300000,1728345360000,1728431760000,neg3pct,24h,-0.001773061035698853,-31.730610356988528,2024
1728863700000,1728863760000,1728950160000,neg3pct,24h,0.051149173819998506,497.49173819998504,2024
1729036500000,1729036560000,1729122960000,neg3pct,24h,0.00917898193760247,77.78981937602471,2024
1729209300000,1729209360000,1729295760000,neg3pct,24h,0.016163890741486275,147.63890741486276,2024
1729727700000,1729727760000,1729814160000,neg3pct,24h,0.021855498876495405,204.55498876495406,2024
1729900500000,1729900560000,1729986960000,neg3pct,24h,0.005656551122541931,42.56551122541931,2024
1730505300000,1730505360000,1730591760000,neg3pct,24h,-0.003593377487252858,-49.93377487252858,2024
1730678100000,1730678160000,1730764560000,neg3pct,24h,-0.014638819474427134,-160.38819474427135,2024
1732492500000,1732492560000,1732578960000,neg3pct,24h,-0.04890874495962583,-503.0874495962583,2024
1732665300000,1732665360000,1732751760000,neg3pct,24h,0.04247160047899401,410.7160047899401,2024
1733529300000,1733529360000,1733615760000,neg3pct,24h,-0.000547707638268613,-19.47707638268613,2024
1734393300000,1734393360000,1734479760000,neg3pct,24h,0.0004635490866384817,-9.364509133615183,2024
1736034900000,1736034960000,1736121360000,neg3pct,24h,0.0014854726073354474,0.8547260733544739,2025
1736466900000,1736466960000,1736553360000,neg3pct,24h,0.024862338854209076,234.62338854209077,2025
1736812500000,1736812560000,1736898960000,neg3pct,24h,0.02198293062696033,205.82930626960328,2025
1737244500000,1737244560000,1737330960000,neg3pct,24h,-0.027122456251939764,-285.22456251939764,2025
1737330900000,1737330960000,1737417360000,neg3pct,24h,0.0023443853889946187,9.443853889946187,2025
1737590100000,1737590160000,1737676560000,neg3pct,24h,0.0035941886871850848,21.941886871850848,2025
1737676500000,1737676560000,1737762960000,neg3pct,24h,0.007733874698151011,63.33874698151011,2025
1738108500000,1738108560000,1738194960000,neg3pct,24h,0.02260296208729562,212.0296208729562,2025
1738626900000,1738626960000,1738713360000,neg3pct,24h,-0.033419545903257575,-348.19545903257574,2025
1738713300000,1738713360000,1738799760000,neg3pct,24h,-0.014785333341503781,-161.8533334150378,2025
1740009300000,1740009360000,1740095760000,neg3pct,24h,0.01803359530237647,166.33595302376472,2025
1740527700000,1740527760000,1740614160000,neg3pct,24h,-0.05401991238371029,-554.1991238371029,2025
1740614100000,1740614160000,1740700560000,neg3pct,24h,0.009076291550574656,76.76291550574655,2025
1740786900000,1740786960000,1740873360000,neg3pct,24h,0.01899034188540627,175.9034188540627,2025
1741046100000,1741046160000,1741132560000,neg3pct,24h,0.013094266411082023,116.94266411082023,2025
1741132500000,1741132560000,1741218960000,neg3pct,24h,0.03779635124247771,363.9635124247771,2025
1742082900000,1742082960000,1742169360000,neg3pct,24h,-0.02130366979548992,-227.0366979548992,2025
1742514900000,1742514960000,1742601360000,neg3pct,24h,-0.0031930306262778485,-45.93030626277849,2025
1743033300000,1743033360000,1743119760000,neg3pct,24h,0.0036686454559791137,22.686454559791137,2025
1743292500000,1743292560000,1743378960000,neg3pct,24h,-0.004102358069302037,-55.023580693020364,2025
1744070100000,1744070160000,1744156560000,neg3pct,24h,-0.03559102047728513,-369.9102047728513,2025
1744588500000,1744588560000,1744674960000,neg3pct,24h,0.00932429043928873,79.2429043928873,2025
1745452500000,1745452560000,1745538960000,neg3pct,24h,0.0027702341494708627,13.702341494708627,2025
1748044500000,1748044560000,1748130960000,neg3pct,24h,0.006720126179899699,53.201261798996995,2025
1748390100000,1748390160000,1748476560000,neg3pct,24h,-0.011038905601521654,-124.38905601521654,2025
1748649300000,1748649360000,1748735760000,neg3pct,24h,0.005363513110703044,39.635131107030446,2025
1749772500000,1749772560000,1749858960000,neg3pct,24h,0.0014145728405794422,0.14572840579442214,2025
1750722900000,1750722960000,1750809360000,neg3pct,24h,0.004554916474231119,31.54916474231119,2025
1751068500000,1751068560000,1751154960000,neg3pct,24h,0.0022548641241117995,8.548641241117995,2025
1751673300000,1751673360000,1751759760000,neg3pct,24h,0.0018767809038930938,4.767809038930938,2025
1752623700000,1752623760000,1752710160000,neg3pct,24h,0.007786127879758409,63.86127879758409,2025
1753314900000,1753314960000,1753401360000,neg3pct,24h,-0.0023219200388787664,-37.21920038878766,2025
1754178900000,1754178960000,1754265360000,neg3pct,24h,0.014829067995076217,134.29067995076218,2025
1755302100000,1755302160000,1755388560000,neg3pct,24h,0.0014538368409422464,0.5383684094224641,2025
1756166100000,1756166160000,1756252560000,neg3pct,24h,0.014632596559705835,132.32596559705834,2025
1758153300000,1758153360000,1758239760000,neg3pct,24h,0.006220666053022628,48.20666053022627,2025
1758844500000,1758844560000,1758930960000,neg3pct,24h,0.006632035459025687,52.32035459025687,2025
1759881300000,1759881360000,1759967760000,neg3pct,24h,0.014964597398320567,135.64597398320566,2025
1760140500000,1760140560000,1760226960000,neg3pct,24h,-0.020062250550493932,-214.6225055049393,2025
1761177300000,1761177360000,1761263760000,neg3pct,24h,0.022498889138845568,210.98889138845567,2025
1761609300000,1761609360000,1761695760000,neg3pct,24h,-0.011348973940982887,-127.48973940982887,2025
1763769300000,1763769360000,1763855760000,neg3pct,24h,-0.0037438998427398174,-51.438998427398175,2025
1764028500000,1764028560000,1764114960000,neg3pct,24h,-0.010490457502711381,-118.90457502711381,2025
1764114900000,1764114960000,1764201360000,neg3pct,24h,0.035870695539440556,344.70695539440555,2025
1765410900000,1765410960000,1765497360000,neg3pct,24h,0.005478721957851818,40.787219578518176,2025
1765929300000,1765929360000,1766015760000,neg3pct,24h,-0.020122915157561816,-215.22915157561815,2025
1767743700000,1767743760000,1767830160000,neg3pct,24h,-0.025229225596413607,-266.2922559641361,2026
1768262100000,1768262160000,1768348560000,neg3pct,24h,0.04527260149169132,438.72601491691324,2026
1769817300000,1769817360000,1769903760000,neg3pct,24h,-0.0658410122518378,-672.4101225183781,2026
1769903700000,1769903760000,1769990160000,neg3pct,24h,-0.022097467294197704,-234.97467294197705,2026
1769990100000,1769990160000,1770076560000,neg3pct,24h,0.023797733561562895,223.97733561562896,2026
1770422100000,1770422160000,1770508560000,neg3pct,24h,-0.017953306090966015,-193.53306090966015,2026
1770508500000,1770508560000,1770594960000,neg3pct,24h,0.017416677735875297,160.16677735875297,2026
1772582100000,1772582160000,1772668560000,neg3pct,24h,0.06411447768019429,627.144776801943,2026
1772754900000,1772754960000,1772841360000,neg3pct,24h,-0.038789044244614046,-401.89044244614047,2026
1773878100000,1773878160000,1773964560000,neg3pct,24h,-0.01874655239448053,-201.4655239448053,2026
1774914900000,1774914960000,1775001360000,neg3pct,24h,0.0227866847337308,213.866847337308,2026
1775606100000,1775606160000,1775692560000,neg3pct,24h,-0.012154924919333232,-135.54924919333232,2026
1776038100000,1776038160000,1776124560000,neg3pct,24h,0.053345791380482455,519.4579138048246,2026
1776556500000,1776556560000,1776642960000,neg3pct,24h,-0.02417643125054525,-255.7643125054525,2026
1776988500000,1776988560000,1777074960000,neg3pct,24h,-0.010273341994619045,-116.73341994619045,2026
1778111700000,1778111760000,1778198160000,neg3pct,24h,-0.017417317804314658,-188.17317804314658,2026
1778889300000,1778889360000,1778975760000,neg3pct,24h,-0.011831543702235048,-132.31543702235047,2026
1779666900000,1779666960000,1779753360000,neg3pct,24h,0.0033564233454428383,19.564233454428383,2026
1780617300000,1780617360000,1780703760000,neg3pct,24h,-0.04620301404981053,-476.0301404981053,2026
1781740500000,1781740560000,1781826960000,neg3pct,24h,-0.023158995621126555,-245.58995621126556,2026
1782950100000,1782950160000,1783036560000,neg3pct,24h,0.02520315589081301,238.0315589081301,2026
1783468500000,1783468560000,1783554960000,neg3pct,24h,-0.01670103288104663,-181.0103288104663,2026
1680566100000,1680566160000,1680825360000,neg3pct,72h,0.008643197983253748,72.43197983253748,2023
1681257300000,1681257360000,1681516560000,neg3pct,72h,0.008399883454514256,69.99883454514256,2023
1681516500000,1681516560000,1681775760000,neg3pct,72h,-0.034458982483213774,-358.58982483213777,2023
1682553300000,1682553360000,1682812560000,neg3pct,72h,0.02926201927311811,278.62019273118113,2023
1683158100000,1683158160000,1683417360000,neg3pct,72h,-0.005018020037591997,-64.18020037591997,2023
1683417300000,1683417360000,1683676560000,neg3pct,72h,-0.042301559792027765,-437.0155979202776,2023
1683762900000,1683762960000,1684022160000,neg3pct,72h,-0.0298145196348355,-312.145196348355,2023
1685145300000,1685145360000,1685404560000,neg3pct,72h,0.03872717194265074,373.2717194265074,2023
1685922900000,1685922960000,1686182160000,neg3pct,72h,-0.027358765772186322,-287.5876577218632,2023
1686095700000,1686095760000,1686354960000,neg3pct,72h,-0.027088210325933115,-284.88210325933113,2023
1686182100000,1686182160000,1686441360000,neg3pct,72h,-0.019700075930144334,-211.00075930144334,2023
1687391700000,1687391760000,1687650960000,neg3pct,72h,0.016147009991648753,147.47009991648753,2023
1687996500000,1687996560000,1688255760000,neg3pct,72h,0.016400199434934315,150.00199434934314,2023
1688169300000,1688169360000,1688428560000,neg3pct,72h,0.021999225564255154,205.99225564255153,2023
1688514900000,1688514960000,1688774160000,neg3pct,72h,-0.014132368195993061,-155.3236819599306,2023
1688687700000,1688687760000,1688946960000,neg3pct,72h,0.006702287527133199,53.022875271332,2023
1689378900000,1689378960000,1689638160000,neg3pct,72h,-0.005093804573530036,-64.93804573530036,2023
1690156500000,1690156560000,1690415760000,neg3pct,72h,-0.02411518335057672,-255.1518335057672,2023
1690329300000,1690329360000,1690588560000,neg3pct,72h,0.0026348297112979147,12.348297112979147,2023
1691625300000,1691625360000,1691884560000,neg3pct,72h,-0.005610761846819412,-70.10761846819412,2023
1692057300000,1692057360000,1692316560000,neg3pct,72h,-0.09466850218392553,-960.6850218392553,2023
1692316500000,1692316560000,1692575760000,neg3pct,72h,-0.017293425044303645,-186.93425044303646,2023
1692402900000,1692402960000,1692662160000,neg3pct,72h,0.00271460549909186,13.1460549909186,2023
1692489300000,1692489360000,1692748560000,neg3pct,72h,-0.0019559114547379464,-33.559114547379465,2023
1692748500000,1692748560000,1693007760000,neg3pct,72h,0.0010451970888187834,-3.5480291118121663,2023
1692834900000,1692834960000,1693094160000,neg3pct,72h,-0.015331197794791418,-167.3119779479142,2023
1693439700000,1693439760000,1693698960000,neg3pct,72h,-0.05262868536410148,-540.2868536410148,2023
1693526100000,1693526160000,1693785360000,neg3pct,72h,0.001682280493263022,2.82280493263022,2023
1693698900000,1693698960000,1693958160000,neg3pct,72h,-0.0030060701725879158,-44.060701725879156,2023
1694822100000,1694822160000,1695081360000,neg3pct,72h,0.004252921065484472,28.529210654844718,2023
1695858900000,1695858960000,1696118160000,neg3pct,72h,0.022826631449519574,214.26631449519573,2023
1696031700000,1696031760000,1696290960000,neg3pct,72h,0.024031829252421533,226.31829252421534,2023
1696722900000,1696722960000,1696982160000,neg3pct,72h,-0.01999491715317614,-213.9491715317614,2023
1697500500000,1697500560000,1697759760000,neg3pct,72h,0.006602223907000271,52.02223907000271,2023
1697673300000,1697673360000,1697932560000,neg3pct,72h,0.05567999547776692,542.7999547776692,2023
1697846100000,1697846160000,1698105360000,neg3pct,72h,0.11191132370154722,1105.1132370154721,2023
1698018900000,1698018960000,1698278160000,neg3pct,72h,0.15073011464168617,1493.3011464168617,2023
1698105300000,1698105360000,1698364560000,neg3pct,72h,0.036659840728100246,352.59840728100244,2023
1698191700000,1698191760000,1698450960000,neg3pct,72h,0.0011248759979214373,-2.7512400207856267,2023
1698969300000,1698969360000,1699228560000,neg3pct,72h,0.0031787851885793916,17.787851885793916,2023
1699574100000,1699574160000,1699833360000,neg3pct,72h,0.007818448819754131,64.18448819754131,2023
1700265300000,1700265360000,1700524560000,neg3pct,72h,0.026122037869291237,247.2203786929124,2023
1700610900000,1700610960000,1700870160000,neg3pct,72h,0.048976175180695414,475.7617518069541,2023
1701561300000,1701561360000,1701820560000,neg3pct,72h,0.11907653072865032,1176.7653072865032,2023
1702338900000,1702338960000,1702598160000,neg3pct,72h,0.04266991032291978,412.6991032291978,2023
1703289300000,1703289360000,1703548560000,neg3pct,72h,-0.008387839904035022,-97.87839904035022,2023
1703721300000,1703721360000,1703980560000,neg3pct,72h,-0.026983819843726886,-283.8381984372689,2023
1704326100000,1704326160000,1704585360000,neg3pct,72h,0.02611737289817606,247.17372898176063,2024
1704498900000,1704498960000,1704758160000,neg3pct,72h,0.06373010134346391,623.3010134346391,2024
1704844500000,1704844560000,1705103760000,neg3pct,72h,-0.06916147006366113,-705.6147006366114,2024
1704930900000,1704930960000,1705190160000,neg3pct,72h,-0.08107980586313912,-824.7980586313912,2024
1705362900000,1705362960000,1705622160000,neg3pct,72h,-0.03044805560774,-318.48055607739997,2024
1705708500000,1705708560000,1705967760000,neg3pct,72h,-0.0515642104050239,-529.642104050239,2024
1706486100000,1706486160000,1706745360000,neg3pct,72h,0.014169047619047692,127.69047619047691,2024
1706658900000,1706658960000,1706918160000,neg3pct,72h,0.006561918486701179,51.619184867011796,2024
1707868500000,1707868560000,1708127760000,neg3pct,72h,0.04917505094948105,477.75050949481044,2024
1708041300000,1708041360000,1708300560000,neg3pct,72h,0.004452802413877466,30.528024138774654,2024
1709078100000,1709078160000,1709337360000,neg3pct,72h,0.09478910536932617,933.8910536932617,2024
1709164500000,1709164560000,1709423760000,neg3pct,72h,-0.007644249614027876,-90.44249614027876,2024
1709250900000,1709250960000,1709510160000,neg3pct,72h,0.0302660240523831,288.660240523831,2024
1709682900000,1709682960000,1709942160000,neg3pct,72h,0.06908673359891093,676.8673359891093,2024
1710546900000,1710546960000,1710806160000,neg3pct,72h,-0.025973297995121936,-273.73297995121936,2024
1710633300000,1710633360000,1710892560000,neg3pct,72h,-0.05391996427358858,-553.1996427358858,2024
1711151700000,1711151760000,1711410960000,neg3pct,72h,0.09947688419146528,980.7688419146527,2024
1712102100000,1712102160000,1712361360000,neg3pct,72h,0.03674069909385791,353.4069909385791,2024
1712361300000,1712361360000,1712620560000,neg3pct,72h,0.05618783903469127,547.8783903469126,2024
1713052500000,1713052560000,1713311760000,neg3pct,72h,-0.006513601197903673,-79.13601197903674,2024
1714089300000,1714089360000,1714348560000,neg3pct,72h,-0.02224806201550389,-236.48062015503888,2024
1714607700000,1714607760000,1714866960000,neg3pct,72h,0.09484528303181117,934.4528303181116,2024
1715730900000,1715730960000,1715990160000,neg3pct,72h,0.08724378865598559,858.4378865598559,2024
1716249300000,1716249360000,1716508560000,neg3pct,72h,-0.04841110580538377,-498.1110580538377,2024
1716508500000,1716508560000,1716767760000,neg3pct,72h,0.009038440596754738,76.38440596754738,2024
1718150100000,1718150160000,1718409360000,neg3pct,72h,-0.0190093568988563,-204.093568988563,2024
1718409300000,1718409360000,1718668560000,neg3pct,72h,0.006638899865405223,52.38899865405223,2024
1719878100000,1719878160000,1720137360000,neg3pct,72h,-0.09062573053845546,-920.2573053845546,2024
1720223700000,1720223760000,1720482960000,neg3pct,72h,-0.000442884643548469,-18.42884643548469,2024
1720310100000,1720310160000,1720569360000,neg3pct,72h,-0.003860512982628461,-52.60512982628461,2024
1720482900000,1720482960000,1720742160000,neg3pct,72h,0.012316236177994933,109.16236177994932,2024
1720655700000,1720655760000,1720914960000,neg3pct,72h,0.025688709411856303,242.88709411856303,2024
1720828500000,1720828560000,1721087760000,neg3pct,72h,0.11883064495231044,1174.3064495231044,2024
1721260500000,1721260560000,1721519760000,neg3pct,72h,0.04744998283342183,460.4998283342183,2024
1722902100000,1722902160000,1723161360000,neg3pct,72h,0.1443871472221554,1429.871472221554,2024
1723247700000,1723247760000,1723506960000,neg3pct,72h,-0.025014305163670758,-264.1430516367076,2024
1724111700000,1724111760000,1724370960000,neg3pct,72h,0.014466780204132057,130.66780204132056,2024
1724716500000,1724716560000,1724975760000,neg3pct,72h,-0.05545889967225426,-568.5889967225426,2024
1724802900000,1724802960000,1725062160000,neg3pct,72h,-0.005775981403829289,-71.75981403829289,2024
1727308500000,1727308560000,1727567760000,neg3pct,72h,0.0440886781478953,426.88678147895297,2024
1728345300000,1728345360000,1728604560000,neg3pct,72h,-0.032041975292779856,-334.4197529277986,2024
1728863700000,1728863760000,1729122960000,neg3pct,72h,0.0756632908774133,742.632908774133,2024
1729036500000,1729036560000,1729295760000,neg3pct,72h,0.021213613972234757,198.13613972234756,2024
1729209300000,1729209360000,1729468560000,neg3pct,72h,0.024643917597132692,232.4391759713269,2024
1729727700000,1729727760000,1729986960000,neg3pct,72h,0.005780164860615056,43.80164860615056,2024
1729900500000,1729900560000,1730159760000,neg3pct,72h,0.04812415035574502,467.2415035574502,2024
1730505300000,1730505360000,1730764560000,neg3pct,72h,-0.025334821107605876,-267.34821107605876,2024
1730678100000,1730678160000,1730937360000,neg3pct,72h,0.09856562828446713,971.6562828446713,2024
1732492500000,1732492560000,1732751760000,neg3pct,72h,-0.019672020584550642,-210.72020584550643,2024
1732665300000,1732665360000,1732924560000,neg3pct,72h,0.05948414690598991,580.841469059899,2024
1733529300000,1733529360000,1733788560000,neg3pct,72h,-0.023839801022921714,-252.39801022921714,2024
1734393300000,1734393360000,1734652560000,neg3pct,72h,-0.07796499118690281,-793.6499118690281,2024
1736034900000,1736034960000,1736294160000,neg3pct,72h,-0.013417106250489863,-148.17106250489863,2025
1736466900000,1736466960000,1736726160000,neg3pct,72h,0.022579891083194026,211.79891083194025,2025
1736812500000,1736812560000,1737071760000,neg3pct,72h,0.05913522656665959,577.3522656665959,2025
1737244500000,1737244560000,1737503760000,neg3pct,72h,0.016697447726480297,152.97447726480297,2025
1737330900000,1737330960000,1737590160000,neg3pct,72h,0.020183769881983116,187.83769881983116,2025
1737590100000,1737590160000,1737849360000,neg3pct,72h,0.010020103907184108,86.20103907184108,2025
1737676500000,1737676560000,1737935760000,neg3pct,72h,-0.013845385977279356,-152.45385977279358,2025
1738108500000,1738108560000,1738367760000,neg3pct,72h,0.009810471015100575,84.10471015100575,2025
1738626900000,1738626960000,1738886160000,neg3pct,72h,-0.04682132280355378,-482.2132280355378,2025
1738713300000,1738713360000,1738972560000,neg3pct,72h,-0.015249002702354963,-166.49002702354963,2025
1740009300000,1740009360000,1740268560000,neg3pct,72h,-0.0002434592345641473,-16.434592345641473,2025
1740527700000,1740527760000,1740786960000,neg3pct,72h,-0.049922820654566435,-513.2282065456643,2025
1740614100000,1740614160000,1740873360000,neg3pct,72h,0.023403645036782272,220.03645036782274,2025
1740786900000,1740786960000,1741046160000,neg3pct,72h,0.020670735320258427,192.70735320258427,2025
1741046100000,1741046160000,1741305360000,neg3pct,72h,0.045194840780082846,437.9484078008285,2025
1741132500000,1741132560000,1741391760000,neg3pct,72h,-0.006345615428429485,-77.45615428429485,2025
1742082900000,1742082960000,1742342160000,neg3pct,72h,-0.0186745094783779,-200.745094783779,2025
1742514900000,1742514960000,1742774160000,neg3pct,72h,0.017307151510548957,159.07151510548957,2025
1743033300000,1743033360000,1743292560000,neg3pct,72h,-0.04876063786313789,-501.6063786313789,2025
1743292500000,1743292560000,1743551760000,neg3pct,72h,0.03105569767920291,296.5569767920291,2025
1744070100000,1744070160000,1744329360000,neg3pct,72h,0.006032097888576171,46.32097888576171,2025
1744588500000,1744588560000,1744847760000,neg3pct,72h,0.002997050711053273,15.97050711053273,2025
1745452500000,1745452560000,1745711760000,neg3pct,72h,0.011088420827542134,96.88420827542134,2025
1748044500000,1748044560000,1748303760000,neg3pct,72h,0.02175257751224513,203.5257751224513,2025
1748390100000,1748390160000,1748649360000,neg3pct,72h,-0.04529301983147416,-466.9301983147416,2025
1748649300000,1748649360000,1748908560000,neg3pct,72h,0.017399205761593928,159.99205761593927,2025
1749772500000,1749772560000,1750031760000,neg3pct,72h,-0.0034773734491198027,-48.77373449119803,2025
1750722900000,1750722960000,1750982160000,neg3pct,72h,0.013595520003034878,121.95520003034878,2025
1751068500000,1751068560000,1751327760000,neg3pct,72h,0.00019156533172104417,-12.084346682789558,2025
1751673300000,1751673360000,1751932560000,neg3pct,72h,0.0026224909866345847,12.224909866345847,2025
1752623700000,1752623760000,1752882960000,neg3pct,72h,0.00161602086723045,2.160208672304499,2025
1753314900000,1753314960000,1753574160000,neg3pct,72h,-0.005626774977936733,-70.26774977936734,2025
1754178900000,1754178960000,1754438160000,neg3pct,72h,0.013792766329972173,123.92766329972173,2025
1755302100000,1755302160000,1755561360000,neg3pct,72h,-0.008543851012438708,-99.43851012438708,2025
1756166100000,1756166160000,1756425360000,neg3pct,72h,0.02133163890527845,199.3163890527845,2025
1758153300000,1758153360000,1758412560000,neg3pct,72h,-0.006327237286868348,-77.27237286868348,2025
1758844500000,1758844560000,1759103760000,neg3pct,72h,0.028873830599757788,274.73830599757787,2025
1759881300000,1759881360000,1760140560000,neg3pct,72h,-0.07048740326033254,-718.8740326033254,2025
1760140500000,1760140560000,1760399760000,neg3pct,72h,0.019098553923609263,176.98553923609262,2025
1761177300000,1761177360000,1761436560000,neg3pct,72h,0.037159467604686025,357.59467604686023,2025
1761609300000,1761609360000,1761868560000,neg3pct,72h,-0.05156705363782976,-529.6705363782976,2025
1763769300000,1763769360000,1764028560000,neg3pct,72h,0.03791889510846502,365.1889510846502,2025
1764028500000,1764028560000,1764287760000,neg3pct,72h,0.03396791327495596,325.67913274955964,2025
1764114900000,1764114960000,1764374160000,neg3pct,72h,0.04071171051486333,393.1171051486333,2025
1765410900000,1765410960000,1765670160000,neg3pct,72h,-0.01857022433718558,-199.70224337185581,2025
1765929300000,1765929360000,1766188560000,neg3pct,72h,0.0034817609031394525,20.817609031394525,2025
1767743700000,1767743760000,1768002960000,neg3pct,72h,-0.03335005603885355,-347.50056038853546,2026
1768262100000,1768262160000,1768521360000,neg3pct,72h,0.04768237477785253,462.82374777852533,2026
1769817300000,1769817360000,1770076560000,neg3pct,72h,-0.06474393908631848,-661.4393908631848,2026
1769903700000,1769903760000,1770162960000,neg3pct,72h,-0.037717959244369714,-391.1795924436971,2026
1769990100000,1769990160000,1770249360000,neg3pct,72h,-0.04829471238015026,-496.94712380150264,2026
1770422100000,1770422160000,1770681360000,neg3pct,72h,-0.005434767196862311,-68.3476719686231,2026
1770508500000,1770508560000,1770767760000,neg3pct,72h,-0.0066025422603132045,-80.02542260313204,2026
1772582100000,1772582160000,1772841360000,neg3pct,72h,-0.002154591184644117,-35.54591184644117,2026
1772754900000,1772754960000,1773014160000,neg3pct,72h,-0.06756773928476112,-689.6773928476111,2026
1773878100000,1773878160000,1774137360000,neg3pct,72h,-0.031023887958610552,-324.2388795861055,2026
1774914900000,1774914960000,1775174160000,neg3pct,72h,0.0023713021476623464,9.713021476623464,2026
1775606100000,1775606160000,1775865360000,neg3pct,72h,0.01298591212657696,115.8591212657696,2026
1776038100000,1776038160000,1776297360000,neg3pct,72h,0.056659141893104614,552.5914189310462,2026
1776556500000,1776556560000,1776815760000,neg3pct,72h,0.00831300238156274,69.1300238156274,2026
1776988500000,1776988560000,1777247760000,neg3pct,72h,0.005176311724448324,37.76311724448324,2026
1778111700000,1778111760000,1778370960000,neg3pct,72h,-0.009081527347781226,-104.81527347781227,2026
1778889300000,1778889360000,1779148560000,neg3pct,72h,-0.02681159053779969,-282.1159053779969,2026
1779666900000,1779666960000,1779926160000,neg3pct,72h,-0.034413073697244445,-358.1307369724444,2026
1780617300000,1780617360000,1780876560000,neg3pct,72h,-0.011079270229958693,-124.79270229958694,2026
1781740500000,1781740560000,1781999760000,neg3pct,72h,-0.0026285653991415803,-40.2856539914158,2026
1782950100000,1782950160000,1783209360000,neg3pct,72h,0.05180537673987895,504.05376739878955,2026
1783468500000,1783468560000,1783727760000,neg3pct,72h,0.012286579493316685,108.86579493316685,2026
