offset_min,mean_ret_all,n_all,mean_ret_top_quartile_funding,n_top_quartile,mean_ret_bottom_quartile_funding,n_bottom_quartile,cum_ret_all,cum_ret_top_quartile,cum_ret_bottom_quartile
-60,-2.4558485887063873e-06,6113.0,4.529707670437206e-06,976.0,-5.087865060511188e-05,2020.0,-2.4558485887063873e-06,4.529707670437206e-06,-5.087865060511188e-05
-59,-1.9239004961714623e-05,6113.0,-3.658111104349408e-05,976.0,5.819483661259425e-07,2020.0,-2.169485355042101e-05,-3.2051403373056875e-05,-5.029670223898594e-05
-58,-4.7859227522592545e-06,6113.0,-1.0912739407943332e-05,976.0,1.099553784467408e-05,2020.0,-2.6480776302680264e-05,-4.296414278100021e-05,-3.9301164394311866e-05
-57,9.697781995045819e-06,6113.0,-2.4895177494614937e-05,976.0,1.227603234723326e-05,2020.0,-1.6782994307634447e-05,-6.785932027561514e-05,-2.7025132047078607e-05
-56,1.577653400986726e-05,6113.0,3.447899143436688e-05,976.0,3.7041146741021345e-05,2020.0,-1.0064602977671873e-06,-3.338032884124826e-05,1.0016014693942739e-05
-55,3.5904511463604182e-06,6113.0,-3.600036371959207e-05,976.0,4.1334274713226445e-05,2020.0,2.583990848593231e-06,-6.938069256084033e-05,5.1350289407169183e-05
-54,1.4195289559834226e-06,6113.0,1.1904741333833996e-05,976.0,-2.731178257531714e-06,2020.0,4.003519804576653e-06,-5.747595122700634e-05,4.861911114963747e-05
-53,-2.637872231441027e-06,6113.0,-1.1254145208388619e-05,976.0,-9.238919847707766e-06,2020.0,1.3656475731356263e-06,-6.873009643539496e-05,3.938019130192971e-05
-52,3.275469663918608e-06,6113.0,-1.8263191964295813e-05,976.0,2.0725700615627545e-05,2020.0,4.641117237054234e-06,-8.699328839969078e-05,6.010589191755725e-05
-51,1.7286339652113823e-06,6113.0,5.781559656234199e-05,976.0,-3.0482220214752036e-05,2020.0,6.369751202265616e-06,-2.917769183734879e-05,2.962367170280521e-05
-50,2.3843962763245756e-05,6113.0,1.882731461117495e-05,976.0,4.380651516664798e-07,2020.0,3.0213713965511373e-05,-1.0350377226173842e-05,3.006173685447169e-05
-49,7.261744310789144e-06,6113.0,4.8240800408640035e-05,976.0,-2.0038450302575315e-05,2020.0,3.747545827630052e-05,3.789042318246619e-05,1.0023286551896376e-05
-48,-4.181789506275038e-06,6113.0,1.1397145104594518e-05,976.0,8.09242925247644e-06,2020.0,3.329366877002548e-05,4.928756828706071e-05,1.811571580437282e-05
-47,-3.0236576829494087e-06,6113.0,1.0545313905638174e-05,976.0,-2.152448377554052e-05,2020.0,3.0270011087076068e-05,5.983288219269888e-05,-3.4087679711677026e-06
-46,2.6330632893188585e-05,6113.0,7.460875108390139e-05,976.0,2.381464401695599e-05,2020.0,5.6600643980264656e-05,0.00013444163327660028,2.040587604578829e-05
-45,6.0091491353024465e-06,6113.0,3.713157160804461e-05,976.0,1.6676739830607514e-06,2020.0,6.26097931155671e-05,0.0001715732048846449,2.207355002884904e-05
-44,-3.928836862153142e-06,6113.0,1.0695816359226576e-06,976.0,-1.7327677852281e-05,2020.0,5.868095625341396e-05,0.00017264278652056757,4.745872176568038e-06
-43,-1.2383106375593433e-05,6113.0,2.5239311808243603e-05,976.0,-2.6742078105361953e-05,2020.0,4.6297849877820525e-05,0.00019788209832881116,-2.1996205928793915e-05
-42,4.226781281441761e-06,6113.0,-1.6331282829241706e-05,976.0,1.7276903086535758e-05,2020.0,5.0524631159262285e-05,0.00018155081549956945,-4.719302842258158e-06
-41,-3.7730096449161953e-06,6113.0,-3.3101451408757915e-05,976.0,1.114801593714818e-05,2020.0,4.675162151434609e-05,0.00014844936409081152,6.428713094890022e-06
-40,-1.0209042468793332e-05,6113.0,-4.673479268467246e-05,976.0,-5.799709854596947e-07,2020.0,3.654257904555276e-05,0.00010171457140613906,5.848742109430327e-06
-39,1.1532729750579398e-05,6113.0,-3.504552733735155e-05,976.0,5.7611035451930984e-05,2020.0,4.807530879613216e-05,6.666904406878751e-05,6.345977756136132e-05
-38,1.1633260011395183e-05,6113.0,2.0876158940643366e-05,976.0,4.204745607352214e-06,2020.0,5.970856880752734e-05,8.754520300943088e-05,6.766452316871353e-05
-37,9.160931319738866e-06,6113.0,7.133971319090974e-06,976.0,3.345041935416651e-05,2020.0,6.886950012726621e-05,9.467917432852185e-05,0.00010111494252288005
-36,-2.79066639722941e-06,6113.0,1.3678165597587446e-05,976.0,7.141720887938345e-06,2020.0,6.60788337300368e-05,0.0001083573399261093,0.0001082566634108184
-35,2.4602637182240956e-05,6113.0,3.431911953868847e-05,976.0,3.0842677101736076e-05,2020.0,9.068147091227777e-05,0.00014267645946479775,0.00013909934051255446
-34,-3.774688168259252e-06,6113.0,-4.737919506163027e-06,976.0,-1.625110712001134e-05,2020.0,8.690678274401851e-05,0.00013793853995863474,0.0001228482333925431
-33,-1.9873882337773992e-05,6113.0,-4.6176861508717514e-05,976.0,-7.397705289360598e-06,2020.0,6.703290040624452e-05,9.176167844991722e-05,0.00011545052810318251
-32,8.004544591575528e-06,6113.0,-3.816284938273656e-05,976.0,2.285145972862071e-05,2020.0,7.503744499782005e-05,5.359882906718066e-05,0.00013830198783180322
-31,2.7946529006925355e-05,6113.0,5.36113467076059e-05,976.0,1.5996218723994222e-05,2020.0,0.00010298397400474541,0.00010721017577478657,0.00015429820655579743
-30,-2.5492167766890477e-05,6113.0,-2.9989203748833567e-05,976.0,-1.3737588965795685e-05,2020.0,7.749180623785494e-05,7.7220972025953e-05,0.00014056061759000173
-29,-2.3664065332324324e-05,6113.0,-1.9833227599322196e-05,976.0,-4.864896718700659e-05,2020.0,5.382774090553062e-05,5.73877444266308e-05,9.191165040299514e-05
-28,8.69863157593574e-06,6113.0,-4.260846915892732e-06,976.0,2.5126668101512576e-05,2020.0,6.252637248146636e-05,5.3126897510738065e-05,0.00011703831850450772
-27,-1.1066579298765857e-05,6113.0,9.67682121025134e-06,976.0,8.723945524362576e-06,2020.0,5.14597931827005e-05,6.280371872098941e-05,0.0001257622640288703
-26,6.425804645355388e-06,6113.0,-2.3204117743513967e-06,976.0,-3.071685718192549e-06,2020.0,5.788559782805589e-05,6.048330694663801e-05,0.00012269057831067775
-25,-1.219925517502406e-06,6113.0,1.5310676327932347e-06,976.0,-1.430298028059133e-05,2020.0,5.666567231055348e-05,6.201437457943124e-05,0.00010838759803008642
-24,-6.5591039442415555e-06,6113.0,-3.5682530922517465e-06,976.0,-1.4809991823252632e-05,2020.0,5.0106568366311925e-05,5.844612148717949e-05,9.357760620683378e-05
-23,1.2297355403245902e-05,6113.0,3.3463981756354917e-06,976.0,3.8152761956408846e-05,2020.0,6.240392376955783e-05,6.179251966281498e-05,0.00013173036816324264
-22,2.2236161919306946e-06,6113.0,-2.4756145659697853e-05,976.0,1.934469596576677e-05,2020.0,6.462753996148853e-05,3.7036374003117134e-05,0.00015107506412900942
-21,-7.399174705310178e-06,6113.0,-1.165888096022235e-05,976.0,-2.4916739790555292e-05,2020.0,5.722836525617835e-05,2.5377493042894785e-05,0.00012615832433845412
-20,1.4858291443143672e-05,6113.0,1.714350263925271e-05,976.0,3.541609034413398e-05,2020.0,7.208665669932202e-05,4.2520995682147496e-05,0.0001615744146825881
-19,-5.9726098806814715e-06,6113.0,1.1520589664469867e-05,976.0,-2.285030466974466e-05,2020.0,6.611404681864056e-05,5.404158534661736e-05,0.00013872411001284343
-18,-1.8551270057293123e-05,6113.0,-5.190004722475916e-06,976.0,-2.1853619012024648e-05,2020.0,4.756277676134743e-05,4.885158062414144e-05,0.00011687049100081879
-17,8.009697381126499e-06,6113.0,3.588681798472424e-05,976.0,1.554532852716678e-05,2020.0,5.557247414247393e-05,8.473839860886568e-05,0.00013241581952798558
-16,-1.22468476816918e-06,6113.0,5.52222318450407e-06,976.0,2.18660055629902e-05,2020.0,5.434778937430475e-05,9.026062179336976e-05,0.00015428182509097578
-15,5.329373510158974e-06,6113.0,1.1493192675654062e-06,976.0,-3.60955043838185e-05,2020.0,5.967716288446373e-05,9.140994106093516e-05,0.00011818632070715728
-14,-5.0536913374072516e-06,6113.0,1.993040480895659e-05,976.0,-2.4948446603825972e-05,2020.0,5.462347154705648e-05,0.00011134034586989174,9.32378741033313e-05
-13,-2.5567606515628177e-06,6113.0,1.5573196417510272e-05,976.0,2.0313435452136416e-05,2020.0,5.206671089549366e-05,0.000126913542287402,0.00011355130955546772
-12,8.663849596507165e-06,6113.0,1.930673033212505e-05,976.0,5.650009353139883e-07,2020.0,6.073056049200083e-05,0.00014622027261952704,0.00011411631049078172
-11,-1.739555571192706e-05,6113.0,-2.152902390855374e-06,976.0,1.0159381844884934e-05,2020.0,4.3335004780073775e-05,0.00014406737022867167,0.00012427569233566666
-10,-9.386727392216863e-06,6113.0,2.0239185640182978e-05,976.0,-2.8028821992537476e-05,2020.0,3.3948277387856914e-05,0.00016430655586885466,9.624687034312919e-05
-9,-1.548992789861999e-05,6113.0,-3.52482621679935e-05,976.0,-6.0637581295937476e-06,2020.0,1.8458349489236923e-05,0.00012905829370086114,9.018311221353545e-05
-8,-1.6911688847464954e-06,6113.0,-1.5746582508861955e-05,976.0,7.0504460719895516e-06,2020.0,1.6767180604490426e-05,0.00011331171119199919,9.7233558285525e-05
-7,-1.1620863210689176e-05,6113.0,-1.390791935488166e-05,976.0,-3.1863182244411385e-05,2020.0,5.14631739380125e-06,9.940379183711752e-05,6.537037604111362e-05
-6,4.462677330421538e-06,6113.0,-1.0526122622432359e-05,976.0,-5.180797156855606e-06,2020.0,9.608994724222788e-06,8.887766921468516e-05,6.018957888425801e-05
-5,-9.642612652329928e-06,6113.0,5.143140822570279e-06,976.0,-1.1072329636472334e-05,2020.0,-3.3617928107140146e-08,9.402081003725544e-05,4.911724924778568e-05
-4,9.723696602162421e-06,6113.0,7.843500457978884e-06,976.0,1.1304623481519263e-05,2020.0,9.690078674055281e-06,0.00010186431049523433,6.0421872729304944e-05
-3,-7.04676800538264e-06,6113.0,-6.979144451697952e-06,976.0,2.355663500393309e-05,2020.0,2.6433106686726406e-06,9.488516604353638e-05,8.397850773323804e-05
-2,1.589462871005404e-06,6113.0,-8.129474853275488e-06,976.0,2.9978421489768367e-05,2020.0,4.232773539678044e-06,8.675569119026089e-05,0.0001139569292230064
-1,2.6985827099018008e-05,6113.0,3.864627083666365e-05,976.0,-1.0181645791968557e-05,2020.0,3.121860063869605e-05,0.00012540196202692454,0.00010377528343103785
0,5.1270489245620926e-05,6113.0,0.00012678432512377343,976.0,5.404384020487453e-05,2020.0,8.248908988431698e-05,0.00025218628715069797,0.0001578191236359124
1,-4.1644369268635184e-05,6113.0,-6.867661121077152e-05,976.0,-7.297747349251733e-05,2020.0,4.0844720615681795e-05,0.00018350967593992645,8.484165014339506e-05
2,-2.5119934944687084e-05,6113.0,-4.1702528248017867e-05,976.0,-5.0721585934703945e-05,2020.0,1.572478567099471e-05,0.0001418071476919086,3.412006420869112e-05
3,2.9537018446703327e-06,6113.0,-2.55235280618738e-05,976.0,1.9662437549939452e-05,2020.0,1.8678487515665044e-05,0.00011628361963003479,5.378250175863057e-05
4,1.1737374415678237e-05,6113.0,-7.681986580065869e-06,976.0,1.3835754453527481e-05,2020.0,3.041586193134328e-05,0.00010860163304996892,6.761825621215805e-05
5,4.465917249221495e-06,6113.0,6.860493773186427e-06,976.0,-9.75895643928869e-06,2020.0,3.4881779180564776e-05,0.00011546212682315534,5.785929977286936e-05
6,1.709340419541093e-05,6113.0,3.215938942860715e-05,976.0,1.865849604566241e-05,2020.0,5.19751833759757e-05,0.0001476215162517625,7.651779581853177e-05
7,1.2176051209484332e-05,6113.0,7.776343570549609e-06,976.0,2.0221194964123034e-05,2020.0,6.415123458546003e-05,0.0001553978598223121,9.673899078265481e-05
8,5.026227730400064e-06,6113.0,-5.9263373499124246e-05,976.0,6.230034879839034e-06,2020.0,6.917746231586009e-05,9.613448632318785e-05,0.00010296902566249384
9,1.3296458996934986e-05,6113.0,3.3116362923204395e-06,976.0,5.421149321445684e-05,2020.0,8.247392131279508e-05,9.944612261550829e-05,0.00015718051887695067
10,-5.509797886922166e-06,6113.0,-1.527705162294694e-05,976.0,3.6578746055082216e-05,2020.0,7.69641234258729e-05,8.416907099256134e-05,0.00019375926493203288
11,2.5137009294494544e-06,6113.0,3.6322196631902305e-05,976.0,1.417663477145208e-06,2020.0,7.947782435532236e-05,0.00012049126762446366,0.0001951769284091781
12,2.219110182007344e-06,6113.0,8.922667239785742e-08,976.0,1.3121991447340933e-05,2020.0,8.169693453732971e-05,0.00012058049429686151,0.00020829891985651904
13,1.2086553876062811e-05,6113.0,4.685861797587679e-05,976.0,-3.03816001311599e-05,2020.0,9.378348841339253e-05,0.0001674391122727383,0.00017791731972535913
14,2.83681146309492e-05,6113.0,3.234514665051299e-05,976.0,5.3935160525472456e-05,2020.0,0.00012215160304434173,0.0001997842589232513,0.0002318524802508316
15,-1.4715958986710512e-06,6113.0,-1.2257322031828834e-05,976.0,-1.0168068868437195e-05,2020.0,0.00012068000714567068,0.00018752693689142247,0.0002216844113823944
16,-2.2335759961142263e-05,6113.0,-2.0153908183539058e-06,976.0,-4.3261581973541134e-05,2020.0,9.834424718452843e-05,0.00018551154607306857,0.00017842282940885325
17,6.286534368154822e-06,6113.0,1.466668796873132e-06,976.0,2.4105766380300977e-05,2020.0,0.00010463078155268325,0.0001869782148699417,0.00020252859578915423
18,-9.784317610702415e-06,6113.0,4.822691867352526e-07,976.0,3.4698210342033894e-07,2020.0,9.484646394198084e-05,0.00018746048405667693,0.00020287557789257457
19,1.4434477779993875e-05,6113.0,1.5069716458364017e-05,976.0,1.0464674961068463e-05,2020.0,0.00010928094172197472,0.00020253020051504093,0.00021334025285364304
20,-7.458344990679899e-06,6113.0,-1.0911694382385099e-05,976.0,-1.1855621124948008e-05,2020.0,0.00010182259673129482,0.00019161850613265584,0.00020148463172869503
21,-2.7993386103436144e-05,6113.0,-2.8371112607599755e-05,976.0,6.684468325183345e-06,2020.0,7.382921062785867e-05,0.0001632473935250561,0.00020816910005387837
22,-1.8882685155450296e-05,6113.0,-1.818031955827162e-05,976.0,-2.1321709917070948e-05,2020.0,5.494652547240838e-05,0.00014506707396678446,0.00018684739013680743
23,3.081986180175081e-05,6113.0,5.453537166105464e-05,976.0,2.49840883979675e-05,2020.0,8.57663872741592e-05,0.0001996024456278391,0.00021183147853477493
24,7.59816946661114e-06,6113.0,-2.1480589338451623e-05,976.0,3.694412638557937e-05,2020.0,9.336455674077034e-05,0.00017812185628938748,0.0002487756049203543
25,7.873062814874446e-06,6113.0,3.450177751111886e-06,976.0,3.5197303027729816e-05,2020.0,0.00010123761955564479,0.00018157203404049936,0.0002839729079480841
26,1.648317564406414e-05,6113.0,-1.6606415238825176e-05,976.0,2.971602850393797e-05,2020.0,0.00011772079519970893,0.00016496561880167417,0.00031368893645202206
27,1.2609200200696393e-05,6113.0,1.9160994642722656e-05,976.0,1.5186529901993663e-05,2020.0,0.00013032999540040532,0.00018412661344439682,0.0003288754663540157
28,1.104404758889101e-05,6113.0,3.015441276266082e-05,976.0,2.4398121992162695e-05,2020.0,0.00014137404298929633,0.00021428102620705763,0.0003532735883461784
29,3.129915813034428e-05,6113.0,3.4679156867054304e-05,976.0,2.7404426483143974e-05,2020.0,0.0001726732011196406,0.0002489601830741119,0.00038067801482932236
30,-1.6839319195050158e-05,6113.0,5.566438289078182e-06,976.0,6.556501283138073e-06,2020.0,0.00015583388192459046,0.0002545266213631901,0.0003872345161124604
31,-2.618130111773057e-05,6113.0,1.2052567153070851e-05,976.0,-3.1883122346405874e-05,2020.0,0.0001296525808068599,0.00026657918851626095,0.00035535139376605455
32,6.053338661749872e-06,6113.0,-8.538935719300187e-06,976.0,1.1994491664586757e-05,2020.0,0.00013570591946860977,0.00025804025279696074,0.0003673458854306413
33,-3.696426739924087e-07,6113.0,-7.485822657553912e-06,976.0,-1.6624253732632716e-05,2020.0,0.00013533627679461737,0.00025055443013940684,0.0003507216316980086
34,-1.1039237398331276e-05,6113.0,-2.6416393416110557e-05,976.0,-2.234711078357127e-05,2020.0,0.00012429703939628608,0.00022413803672329628,0.00032837452091443733
35,5.752417917769739e-06,6113.0,-1.4091202630147634e-05,976.0,2.4379375198418763e-05,2020.0,0.00013004945731405582,0.00021004683409314864,0.0003527538961128561
36,-6.03147908128686e-06,6113.0,-4.594305177383729e-05,976.0,-3.892461340820968e-05,2020.0,0.00012401797823276896,0.00016410378231931135,0.00031382928270464643
37,-2.0705254743077496e-05,6113.0,1.4993680265128638e-05,976.0,-4.5952935048016225e-05,2020.0,0.00010331272348969146,0.00017909746258444,0.0002678763476566302
38,8.857062698533824e-06,6113.0,1.0408175985046324e-05,976.0,-3.333673539861811e-06,2020.0,0.00011216978618822528,0.00018950563856948632,0.0002645426741167684
39,9.498800830463297e-06,6113.0,-6.528834873160994e-06,976.0,3.8388595004447235e-05,2020.0,0.00012166858701868858,0.00018297680369632532,0.00030293126912121565
40,1.566281417125515e-07,6113.0,-1.5592418799015228e-05,976.0,-1.003561380241867e-05,2020.0,0.00012182521516040114,0.0001673843848973101,0.000292895655318797
41,-5.694473228211344e-06,6113.0,-2.2251657441826048e-05,976.0,-3.4650296741334133e-07,2020.0,0.0001161307419321898,0.00014513272745548405,0.00029254915235138365
42,-1.1031130503196818e-05,6113.0,8.14156790328188e-06,976.0,-2.754501662015882e-05,2020.0,0.00010509961142899298,0.00015327429535876594,0.0002650041357312248
43,1.073044336565493e-05,6113.0,-9.145633830256289e-06,976.0,1.7697769740548767e-05,2020.0,0.00011583005479464791,0.00014412866152850964,0.00028270190547177357
44,1.5517160911848162e-06,6113.0,1.4525244736365599e-05,976.0,-1.07528985893946e-05,2020.0,0.00011738177088583273,0.00015865390626487524,0.00027194900688237895
45,2.0882972887028223e-05,6113.0,1.517042291106139e-05,976.0,9.104786865692009e-06,2020.0,0.00013826474377286096,0.00017382432917593664,0.000281053793748071
46,-5.669975934977716e-06,6113.0,5.2470978315921374e-05,976.0,-6.287532788977108e-06,2020.0,0.00013259476783788324,0.000226295307491858,0.00027476626095909387
47,-6.331601840337172e-06,6113.0,-2.2384774260422917e-05,976.0,7.813644107503277e-06,2020.0,0.00012626316599754608,0.0002039105332314351,0.00028257990506659717
48,-9.707963875010762e-06,6113.0,1.3541686864889757e-05,976.0,-1.2026339337459912e-05,2020.0,0.00011655520212253531,0.00021745222009632485,0.00027055356572913724
49,-5.228629770560178e-06,6113.0,-6.580589816061505e-05,976.0,2.7165779845368486e-05,2020.0,0.00011132657235197514,0.0001516463219357098,0.00029771934557450575
50,-1.3701382390211934e-05,6113.0,-1.2951435258378978e-05,976.0,-8.02940377223456e-06,2020.0,9.76251899617632e-05,0.0001386948866773308,0.0002896899418022712
51,-4.311492080837012e-07,6113.0,6.289830410785386e-07,976.0,-2.800478698820789e-06,2020.0,9.71940407536795e-05,0.00013932386971840936,0.0002868894631034504
52,-7.582324814377484e-06,6113.0,-3.939589633710303e-06,976.0,-2.8575285753606466e-05,2020.0,8.961171593930202e-05,0.00013538428008469906,0.00025831417734984395
53,9.388345882938155e-06,6113.0,3.1756370896014875e-05,976.0,2.590333330739527e-06,2020.0,9.900006182224017e-05,0.00016714065098071394,0.0002609045106805835
54,1.3304371633350585e-05,6113.0,2.544807561314198e-06,976.0,3.4801728751099214e-05,2020.0,0.00011230443345559076,0.00016968545854202815,0.0002957062394316827
55,-5.57596089905706e-06,6113.0,-3.6354813429156736e-06,976.0,-7.791068022359259e-06,2020.0,0.0001067284725565337,0.00016604997719911246,0.00028791517140932345
56,-1.409388571837635e-05,6113.0,2.419064591133385e-05,976.0,-2.5265304246720065e-05,2020.0,9.263458683815735e-05,0.00019024062311044632,0.0002626498671626034
57,-4.76336385128833e-06,6113.0,2.1877492355526177e-06,976.0,1.8242031535678138e-05,2020.0,8.787122298686903e-05,0.00019242837234599894,0.0002808918986982815
58,-4.087475378550892e-06,6113.0,-5.184254846399283e-06,976.0,-6.791375364019126e-06,2020.0,8.378374760831814e-05,0.00018724411749959966,0.00027410052333426237
59,3.006882303063602e-05,6113.0,3.399805510870223e-05,976.0,3.661981392781327e-05,2020.0,0.00011385257063895416,0.00022124217260830189,0.00031072033726207564
60,-2.7555410575836848e-06,6113.0,-7.32343015172406e-05,976.0,1.6743097537274988e-05,2020.0,0.00011109702958137047,0.00014800787109106128,0.0003274634347993506
