pair,interval_start,interval_end,q,F_entry,N,max_unrealized_loss,drawdown_ratio
A_BTC,2021-01-01,2021-01-03,22.77377203894268,28948.19,659259.4800000001,103206.40786380087,0.15654899321857435
A_BTC,2021-01-03,2021-01-07,20.55276747376564,32198.41,733279.2493564123,99456.89708229936,0.1356330445319312
A_BTC,2021-01-07,2021-01-22,18.14126268170159,36825.77,756871.4878523744,96143.97548472128,0.12702813757396272
A_BTC,2021-01-22,2021-01-30,22.08306457171049,30875.77,560125.4540698015,171482.28381064057,0.3061497787052378
A_BTC,2021-01-30,2021-02-01,19.99110795658949,34267.04,756721.2570013864,14430.381367384489,0.019069612798465436
A_BTC,2021-02-01,2021-02-04,20.71038117806726,33125.11,662207.6500839023,94747.71574772811,0.1430785581165115
A_BTC,2021-02-04,2021-02-09,18.295310065474027,37651.92,779785.6152860941,173697.13738641568,0.2227498609636294
A_BTC,2021-02-09,2021-02-20,14.985176949234354,46451.32,849841.302350555,151810.0324160695,0.17863338954718005
A_BTC,2021-02-20,2021-02-24,12.759783829347231,56005.85,839257.5724422769,31469.327260480793,0.03749662593916627
A_BTC,2021-02-24,2021-03-01,14.687618024058716,48930.01,624336.3503677985,47073.08138620694,0.07539698971311865
A_BTC,2021-03-01,2021-03-04,15.941884223125262,45162.64,663331.6052780751,119864.95502872988,0.18070140797600218
A_BTC,2021-03-04,2021-03-11,14.304595907648054,50373.75,803052.4903846561,101951.28681511195,0.1269546985232286
A_BTC,2021-03-11,2021-04-01,12.930748820263094,55949.3,800332.1278157732,77593.54444575272,0.09695168011999865
A_BTC,2021-04-01,2021-04-22,12.519521974073909,58810.99,760470.1395610046,77309.5505325433,0.1016602053266308
A_BTC,2021-04-22,2021-05-01,14.05565581511028,53794.72,673484.1791291531,58194.35065818477,0.08640789562931206
A_BTC,2021-05-01,2021-05-13,13.142147860654424,57688.29,810846.7488022683,25833.651471166995,0.03186009132962158
A_BTC,2021-05-13,2021-05-18,15.43152694506146,49596.75,651807.8219079123,29879.294047375253,0.04584064971775778
A_BTC,2021-05-18,2021-05-20,17.622312687218635,43565.11,672276.1688295664,40205.30639588932,0.059804747304797075
A_BTC,2021-05-20,2021-05-21,20.92166598385001,36689.14,646547.4973051407,120736.00535956067,0.18673957576635522
A_BTC,2021-05-21,2021-05-24,18.96789322015104,40500.0,847327.4723459255,33581.13751481977,0.03963182902809282
A_BTC,2021-05-24,2021-05-25,22.159498586073653,34656.53,657361.360420961,116571.37188195557,0.1773322542221003
A_BTC,2021-05-25,2021-05-30,19.80414593174701,38783.58,859424.6861728744,41913.89053286797,0.04876970746502031
A_BTC,2021-05-30,2021-06-01,22.19661203317038,34611.95,685460.108782331,64104.92538239778,0.09352101538961241
A_BTC,2021-06-01,2021-06-08,20.641022482185623,37244.36,826698.6093437296,45939.485277251595,0.05556981076056293
A_BTC,2021-06-08,2021-06-10,22.9408001821872,33550.97,692526.3260691353,90853.36859352318,0.13119121277196505
A_BTC,2021-06-10,2021-06-22,20.59713210732553,37369.99,857297.4734003338,83274.41108123823,0.09713595766349754
A_BTC,2021-06-22,2021-06-30,24.364557266275867,31606.0,650992.9573841307,122236.98380490602,0.1877700556025797
A_BTC,2021-06-30,2021-07-01,21.423769614683764,35910.64,874946.8447486168,3841.710367305086,0.004390792869718683
A_BTC,2021-07-01,2021-07-17,21.970168691093505,35031.39,750504.4286421366,20303.95109756105,0.02705373922216066
A_BTC,2021-07-17,2021-07-26,24.51167921064499,31382.96,689488.9252258398,98464.39585632937,0.1428077990144333
A_BTC,2021-07-26,2021-07-28,21.70807147787204,35370.67,866994.5165055844,277818.3792088029,0.32043845020906014
A_BTC,2021-07-28,2021-08-01,19.466110831381407,39448.06,856341.3061433848,59292.605625737924,0.06923945534376692
A_BTC,2021-08-01,2021-08-10,18.53977787108726,41448.1,806833.3083501797,93345.92760313727,0.11569419189449665
A_BTC,2021-08-10,2021-09-01,16.63166462039061,46259.7,857644.5623831353,72186.4139518814,0.08416821736885634
A_BTC,2021-09-01,2021-09-07,16.417788003372173,47150.32,784188.3089840957,93247.78216699287,0.11890993668063476
A_BTC,2021-09-07,2021-09-08,14.74385031258672,52683.98,864954.4148138996,3922.159060154272,0.004534526898736218
A_BTC,2021-09-08,2021-09-22,16.580154254469264,46864.38,690961.4037121829,32921.8858907593,0.047646490402918046
A_BTC,2021-09-22,2021-09-24,19.127991596606847,40727.83,675273.703849801,81268.14149692371,0.12034844690916607
A_BTC,2021-09-24,2021-10-01,17.386243784744522,44828.29,857475.1544102548,5320.8860478832285,0.006205294719638578
A_BTC,2021-10-01,2021-10-05,17.80479883200093,43799.49,761508.6107874798,102288.39124185711,0.13432335471043483
A_BTC,2021-10-05,2021-10-07,15.858892775924645,49199.78,875992.1854787027,114441.57640533842,0.13064223437427086
A_BTC,2021-10-07,2021-10-16,14.103836768728195,55327.45,877432.0971153319,122282.5213987565,0.13936408503948697
A_BTC,2021-10-16,2021-11-01,12.682400840307809,61702.33,870239.5905702008,69089.53458571962,0.07939139443248104
A_BTC,2021-11-01,2021-11-27,12.879720724323644,61347.14,778029.0198864806,101125.90005027052,0.12997702844686362
A_BTC,2021-11-27,2021-12-01,14.887328812871356,53755.66,692357.8881516956,81423.71409610161,0.11760350461734276
A_BTC,2021-12-01,2021-12-05,14.061937740656692,56978.06,848251.1143395129,29838.588169409093,0.035176597666650614
A_BTC,2021-12-05,2022-01-01,16.325723580481533,49135.66,690942.5917660755,48950.07004030094,0.07084535042945131
A_BTC,2022-01-01,2022-01-08,17.44168416376427,46210.57,754420.9923164925,31210.6728931647,0.041370366428074276
A_BTC,2022-01-08,2022-01-22,19.42198456595238,41553.87,724769.4763221191,55213.01194393504,0.07618010104966944
A_BTC,2022-01-22,2022-02-01,22.18818052842909,36426.46,707474.1439122816,54585.58668159903,0.07715559240051463
A_BTC,2022-02-01,2022-02-07,21.03268319611817,38439.04,852892.3588595069,88710.80987725942,0.1040117301506653
A_BTC,2022-02-07,2022-02-22,19.08833263940469,42361.34,890972.6439830485,66544.98171418712,0.07468801894601512
A_BTC,2022-02-22,2022-03-01,21.890441346711807,36986.4,706008.7063340778,160995.4399285266,0.22803605463236998
A_BTC,2022-03-01,2022-03-07,18.753235032392208,43155.0,944681.996317348,41163.3508961009,0.043573764564761384
A_BTC,2022-03-07,2022-03-23,21.089973907192533,38401.1,720144.8538023965,107908.96049354128,0.14984340986924677
A_BTC,2022-03-23,2022-03-28,19.152551310286224,42349.9,893158.2859722131,89961.4487595454,0.10072285077848359
A_BTC,2022-03-28,2022-04-01,17.327290045599803,46820.9,896739.6896437804,23896.065701886662,0.02664771725602901
A_BTC,2022-04-01,2022-04-12,17.840514728294462,45505.9,788493.9280860601,34648.063653820645,0.04394208048998316
A_BTC,2022-04-12,2022-05-01,20.585679225494275,39505.6,704800.2386501096,71234.68439190042,0.10107074385833756
A_BTC,2022-05-01,2022-05-10,21.616146417894697,37614.4,774317.9726594319,53117.356592692544,0.06859889408256721
A_BTC,2022-05-10,2022-06-01,27.07699758371164,30056.0,649694.896736243,70237.731732148,0.10810879396619678
A_BTC,2022-06-01,2022-06-12,25.63663048726465,31797.9,860991.6614671043,4824.813857703132,0.005603786974523995
A_BTC,2022-06-12,2022-06-14,28.713618795412128,28416.6,728505.8739044046,3264.7384570383797,0.004481416792895733
A_BTC,2022-06-14,2022-06-19,36.30494218276014,22471.4,645235.2133992241,34591.34891173384,0.05361044808683009
A_BTC,2022-06-19,2022-06-24,43.01845625866637,18959.7,688330.8123024775,119604.21393597007,0.17375978497300165
A_BTC,2022-06-24,2022-07-01,38.670714677531926,21096.6,907543.1643065808,30604.003595798822,0.03372181599668835
A_BTC,2022-07-01,2022-07-19,40.96319694441124,19923.3,770448.2497348718,117838.82864998783,0.15294840203808466
A_BTC,2022-07-19,2022-08-01,36.465115274545,22423.5,918538.2466830054,83012.83492250169,0.09037493563526056
A_BTC,2022-08-01,2022-08-20,35.17907820074775,23290.1,849276.1812556804,67188.52145560819,0.07911268788472077
A_BTC,2022-08-20,2022-09-01,39.39700677258323,20825.0,732604.303530572,43360.345653905046,0.05918658332327909
A_BTC,2022-09-01,2022-09-13,40.91739788179595,20041.4,789571.1715320497,99535.66208725677,0.12606293856210846
A_BTC,2022-09-13,2022-09-16,36.67567962427973,22386.0,915976.868981884,17017.515345665794,0.018578542670603576
A_BTC,2022-09-16,2022-10-01,41.69800465288135,19690.8,722173.4723457673,28529.774783501452,0.03950543169472966
A_BTC,2022-10-01,2022-11-01,42.34161387300095,19411.6,809424.9871198715,70981.48149669886,0.08769371174130418
A_BTC,2022-11-01,2022-11-10,40.25930136522274,20482.1,867245.1695081927,39921.12323375496,0.046032107917526814
A_BTC,2022-11-10,2022-11-11,51.808699033618026,15905.0,640324.1882138677,120455.22525316192,0.18811600041091994
A_BTC,2022-11-11,2022-11-22,46.82812690033806,17588.0,911211.398603274,4214.531421030426,0.004625196115292848
A_BTC,2022-11-22,2022-12-01,52.18641016434171,15772.9,738615.3627863423,76995.82955646973,0.10424347154926719
A_BTC,2022-12-01,2023-01-01,48.0149579617313,17153.4,895174.3681130192,59855.44659509417,0.06686456709128784
A_BTC,2023-01-01,2023-01-13,49.92803846971229,16537.5,794047.3672921313,128939.15934803199,0.1623822011874955
A_BTC,2023-01-13,2023-01-15,43.88858116684382,18838.1,940549.381496287,118758.11177936276,0.12626462163042906
A_BTC,2023-01-15,2023-01-30,39.44070955935901,20962.8,920027.5492843136,118318.18460712115,0.1286028714022319
A_BTC,2023-01-30,2023-02-01,34.94585670125356,23740.2,936330.3330810948,2250.513171560653,0.0024035461546515315
A_BTC,2023-02-01,2023-03-01,35.89919658369608,23119.5,807930.7340046318,79986.99990813319,0.09900229876349108
A_BTC,2023-03-01,2023-03-10,36.05469532243058,23129.7,830337.6472219153,32196.84292293051,0.03877560294977883
A_BTC,2023-03-10,2023-03-14,41.00703917584486,20348.4,733655.3622989465,170950.144916262,0.23301151153667168
A_BTC,2023-03-14,2023-03-18,34.58674376272367,24119.5,989069.28140179,126030.63559698884,0.1274234656427383
A_BTC,2023-03-18,2023-04-01,30.50386684620873,27383.9,947119.9325240488,54934.41380333724,0.05800153910491412
A_BTC,2023-04-01,2023-05-01,29.394617867050357,28454.8,867981.4303355002,76549.46384937257,0.08819251331193106
A_BTC,2023-05-01,2023-05-25,28.701851235744645,29223.0,858998.9179288124,17709.042212454446,0.020615907474195495
A_BTC,2023-05-25,2023-06-01,31.949443483897177,26313.9,755257.6432322611,67991.61067808153,0.09002439271862141
A_BTC,2023-06-01,2023-06-22,30.93617531173498,27201.1,869060.0071498355,112016.79718626123,0.1288942032364726
A_BTC,2023-06-22,2023-07-01,28.119299418389318,29988.5,927729.4933359644,42502.32107089545,0.04581326925164793
A_BTC,2023-07-01,2023-08-01,27.73540341034966,30460.2,856519.4841440222,38546.66365970394,0.04500383747630239
A_BTC,2023-08-01,2023-08-19,29.014949441585173,29220.8,810450.6759731454,29862.18596527948,0.03684639528423193
A_BTC,2023-08-19,2023-09-01,32.65190982758996,26042.0,755607.3133577611,69417.96029345626,0.0918704187562417
A_BTC,2023-09-01,2023-10-01,32.81157743450132,25928.0,846598.7180097525,50923.568178346046,0.06015077402675612
A_BTC,2023-10-01,2023-10-22,31.58044183103254,26951.0,884304.823437245,119026.68526116165,0.13459915869113023
A_BTC,2023-10-22,2023-10-24,28.49054097385398,29895.4,944109.9407154504,173407.67763736227,0.18367318270788804
A_BTC,2023-10-24,2023-11-01,25.747689245622997,33074.0,942296.1521692466,57314.356260756795,0.06082414337447333
A_BTC,2023-11-01,2023-12-01,24.61093934835912,34651.4,892193.4791257806,94717.66117609487,0.10616269160463306
A_BTC,2023-12-01,2023-12-05,22.77730275988205,37716.9,928248.338308126,107579.47866519888,0.11589514812520847
A_BTC,2023-12-05,2024-01-01,20.46859541946393,41993.1,956489.552526003,57029.600557710495,0.059623861449506106
A_BTC,2024-01-01,2024-01-09,20.52908729831837,42314.0,866108.1465791968,102604.37831699521,0.11846601226676383
A_BTC,2024-01-09,2024-01-15,18.542428915362983,46972.6,964304.6060289892,38102.83717817942,0.03951327924802421
A_BTC,2024-01-15,2024-02-01,20.895863833576776,41734.9,773866.4165397828,44990.88442007412,0.058137791560000124
A_BTC,2024-02-01,2024-02-10,20.563153572064103,42560.5,889338.4126889444,116588.96812288911,0.1310962918720428
A_BTC,2024-02-10,2024-02-16,18.600909667443208,47116.1,968855.6000167296,106823.16412915963,0.11025705391733823
A_BTC,2024-02-16,2024-02-29,16.898196194879777,51898.4,965357.4502848346,209564.66993042102,0.21708504955194335
A_BTC,2024-02-29,2024-03-01,14.110235252891137,62487.9,1055932.794006028,17989.13892391093,0.01703625365745411
A_BTC,2024-03-01,2024-03-05,14.418823010572751,61203.3,863592.9612532721,106651.70816230343,0.12349765797943427
A_BTC,2024-03-05,2024-03-20,12.982562163626357,68296.5,984755.145741582,72506.31142763677,0.07362877131556901
A_BTC,2024-03-20,2024-03-26,14.454627702724048,61974.1,804582.6057847961,133766.01568654896,0.16625516724422915
A_BTC,2024-03-26,2024-04-01,12.836624479222628,69920.6,1010676.2417510872,25254.775000422524,0.02498799710248097
A_BTC,2024-04-01,2024-04-14,12.621049319936995,71363.0,916060.0327107644,19277.390731271695,0.021043807221047393
A_BTC,2024-04-14,2024-05-01,14.138328552997796,63939.7,806986.1072019755,46406.23580950471,0.05750561923600747
A_BTC,2024-05-01,2024-05-18,14.932903832875612,60651.2,857506.5927335798,100788.14112961078,0.11753628716522863
A_BTC,2024-05-18,2024-06-01,13.545683079395287,66980.0,1000205.8987260086,69798.19577150808,0.06978382737035652
A_BTC,2024-06-01,2024-06-25,13.451283826040973,67577.9,915388.8165710669,61419.907078085766,0.0670970695361531
A_BTC,2024-06-25,2024-07-01,15.154564764409312,60273.5,810755.9556888805,42203.94741240351,0.052055056908640034
A_BTC,2024-07-01,2024-07-08,14.567483902746812,62766.1,951192.9274593912,15775.128318284544,0.016584572764244007
A_BTC,2024-07-08,2024-07-16,16.397190995766827,55831.0,813317.1937742573,148225.68744443334,0.18224831416213064
A_BTC,2024-07-16,2024-08-01,14.168515155537518,64680.6,1060580.151920796,76515.64924596483,0.07214508880577186
A_BTC,2024-08-01,2024-08-05,14.207951041888908,64601.8,915311.5823750036,14892.774282107912,0.01627071542508498
A_BTC,2024-08-05,2024-08-24,15.792421487036,58144.5,826114.2093551096,108264.9455043753,0.13105324212845856
A_BTC,2024-08-24,2024-09-01,14.338543195585816,64020.0,1011030.8236000448,16566.752808179874,0.016386001713765298
A_BTC,2024-09-01,2024-09-27,15.577538173721624,58941.9,845140.9791798996,106832.31454920025,0.1264076848490618
A_BTC,2024-09-27,2024-10-01,14.105937815401129,65139.1,1014706.8168518704,18491.47388220936,0.01822346472410542
A_BTC,2024-10-01,2024-10-29,14.51820654619822,63309.0,893032.81715523,101946.84636740391,0.11415800674846104
A_BTC,2024-10-29,2024-11-01,13.19429536271844,69939.9,1015401.9140204488,49084.098178848944,0.048339576182698095
A_BTC,2024-11-01,2024-11-11,13.124081515725402,70321.9,927847.91906755,149324.48707777218,0.1609363819318982
A_BTC,2024-11-11,2024-11-12,11.502218031092625,80409.9,1055306.082271328,108006.97753376293,0.10234658868003514
A_BTC,2024-11-12,2024-11-22,10.429059225480602,88729.0,1020580.3036808174,108159.77322745931,0.1059786994099054
A_BTC,2024-11-22,2024-12-01,9.43396287802534,98366.8,1025873.1830210052,12200.000793862344,0.011892308908919538
A_BTC,2024-12-01,2025-01-01,9.644583969653011,96475.2,910143.4554500704,114689.5347335258,0.12601259070396903
A_BTC,2025-01-01,2025-01-18,10.031869670289792,93548.8,902239.2568602756,122741.93178992963,0.13604144450227346
A_BTC,2025-01-18,2025-02-01,9.042131678561791,104042.6,1043741.8033580928,53867.595261863964,0.0516100774047303
A_BTC,2025-02-01,2025-02-25,9.210624489223132,102379.8,925731.6328248203,3270.692756123054,0.00353308954793163
A_BTC,2025-02-25,2025-03-01,10.322208787430846,91514.5,842905.6948190103,10172.536760013098,0.012068416220864846
A_BTC,2025-03-01,2025-03-03,11.209049295467636,84299.6,870158.0718969054,119616.24865165327,0.13746496471715217
A_BTC,2025-03-03,2025-03-10,10.026712816551308,94222.0,1056139.0427175516,1518.0443204258097,0.0014373527149604559
A_BTC,2025-03-10,2025-04-01,11.709788529628325,80690.7,809062.4758664966,94396.11827389285,0.11667345982496061
A_BTC,2025-04-01,2025-04-23,11.460928032395158,82517.5,966262.4749936052,133233.2883765937,0.13788519354171905
A_BTC,2025-04-23,2025-05-01,10.139484973672582,93404.9,1070506.8367730663,23976.84011724367,0.022397652489095175
A_BTC,2025-05-01,2025-05-11,10.060899320881928,94125.2,954381.0510439264,109411.27402465897,0.11464107958239754
A_BTC,2025-05-11,2025-06-01,9.038670794700469,104788.8,1054269.5667560322,64813.596667558624,0.06147725279312468
A_BTC,2025-06-01,2025-07-01,9.083671946546756,104544.6,944944.2227636424,55492.15192145413,0.05872532006085856
A_BTC,2025-07-01,2025-07-14,8.882543414167218,107087.3,972745.9028414364,111633.14086622933,0.11476084406024603
A_BTC,2025-07-14,2025-08-01,8.001338904444811,119038.3,1057362.8676986615,34099.306009072425,0.03224938859758635
A_BTC,2025-08-01,2025-09-01,8.260559330073994,115697.3,925733.3076292226,73091.90712029375,0.07895568466417191
A_BTC,2025-09-01,2025-10-01,8.86601039079731,108208.4,893861.9082123787,85705.94924575946,0.0958827627157326
A_BTC,2025-10-01,2025-11-01,8.442259201356782,113988.7,1010624.9986334774,103162.71898873962,0.10207813890239377
A_BTC,2025-11-01,2025-11-15,8.80203459383728,109557.2,924910.2797748852,14600.814984257308,0.015786196027371448
A_BTC,2025-11-15,2025-11-22,10.213220487646666,94544.9,832187.4804708862,23031.833521692057,0.027676255726245352
A_BTC,2025-11-22,2025-12-01,11.355442421254937,85093.6,869079.6988876103,90689.10535311035,0.10435073500070136
A_BTC,2025-12-01,2026-01-01,10.701240386443468,90320.5,1025629.2372089564,45314.40241639486,0.0441820501721547
A_BTC,2026-01-01,2026-01-15,11.063386292435196,87608.3,937517.4781476551,114216.1874058425,0.12182832861048157
A_BTC,2026-01-15,2026-01-26,10.01387881933495,96908.0,1072130.6388273102,2473.428068375733,0.002307021158430052
A_BTC,2026-01-26,2026-02-01,11.212304515876935,86628.9,867491.3068522854,44443.332640033026,0.051232020757991
A_BTC,2026-02-01,2026-02-06,12.345438835239134,78706.7,882483.4878397713,8519.5873401986,0.009654103966357117
A_BTC,2026-02-06,2026-02-07,15.451127341678756,62868.1,776134.2832376974,136685.30780269273,0.17611038547672522
A_BTC,2026-02-07,2026-03-01,13.76433839290122,70544.5,1089992.052755057,24163.29604873809,0.022168323142965213
A_BTC,2026-03-01,2026-03-17,14.50461388551265,66937.0,921343.5190056288,115210.14809262699,0.12504581159584097
A_BTC,2026-03-17,2026-03-28,12.964773097009008,74846.4,1085618.132720634,14941.900994302881,0.013763496153898465
A_BTC,2026-03-28,2026-04-01,14.617903261178766,66364.1,860395.4982872156,32684.169901669517,0.037987379021314854
A_BTC,2026-04-01,2026-04-17,14.214601157164182,68241.4,997546.1836074046,110413.33594838859,0.11068493645988724
A_BTC,2026-04-17,2026-05-01,12.911461193909428,75106.8,1067613.2061908988,56141.615563356936,0.05258610069433547
A_BTC,2026-05-01,2026-06-01,12.694491251142,76305.4,985214.2109857365,82809.97477857464,0.08405276117132006
A_BTC,2026-06-01,2026-06-04,13.17123582251561,73653.2,934989.903018612,5496.356708735802,0.005878519854589694
A_BTC,2026-06-04,2026-07-01,15.13301945991831,64117.7,844509.3470973091,47482.875159385636,0.056225399188997244
A_BTC,2026-07-01,2026-07-15,16.5690894264477,58605.4,886876.6586562966,108106.68087180064,0.12189595905657576
A_BTC,2026-07-15,,14.966690507053304,65014.6,1077232.7214247263,28578.895523218394,0.02652991777433248
B_ETH,2021-01-01,2021-01-04,894.2991942266475,737.18,659259.48,255170.38908868938,0.38705607856968455
B_ETH,2021-01-04,2021-01-06,678.3348843707503,980.23,876618.8991567867,131400.25045145807,0.14989438463835425
B_ETH,2021-01-06,2021-01-08,608.001660779941,1101.29,747043.4248086635,119083.20528035931,0.15940600147957865
B_ETH,2021-01-08,2021-01-12,548.2907480216263,1227.5,746322.0386073776,69720.65151843005,0.0934189906123199
B_ETH,2021-01-12,2021-01-15,625.7359926309102,1086.84,595904.3165798243,101669.5840826703,0.17061394128876253
B_ETH,2021-01-15,2021-01-21,551.576568024059,1234.5,772471.0829028587,115582.86982944155,0.14962743899110661
B_ETH,2021-01-21,2021-01-22,499.0525476357853,1379.23,760750.949915823,5873.848485673184,0.007721118831758442
B_ETH,2021-01-22,2021-01-23,619.8924607585043,1111.82,554856.6035124188,100856.50336540867,0.1817703938764627
B_ETH,2021-01-23,2021-01-25,557.7730397336138,1234.54,765282.0385048039,93337.74046902302,0.1219651524180351
B_ETH,2021-01-25,2021-01-28,495.51115113475646,1394.23,777663.9051877965,43223.43771348482,0.05558112884646084
B_ETH,2021-01-28,2021-01-30,559.0974454329124,1238.55,613715.3362379526,114307.47271875897,0.1862548741562475
B_ETH,2021-01-30,2021-02-01,502.390721930144,1382.14,772750.9432306456,13670.051543719122,0.01769011304802636
B_ETH,2021-02-01,2021-02-03,530.7873458750485,1313.09,659684.2330592527,126545.01113007034,0.19182664188171386
B_ETH,2021-02-03,2021-02-06,461.5039370444772,1516.2,804779.7738157485,115832.87315879333,0.14393114355942158
B_ETH,2021-02-06,2021-02-24,410.545980311588,1721.03,794262.1207716566,134236.21918247992,0.16900745443086748
B_ETH,2021-02-24,2021-03-01,466.0728212567886,1579.75,648560.0123972311,62588.919166574124,0.09650443747715912
B_ETH,2021-03-01,2021-03-02,519.7247975612088,1419.96,661804.7632717895,79756.96743374312,0.12051434480381427
B_ETH,2021-03-02,2021-03-09,470.0880668700641,1571.2,816591.6019281712,128507.97484026937,0.15737116881539168
B_ETH,2021-03-09,2021-03-24,404.8970513291948,1834.47,862362.4560311266,46271.635025900374,0.05365682921640343
B_ETH,2021-03-24,2021-04-01,452.1637759314099,1669.33,675906.7946953648,128256.25504294445,0.18975435082103342
B_ETH,2021-04-01,2021-04-03,395.208231971653,1923.07,869542.5925804164,89684.60408132724,0.10313997824440452
B_ETH,2021-04-03,2021-04-15,356.8674486605982,2138.01,844959.1520377139,111339.07530761996,0.13176858909583175
B_ETH,2021-04-15,2021-04-20,319.62051866588155,2436.74,869593.186849226,37159.08150009546,0.04273156926945688
B_ETH,2021-04-20,2021-04-23,362.34461990032986,2162.76,691262.4729498221,174965.34661127225,0.2531098583503936
B_ETH,2021-04-23,2021-04-28,327.0240917665913,2399.2,869337.2120648713,92946.78736190067,0.10691683971646762
B_ETH,2021-04-28,2021-05-01,294.40485269006234,2668.28,872591.8435789603,39824.14442338473,0.04563891436349538
B_ETH,2021-05-01,2021-05-04,283.6764722930847,2773.16,816431.7612859732,194783.6129353238,0.23857917118329322
B_ETH,2021-05-04,2021-05-09,229.51506195507508,3433.7,974059.9029127648,121902.33485619906,0.1251487043986415
B_ETH,2021-05-09,2021-05-18,202.37103473027895,3914.95,898539.9918010212,93946.70545283749,0.10455484041899127
B_ETH,2021-05-18,2021-05-20,242.88619960705103,3283.23,664430.6523574939,69718.05473520792,0.10492901627557127
B_ETH,2021-05-20,2021-05-21,325.325855784462,2444.02,593618.7295636248,177897.93771861735,0.2996838355309172
B_ETH,2021-05-21,2021-05-22,287.5795808451702,2768.42,900638.6056708203,49342.90448141428,0.05478657495995559
B_ETH,2021-05-22,2021-05-24,327.4977088038041,2431.24,699174.9801340115,19129.141171230298,0.027359590538499817
B_ETH,2021-05-24,2021-05-25,379.8711021161356,2096.62,686638.2462322316,219709.84804193056,0.31997904172617453
B_ETH,2021-05-25,2021-05-30,300.43994805825633,2649.49,1006464.68634568,79168.93071283119,0.07866041579688357
B_ETH,2021-05-30,2021-06-01,349.9228617249304,2277.99,684399.1972772273,155197.78763224126,0.22676500535019742
B_ETH,2021-06-01,2021-06-12,294.50304426918456,2706.46,947052.2283440552,54709.83053388641,0.057768546334079095
B_ETH,2021-06-12,2021-06-22,339.23433129923035,2354.25,693333.7919707277,96932.817825442,0.13980685630498516
B_ETH,2021-06-22,2021-06-29,424.132579916789,1884.75,639371.9059162244,111190.59715098534,0.17390597885537126
B_ETH,2021-06-29,2021-07-01,383.6108468088583,2083.55,883701.4368856259,79196.45932368873,0.08961902291660392
B_ETH,2021-07-01,2021-07-13,351.4091482869549,2274.99,872710.8403816845,47443.74911022186,0.05436365278729906
B_ETH,2021-07-13,2021-07-20,394.1790048166576,2030.78,713634.6701581823,7170.116097614933,0.010047320285077552
B_ETH,2021-07-20,2021-07-23,440.322918609406,1818.4,716775.1023586103,100217.49627550076,0.13981721176660078
B_ETH,2021-07-23,2021-07-28,395.5660024414673,2024.0,891213.5872654378,161996.14497985417,0.18177028188822425
B_ETH,2021-07-28,2021-08-01,348.7643468820473,2298.05,909030.451910614,89196.48171508359,0.09812265532756254
B_ETH,2021-08-01,2021-08-06,316.8999571342451,2530.37,882502.840419926,99991.44347456841,0.11330438713034505
B_ETH,2021-08-06,2021-08-08,283.84769779789747,2826.81,895815.9678266554,99116.77759404783,0.11064412909999322
B_ETH,2021-08-08,2021-09-01,253.5751678072304,3163.26,897884.0685361772,79810.24831564764,0.0888870301995251
B_ETH,2021-09-01,2021-09-02,235.94218810502437,3430.49,869887.0774110256,98744.1651438338,0.11351377403802577
B_ETH,2021-09-02,2021-09-08,211.3001806875093,3831.42,903993.6183493524,43320.763044553154,0.047921536352938776
B_ETH,2021-09-08,2021-09-21,237.25817403346247,3435.0,725816.1206615944,57653.73629013138,0.07943297847611729
B_ETH,2021-09-21,2021-10-01,274.24123050239336,2978.34,706635.5100508229,53655.29674779316,0.07593065446701673
B_ETH,2021-10-01,2021-10-02,272.65900999082766,2999.45,822572.8588304038,90552.7838080538,0.11008481842788807
B_ETH,2021-10-02,2021-10-15,247.21658997771647,3308.59,902116.8738655524,128901.2021802811,0.1428874749099217
B_ETH,2021-10-15,2021-10-26,216.2803470005884,3794.18,937984.2413616524,128777.64421109046,0.13729190591107013
B_ETH,2021-10-26,2021-11-01,195.88128985526535,4224.13,913596.3021755952,47748.02321511952,0.05226380962949897
B_ETH,2021-11-01,2021-11-09,193.55730826562305,4288.87,840109.387621552,104867.41404523191,0.12482590432910629
B_ETH,2021-11-09,2021-11-17,173.0652667177155,4814.13,931810.044440784,10974.068562570315,0.011777152036557288
B_ETH,2021-11-17,2021-12-01,198.47842007030292,4209.42,728504.395026886,108841.59599815274,0.14940417208345855
B_ETH,2021-12-01,2021-12-05,180.93718807553952,4631.43,919238.9090662032,27459.027662343753,0.02987148106060659
B_ETH,2021-12-05,2021-12-30,203.80741673942407,4115.79,744699.4693094249,76464.46661229718,0.102678288039072
B_ETH,2021-12-30,2022-01-01,232.117948110494,3628.49,739513.1735648328,43280.712604682725,0.05852595214233641
B_ETH,2022-01-01,2022-01-08,229.1258147915025,3676.01,853267.8984336569,49761.54445641848,0.05831878188288309
B_ETH,2022-01-08,2022-01-22,263.8199589394789,3196.58,732418.9970462212,56568.27559580309,0.0772348557641702
B_ETH,2022-01-22,2022-02-01,328.7009098469367,2566.91,677202.0908013377,50340.54434305839,0.07433607342158394
B_ETH,2022-02-01,2022-02-05,314.0904469078952,2685.34,882673.7012483731,97261.2477894988,0.11018935723579547
B_ETH,2022-02-05,2022-02-21,281.6817911950029,2993.64,940273.7254813514,81496.1758285383,0.08667282049896503
B_ETH,2022-02-21,2022-03-01,322.1312130716452,2620.72,738209.103820568,111225.46524937772,0.15066932211176393
B_ETH,2022-03-01,2022-03-05,289.213357496584,2920.05,940639.2487298576,36559.46052114314,0.03886661179672151
B_ETH,2022-03-05,2022-03-19,322.55540032897494,2620.25,757811.2999804241,117561.76675790144,0.15513329869974005
B_ETH,2022-03-19,2022-03-28,287.9774307076031,2938.03,947677.4428285384,104046.24571465692,0.10979078008241865
B_ETH,2022-03-28,2022-04-01,257.10909470596204,3295.01,948888.5139558594,47562.61142965586,0.05012455175726618
B_ETH,2022-04-01,2022-04-24,258.3476628744707,3281.43,843685.496640985,77134.86170443076,0.09142608473362687
B_ETH,2022-04-24,2022-05-01,289.5433801592332,2930.28,757030.989567804,32637.32981154871,0.04311227712115413
B_ETH,2022-05-01,2022-05-10,311.1107367088974,2725.1,789034.6652719264,74635.46573646451,0.0945908576915854
B_ETH,2022-05-10,2022-05-13,380.9302886435465,2227.62,693036.4993074739,86951.147685776,0.12546402357258687
B_ETH,2022-05-13,2022-05-28,432.47585253190914,1959.79,746543.370380736,92779.04464367055,0.12427817100077306
B_ETH,2022-05-28,2022-05-31,491.4441924307481,1726.55,746691.1831889678,141049.397669549,0.18889924087111276
B_ETH,2022-05-31,2022-06-01,424.8445115899258,1997.87,981841.6087316186,8029.561269049636,0.008178061713459606
B_ETH,2022-06-01,2022-06-11,437.1097256982732,1941.68,824912.0912639272,13589.741371959279,0.01647416920648736
B_ETH,2022-06-11,2022-06-13,511.0915708730451,1661.95,726454.5086242452,9720.96167800531,0.01338137703407582
B_ETH,2022-06-13,2022-06-14,591.8945432580291,1434.35,733084.1946817522,11974.026610109939,0.016333767249351382
B_ETH,2022-06-14,2022-06-17,701.9765911191241,1209.03,715618.2596352549,42027.33851030204,0.0587287117739604
B_ETH,2022-06-17,2022-06-25,794.6175513469149,1067.77,749549.5446992671,140782.39157213297,0.18782266304840117
B_ETH,2022-06-25,2022-06-30,692.5593336562363,1224.42,972945.6222201895,38492.447764613564,0.03956279455451648
B_ETH,2022-06-30,2022-07-01,771.2621039674681,1099.33,761351.2522683102,5607.075495843479,0.007364636859975206
B_ETH,2022-07-01,2022-07-07,791.2608344481623,1070.9,825944.5871387616,106464.1452750002,0.12889986438898213
B_ETH,2022-07-07,2022-07-13,714.4666964022226,1186.36,938720.2035559218,64759.26136189753,0.06898675570908779
B_ETH,2022-07-13,2022-07-15,816.8985760656436,1037.88,741530.694861939,146241.1830872715,0.1972152792872576
B_ETH,2022-07-15,2022-07-17,710.4175422872243,1193.01,974568.1702320736,175870.9667686252,0.18046040507022212
B_ETH,2022-07-17,2022-07-19,625.346522319258,1355.38,962885.728465258,151215.04256201975,0.15704360142822052
B_ETH,2022-07-19,2022-08-01,536.537001756205,1580.12,988122.546847106,109657.43241893323,0.1109755391867409
B_ETH,2022-08-01,2022-08-11,506.23811443586897,1677.63,900110.5702562622,105864.51449082886,0.11761278890513323
B_ETH,2022-08-11,2022-08-20,458.5373339385144,1853.25,938185.7855782742,81046.47377363242,0.08638637998941479
B_ETH,2022-08-20,2022-08-29,528.6716663278521,1608.29,737461.0087999733,60115.25517814008,0.08151652014248466
B_ETH,2022-08-29,2022-09-01,595.4248986471395,1426.29,754039.1109667522,116107.85523619219,0.1539812107190707
B_ETH,2022-09-01,2022-09-10,546.7924935100262,1553.04,924718.6845949534,105673.11729574767,0.1142759620370759
B_ETH,2022-09-10,2022-09-16,493.5699918209733,1717.49,939110.6396785348,35285.318715281384,0.03757312208427309
B_ETH,2022-09-16,2022-09-21,571.2329589804513,1471.94,726505.4137609635,6117.904990680654,0.008421003993637936
B_ETH,2022-09-21,2022-10-01,635.83969335219,1322.09,755221.3827384647,62255.064376112976,0.08243286776438119
B_ETH,2022-10-01,2022-10-27,633.0786657668716,1327.78,844255.2280391708,169171.28106622346,0.2003793111937643
B_ETH,2022-10-27,2022-11-01,537.5636596275798,1565.45,991052.9973247492,53514.46231592554,0.0539975787978873
B_ETH,2022-11-01,2022-11-09,535.585451270254,1572.0,845050.0729345555,57521.87746642533,0.06806919413268908
B_ETH,2022-11-09,2022-11-10,631.3923960512594,1333.4,714149.6407237567,1938.3746558773262,0.002714241589357765
B_ETH,2022-11-10,2022-11-11,763.5414062399071,1101.53,695497.6660223438,189717.13320842973,0.27277896458438267
B_ETH,2022-11-11,2022-11-21,647.4649604984126,1298.3,991305.8077212714,7497.644242571718,0.007563401913085386
B_ETH,2022-11-21,2022-12-01,736.030681566349,1141.53,739100.6763577529,126199.82066136623,0.17074780838149403
B_ETH,2022-12-01,2022-12-17,649.1172268912082,1294.09,952489.9447081966,39148.25995380888,0.0411009692766912
B_ETH,2022-12-17,2023-01-01,721.1717955660174,1166.19,756994.0188282582,53222.47851277205,0.07030766054816982
B_ETH,2023-01-01,2023-01-10,704.2136088570059,1196.1,862593.5846765133,104857.40635880824,0.12156061466435723
B_ETH,2023-01-10,2023-01-15,638.8374439085246,1320.32,929787.312046082,207366.63429270717,0.22302588087202216
B_ETH,2023-01-15,2023-02-01,544.8902252474085,1550.27,990370.5241680684,72018.14107095002,0.07271838096297013
B_ETH,2023-02-01,2023-03-01,534.9388540805808,1585.02,863661.9048216473,85312.04844877103,0.09877945058418272
B_ETH,2023-03-01,2023-03-10,530.841717190597,1604.73,858432.4273087304,38756.75377208548,0.04514828720251365
B_ETH,2023-03-10,2023-03-14,593.5407748200125,1436.42,762511.6594069174,156445.47742705885,0.2051712593466995
B_ETH,2023-03-14,2023-04-01,509.1610854321015,1673.91,993533.8383789673,94749.78638805973,0.09536644121014726
B_ETH,2023-04-01,2023-04-14,469.510928842898,1820.81,927085.5959656248,95869.43656043136,0.1034094769432553
B_ETH,2023-04-14,2023-05-01,425.3115006915737,2011.8,944562.086646142,57119.33454287833,0.06047176289458329
B_ETH,2023-05-01,2023-06-01,459.01465015267854,1868.41,794656.2610071433,71262.02443620334,0.08967654057854677
B_ETH,2023-06-01,2023-06-15,459.1210871206288,1872.85,859665.587538444,19136.166911187836,0.02226001271724986
B_ETH,2023-06-15,2023-06-22,521.6401991918392,1650.19,757637.0267555905,131145.5624788202,0.1730981431047813
B_ETH,2023-06-22,2023-07-01,456.00323805288895,1888.3,985013.18813395,26908.751077500972,0.027318163250664725
B_ETH,2023-07-01,2023-08-01,445.8606421250845,1933.42,881645.7805162165,43631.92243836072,0.049489175134273984
B_ETH,2023-08-01,2023-08-19,466.3516701315115,1855.4,827249.8353988818,11131.814366039129,0.013456411702604462
B_ETH,2023-08-19,2023-09-01,522.1840935991515,1660.76,774498.1996876091,45111.48384603075,0.05824607967355676
B_ETH,2023-09-01,2023-10-01,526.9875695299655,1645.26,859128.60183494,25743.34277153877,0.029964481122565056
B_ETH,2023-10-01,2023-11-01,519.7491634659532,1670.17,880158.8290018626,105233.61312695156,0.11956207182093594
B_ETH,2023-11-01,2023-11-10,479.6311823259329,1815.66,943687.7661385926,152829.6799363353,0.16194941316415276
B_ETH,2023-11-10,2023-12-01,411.21845171206496,2122.92,1018218.6295833696,6859.123774557176,0.006736395873412533
B_ETH,2023-12-01,2023-12-06,427.6747173385593,2051.77,843725.6826692636,111084.23108151749,0.131659179474168
B_ETH,2023-12-06,2024-01-01,382.7745388872812,2293.97,981072.9713331348,61837.22675724035,0.06303020118188823
B_ETH,2024-01-01,2024-01-11,388.7655430323155,2283.84,874195.8028923284,140659.26112452205,0.16090132286055664
B_ETH,2024-01-11,2024-01-23,344.4593430764026,2585.81,1005273.8288283916,46185.10871968404,0.04594281418179465
B_ETH,2024-01-23,2024-02-01,385.8320541291989,2314.33,797192.5914620109,30291.67456968349,0.037997937881146256
B_ETH,2024-02-01,2024-02-13,392.0644070358071,2281.99,880464.8892022906,151238.8450140626,0.1717715798424244
B_ETH,2024-02-13,2024-02-20,336.680757698444,2660.91,1043248.1013256492,110198.97880227768,0.10563065359260994
B_ETH,2024-02-20,2024-02-29,304.4974783116556,2946.55,992046.6865963502,169154.4391516909,0.17051056309864726
B_ETH,2024-02-29,2024-03-01,266.1073008744742,3387.07,1031354.2738650594,38300.82381486303,0.03713643777450836
B_ETH,2024-03-01,2024-03-07,269.89938070623583,3343.16,889639.2839915071,152023.52517659444,0.17088220800515563
B_ETH,2024-03-07,2024-03-20,237.3867630633345,3822.35,1031649.8978424805,65587.5887667688,0.06357543281294753
B_ETH,2024-03-20,2024-03-21,289.6735371626077,3160.99,750377.1841755698,109545.84154878338,0.1459877030631469
B_ETH,2024-03-21,2024-04-01,260.41489262547674,3517.8,1019013.5690306214,43398.1418560356,0.042588384664317934
B_ETH,2024-04-01,2024-04-03,252.5122828140784,3648.8,950201.8602118396,219.68568604822065,0.00023119896439609532
B_ETH,2024-04-03,2024-04-09,281.02367387507667,3280.67,828409.4708596625,127764.60309056482,0.15422880542152675
B_ETH,2024-04-09,2024-04-13,249.632815781098,3697.59,1039110.3262837448,8090.59955946535,0.007786083301087404
B_ETH,2024-04-13,2024-05-01,285.3551945626464,3238.31,808388.4436720874,36348.544683389926,0.04496420621536527
B_ETH,2024-05-01,2024-05-21,307.43953842423286,3012.57,859652.4984835916,210992.68082516675,0.2454395016560218
B_ETH,2024-05-21,2024-06-01,253.23236917895213,3664.39,1126578.370206375,79922.66803656911,0.07094283908710966
B_ETH,2024-06-01,2024-06-25,247.194593460506,3764.35,953255.2689187884,31569.22153084123,0.03311727987262847
B_ETH,2024-06-25,2024-07-01,278.9626585500204,3351.99,828593.8053336815,37936.131936217345,0.0457837503635936
B_ETH,2024-07-01,2024-07-05,272.4426774992399,3436.72,958716.547892026,23822.387720533552,0.024848207505036735
B_ETH,2024-07-05,2024-07-16,306.1774676252241,3059.3,833483.8832734247,133076.97452862735,0.1596635246334708
B_ETH,2024-07-16,2024-08-01,269.45834708405675,3481.62,1065993.5948333328,21747.983193154232,0.02040160775689699
B_ETH,2024-08-01,2024-08-04,290.91914617106573,3231.49,870751.9540186585,3008.103971408862,0.0034546049050202927
B_ETH,2024-08-04,2024-08-06,324.04495646982747,2901.95,844232.8162311241,10599.510526128068,0.012555198426717233
B_ETH,2024-08-06,2024-08-09,388.6351857629134,2418.6,783735.1317179247,118599.79963926831,0.15132637907822377
B_ETH,2024-08-09,2024-09-01,350.41880455660464,2681.59,1042160.227789971,48273.694515717776,0.04632079907529007
B_ETH,2024-09-01,2024-09-07,374.3802795159836,2511.91,880220.4993537808,19684.91509695039,0.0223636181063747
B_ETH,2024-09-07,2024-09-20,423.0666652499456,2223.7,832509.4275596925,114642.60494943026,0.13770727532236884
B_ETH,2024-09-20,2024-10-01,381.86413339736,2464.55,1042668.9498417536,100472.27213817927,0.09636066380746065
B_ETH,2024-10-01,2024-11-01,362.3187251211764,2601.49,993415.724391898,61054.32837016951,0.06145899130753426
B_ETH,2024-11-01,2024-11-08,376.16174126899097,2518.37,912452.607783417,149783.84375589952,0.1641552037642406
B_ETH,2024-11-08,2024-11-12,327.5092550670956,2895.76,1089274.123897093,162542.84328979944,0.14922124718089358
B_ETH,2024-11-12,2024-12-01,281.29478923259177,3375.02,1105350.286036549,103280.19481463835,0.09343662015501876
B_ETH,2024-12-01,2024-12-22,257.973834158163,3705.74,1042405.3522507844,104285.9224584374,0.10004354086753388
B_ETH,2024-12-22,2025-01-01,288.402106967683,3337.61,861016.0486246265,60391.40119903284,0.07013969286112741
B_ETH,2025-01-01,2025-01-07,288.948944018436,3336.58,962276.7020662316,117804.48447631644,0.12242267138273519
B_ETH,2025-01-07,2025-01-10,261.9062193383127,3685.72,1064984.90194763,3821.211740146021,0.0035880431104308055
B_ETH,2025-01-10,2025-02-01,300.0093583688878,3218.24,842877.0713233314,91985.86936948472,0.10913319687895333
B_ETH,2025-02-01,2025-02-03,293.70503133590654,3299.5,989880.8779381452,9198.841581440642,0.009292877341565791
B_ETH,2025-02-03,2025-02-25,337.8139417461674,2868.06,842363.6521732601,17323.09893274353,0.0205648699205512
B_ETH,2025-02-25,2025-03-01,386.03380716800615,2512.26,848676.4532912266,7963.877441875833,0.009383879346471037
B_ETH,2025-03-01,2025-03-03,433.6506983922998,2236.59,863399.352773891,135910.46538313062,0.15741321202811137
B_ETH,2025-03-03,2025-03-04,385.3140261741742,2517.12,1091550.8459372255,2203.9962297163747,0.002019142065548017
B_ETH,2025-03-04,2025-03-11,451.3669358196757,2148.21,827735.4441676228,77084.4452992841,0.0931269113125883
B_ETH,2025-03-11,2025-03-20,520.12426199951,1864.52,841582.6791745017,106713.89483443952,0.12680143909225164
B_ETH,2025-03-20,2025-03-30,472.06050898771576,2055.22,1068969.7857466328,23140.40615057782,0.021647390280928443
B_ETH,2025-03-30,2025-04-01,531.0858128449476,1827.31,862600.8886783429,13824.16370835397,0.01602614127784523
B_ETH,2025-04-01,2025-04-07,532.797631827487,1821.59,967420.605820228,72662.94102863273,0.07510997862922862
B_ETH,2025-04-07,2025-04-23,614.2807052314114,1579.98,841809.6023347928,122266.4315692601,0.14524238168601217
B_ETH,2025-04-23,2025-05-01,553.1880039146179,1755.58,1078418.920490161,56104.327357020586,0.05202461333998123
B_ETH,2025-05-01,2025-05-09,541.8455761385817,1792.71,991705.6664977748,235318.11526122462,0.2372862465253975
B_ETH,2025-05-09,2025-05-11,440.3534305655732,2206.53,1195598.5191170648,173600.53293186592,0.14519968882202017
B_ETH,2025-05-11,2025-06-01,376.4463064975123,2581.9,1136948.5223772535,77916.8565188551,0.06853156056347935
B_ETH,2025-06-01,2025-06-11,385.56936476994014,2527.08,951309.9322237334,115639.96388180048,0.1215586634436649
B_ETH,2025-06-11,2025-06-15,346.4170074448735,2815.74,1085663.0831573112,21914.339890962772,0.020185212365545095
B_ETH,2025-06-15,2025-06-23,385.6977047422029,2529.66,876317.2470529986,57985.792930942844,0.06616986385460918
B_ETH,2025-06-23,2025-06-30,438.4596837254895,2226.33,858690.3709987086,130696.06252489389,0.15220394561183503
B_ETH,2025-06-30,2025-07-01,390.6481978611376,2499.25,1095820.3645509295,9445.873424282243,0.008619910461468008
B_ETH,2025-07-01,2025-07-10,393.05199306241576,2484.3,970487.3179464242,122408.18219942808,0.12613063554343698
B_ETH,2025-07-10,2025-07-16,353.0979057818165,2767.69,1087846.0706789177,133043.75991953062,0.12230017049792612
B_ETH,2025-07-16,2025-07-18,311.686368077676,3137.62,1107887.051139143,120429.37889785248,0.10870185618112019
B_ETH,2025-07-18,2025-07-28,281.3750843423798,3476.66,1083627.528440933,113076.20514467228,0.10434969782224013
B_ETH,2025-07-28,2025-08-01,253.19829272520644,3871.48,1089338.0115298366,17554.237634638543,0.016114592026386605
B_ETH,2025-08-01,2025-08-10,265.304471586483,3696.57,935965.2129392164,166788.96215227415,0.17819995855241874
B_ETH,2025-08-10,2025-08-14,230.4684333689948,4259.11,1129960.9279787054,120882.99798637151,0.10697980345445149
B_ETH,2025-08-14,2025-08-20,206.8373907025425,4748.36,1094347.0902720003,9440.058511664107,0.008626201500035768
B_ETH,2025-08-20,2025-08-23,241.24057365240049,4073.93,842641.051104809,196504.92167429932,0.23320122063440477
B_ETH,2025-08-23,2025-09-01,203.51758678536683,4830.36,1165278.8173476092,25909.823973645132,0.02223487082054808
B_ETH,2025-09-01,2025-09-26,224.0520596471385,4389.58,893356.7286013105,84785.78041167016,0.09490697019142122
B_ETH,2025-09-26,2025-10-01,254.27157059105204,3873.1,867776.032219332,95039.08493981752,0.10952029257682497
B_ETH,2025-10-01,2025-10-07,237.8103765600252,4142.75,1053383.549066081,140840.81741390927,0.13370326272778543
B_ETH,2025-10-07,2025-10-11,210.52291604393176,4682.42,1113528.063412193,15069.23033042462,0.013532869826601276
B_ETH,2025-10-11,2025-10-14,258.3173750453444,3820.0,804197.5392878193,122191.8679176992,0.1519426035870612
B_ETH,2025-10-14,2025-10-23,232.38428865536983,4239.7,1095188.1749797463,5182.169637014789,0.0047317618610250465
B_ETH,2025-10-23,2025-11-01,259.1174795601498,3803.94,883975.8909877077,116359.29537128084,0.13163175212987668
B_ETH,2025-11-01,2025-11-05,256.4328392075977,3846.42,996674.6557297512,18099.029791272227,0.0181594161015566
B_ETH,2025-11-05,2025-11-21,300.3061137304245,3285.28,842453.6779919366,111930.09470960376,0.13286201678933746
B_ETH,2025-11-21,2025-12-01,348.77808339219644,2832.96,850755.2079537434,92788.92130565993,0.10906653340252602
B_ETH,2025-12-01,2025-12-10,330.6135616593174,2990.02,1042853.4449043352,134718.41410493865,0.12918249900137874
B_ETH,2025-12-10,2025-12-16,298.3235174497742,3316.5,1096479.877243126,38668.6943318397,0.03526621430487554
B_ETH,2025-12-16,2026-01-01,333.9496020232119,2963.25,884007.1630830434,38317.37733614326,0.04334509824842193
B_ETH,2026-01-01,2026-01-07,333.52582036790443,2970.4,991963.8978497488,112598.31695620451,0.11351049892065689
B_ETH,2026-01-07,2026-01-21,300.80314314373567,3295.46,1099120.9999896144,32579.988433897994,0.029641857842954363
B_ETH,2026-01-21,2026-02-01,337.82636335446426,2938.25,883834.8353420814,44285.65797213677,0.05010625990431385
B_ETH,2026-02-01,2026-02-05,405.1606693647279,2450.38,827802.9642365122,9966.95246637227,0.0120402473740413
B_ETH,2026-02-05,2026-02-06,462.1264858988709,2147.01,869884.0087327645,12010.667368511553,0.013807205613549022
B_ETH,2026-02-06,2026-02-07,543.5962767676535,1824.94,843353.1091762853,146857.9701315492,0.17413580211376398
B_ETH,2026-02-07,2026-02-25,480.7574094988021,2062.55,1121194.500647124,43003.75027966776,0.038355298973413735
B_ETH,2026-02-25,2026-02-26,535.0166605956143,1851.1,889930.0407232324,159889.7290189993,0.1796655036940425
B_ETH,2026-02-26,2026-03-01,481.5706085140996,2056.51,1100267.1126814869,12800.146774304732,0.011633672066330505
B_ETH,2026-03-01,2026-03-16,504.283569923528,1963.48,945554.2584052644,124058.801036887,0.13120220223651663
B_ETH,2026-03-16,2026-04-01,454.4000030486729,2177.73,1098193.458729565,94537.92063427648,0.0860849423958888
B_ETH,2026-04-01,2026-04-14,470.1371912520869,2104.48,956275.7184158711,136983.8734151205,0.14324725680794512
B_ETH,2026-04-14,2026-05-01,417.6269675366533,2368.8,1113660.9786379435,39699.61953403424,0.035647850014991656
B_ETH,2026-05-01,2026-05-28,437.9578021371604,2256.5,942375.252246458,72709.75431081136,0.07715584013638305
B_ETH,2026-05-28,2026-06-01,489.034147241034,2023.7,886295.2041849715,10905.461483475037,0.012304547550275413
B_ETH,2026-06-01,2026-06-05,493.4599974500732,2006.3,981149.2096096864,7204.515962771136,0.00734293611227306
B_ETH,2026-06-05,2026-06-06,559.541726402887,1769.85,873350.1764870121,2512.3423515489676,0.0028766724037941837
B_ETH,2026-06-06,2026-06-16,625.7490378554655,1582.35,885390.8507736082,166718.3161558317,0.18829911785304984
B_ETH,2026-06-16,2026-06-26,551.2580064622862,1795.15,1123313.385306239,24470.342906860813,0.021784074886804346
B_ETH,2026-06-26,2026-07-01,631.5522402541933,1566.98,863810.2709662732,44347.59831064947,0.05133951262357818
B_ETH,2026-07-01,2026-07-04,629.7493496079051,1571.48,992471.7145146596,128481.46230700478,0.12945604436680094
B_ETH,2026-07-04,2026-07-27,563.3584242186482,1757.41,1106727.8044944284,118057.39137925989,0.1066724725807268
B_ETH,2026-07-27,,507.5419463788735,1953.8,1100689.6892383948,14312.682887884255,0.013003376907970942
C_HYPE,2025-07-14,2025-07-24,13471.320446278964,48.938,659259.48,12824.697064857548,0.019453185663492543
C_HYPE,2025-07-24,2025-08-01,15185.34131182176,43.692,588588.9329388204,36748.52597460868,0.06243495913374305
C_HYPE,2025-08-01,2025-08-11,16294.782433275706,40.832,620047.8564443061,75721.85396743218,0.12212259615195309
C_HYPE,2025-08-11,2025-08-22,14728.60693224936,45.267,737615.9164070914,63156.26652548521,0.08562215798313816
C_HYPE,2025-08-22,2025-08-23,16537.426405264163,40.441,595639.5929470963,83861.28930109454,0.14079199954819482
C_HYPE,2025-08-23,2025-09-01,14762.974097843591,45.313,749360.402701735,87308.22881464692,0.11651033134372576
C_HYPE,2025-09-01,2025-09-09,15150.294958027856,44.273,653601.1522338295,115975.50790370315,0.17744079475277955
C_HYPE,2025-09-09,2025-09-12,13209.765833275607,50.861,770559.1518602548,83723.49585130082,0.10865291217316506
C_HYPE,2025-09-12,2025-09-22,11781.036066495948,57.05,753617.1407883733,28274.486559590343,0.037518369778601186
C_HYPE,2025-09-22,2025-09-24,13228.878248896635,50.884,599466.2392075799,5820.706429514489,0.009709815246991627
C_HYPE,2025-09-24,2025-10-01,15100.69042666254,44.652,590695.8715697326,52535.30199435897,0.0889379874193976
C_HYPE,2025-10-01,2025-10-03,14962.3729338226,45.211,682717.3148798401,87888.97861327398,0.12873407001365222
C_HYPE,2025-10-03,2025-10-08,13312.749436875622,50.822,760417.7172427322,8839.665626085338,0.011624749694336274
C_HYPE,2025-10-08,2025-10-11,15030.401606725987,45.132,600831.0075850706,33412.582771751855,0.05561061654598615
C_HYPE,2025-10-11,2025-10-14,18023.787639766622,37.599,565128.0700112904,108755.53461835191,0.19244405010032353
C_HYPE,2025-10-14,2025-10-16,15991.97803329007,42.409,764370.8100148627,11786.087810534811,0.015419332680045224
C_HYPE,2025-10-16,2025-10-26,18144.937909149216,37.374,597684.1870161832,132258.45241978852,0.22128484455990372
C_HYPE,2025-10-26,2025-11-01,15367.27770111879,44.211,802205.849901396,91742.64787567916,0.11436297539709517
C_HYPE,2025-11-01,2025-11-05,15585.855452398322,43.65,670781.6716538352,12733.643904609431,0.018983291349052807
C_HYPE,2025-11-05,2025-11-22,17463.60812686056,38.978,607505.4738235818,75460.25071616445,0.1242132852585258
C_HYPE,2025-11-22,2025-11-23,20213.060807284397,33.829,590776.3993235659,13906.585835411714,0.023539508097030686
C_HYPE,2025-11-23,2025-11-25,22805.59212904805,29.971,605805.6454551206,106228.44813710576,0.1753507068381643
C_HYPE,2025-11-25,2025-12-01,20284.78250664033,33.706,768685.2883016937,62152.573600345975,0.08085568248309224
C_HYPE,2025-12-01,2025-12-10,21428.89159279301,31.925,647591.6815244927,90794.21367866395,0.14020287207044677
C_HYPE,2025-12-10,2025-12-18,24571.70932570517,27.897,597801.7887641466,57768.088624732925,0.09663418495979847
C_HYPE,2025-12-18,2026-01-01,28076.428132633075,24.466,601171.4403627027,62722.74044830224,0.10433419859476349
C_HYPE,2026-01-01,2026-01-07,27054.975759826702,25.447,714460.8666911138,79731.01356420926,0.11159605414564959
C_HYPE,2026-01-07,2026-01-10,24411.11282373469,28.24,764032.5154575062,3588.4335850890484,0.0046967027089681885
C_HYPE,2026-01-10,2026-01-21,27518.593114273903,25.072,612035.4207166762,49918.72790929286,0.08156182831843203
C_HYPE,2026-01-21,2026-01-25,32954.37404009846,20.974,577174.9719787809,91481.34233531333,0.1584984567533821
C_HYPE,2026-01-25,2026-01-28,29824.259968931645,23.2,764541.4777302842,233673.07685657946,0.3056381944774158
C_HYPE,2026-01-28,2026-01-29,22482.466923870343,30.806,918766.1526029084,90896.6137732077,0.09893335046757355
C_HYPE,2026-01-29,2026-01-30,20121.91542915218,34.422,773891.4764534648,2917.677737227129,0.003770138095586808
C_HYPE,2026-01-30,2026-02-01,22504.91169121393,30.773,619211.7035013001,48092.9962841241,0.07766809963730462
C_HYPE,2026-02-01,2026-02-05,22333.58751523466,31.001,697674.7673393232,165558.88425043455,0.2373009488100246
C_HYPE,2026-02-05,2026-02-08,19546.07321946131,35.478,792351.0178654953,26465.383139150596,0.03340108429524754
C_HYPE,2026-02-08,2026-02-24,22088.674370334844,31.392,613590.3305053294,46651.28027014715,0.07603001212833153
C_HYPE,2026-02-24,2026-03-01,26341.274208932697,26.372,582522.5204944705,131680.0297704545,0.2260513973926343
C_HYPE,2026-03-01,2026-03-10,22255.006612021614,31.192,821637.0251250287,92425.04245972574,0.11248889671891478
C_HYPE,2026-03-10,2026-03-17,20059.85541924875,34.654,771224.9991329972,136045.93945334494,0.1764023982706555
C_HYPE,2026-03-17,2026-04-01,17039.20006954182,40.78,818040.9039969641,51134.639408694966,0.0625086583798562
C_HYPE,2026-04-01,2026-04-11,19043.99877054425,36.587,623413.2129443267,108798.36497611919,0.1745204668702383
C_HYPE,2026-04-11,2026-05-01,16781.93455306081,41.572,791697.1168890656,70903.67348668183,0.08955909017995958
C_HYPE,2026-05-01,2026-05-06,17614.43688489478,39.681,665923.945000006,86645.4150367975,0.13011307925981955
C_HYPE,2026-05-06,2026-05-14,16008.92902306248,43.682,769433.8320059739,17737.893357553177,0.02305317575042042
C_HYPE,2026-05-14,2026-05-15,18024.3089717643,38.82,621466.6246752855,107064.3952922799,0.17227698325428295
C_HYPE,2026-05-15,2026-05-21,15870.842332508058,44.116,795160.4145983539,171198.77624076442,0.21530092934422446
C_HYPE,2026-05-21,2026-05-25,12762.37168495305,54.813,869928.4807717643,125620.02449499292,0.14440270352287818
C_HYPE,2026-05-25,2026-06-01,11155.599052001353,62.79,801349.318098202,115114.62661760191,0.14365099466334744
C_HYPE,2026-06-01,2026-06-05,9733.280379694465,72.075,804039.8016729975,36402.46862005725,0.04527446097110266
C_HYPE,2026-06-05,2026-06-07,10905.922843233428,64.415,626969.2556580189,17253.16993799521,0.027518366781617717
C_HYPE,2026-06-07,2026-06-09,12438.997958138649,56.494,616119.2051056293,115321.95006990343,0.18717473682731947
C_HYPE,2026-06-09,2026-06-11,11025.03408989149,63.775,793297.0947802924,2359.3572952367635,0.002974115638089157
C_HYPE,2026-06-11,2026-06-12,13193.20217233185,53.289,587513.0416162276,83262.2989095863,0.14171991600481695
C_HYPE,2026-06-12,2026-06-16,11928.344989253595,58.945,777673.302048101,116241.72192027626,0.14947372066668482
C_HYPE,2026-06-16,2026-06-17,10528.047728002588,66.859,797517.2176365061,106691.23567557822,0.13377922547147586
C_HYPE,2026-06-17,2026-06-24,9568.71346681627,73.565,774495.8311105104,29414.225196993197,0.03797854554596844
C_HYPE,2026-06-24,2026-07-01,11330.580752147796,62.175,594934.7597993016,63938.46718437002,0.10747139267159202
C_HYPE,2026-07-01,2026-07-24,10843.960899131493,65.044,736986.2944427013,86101.04953910403,0.11682856274038643
C_HYPE,2026-07-24,2026-08-01,12335.64802592361,57.444,622920.4898897095,37154.97185408192,0.05964641147164762
C_HYPE,2026-08-01,,13495.567519510942,52.539,648102.6116340006,73483.36514373709,0.11338230061821591
