conditioning_symbol,regime,asset_x,asset_y,n_intervals,regime_information_lag_calendar_days,median_return_horizon_calendar_days,max_return_horizon_calendar_days,pearson_correlation,spearman_correlation,hac_beta_y_on_x,hac_beta_standard_error,hac_beta_p_value,downside_correlation_x_bottom_20pct,lower_tail_probability_y_given_x,lower_tail_lift_vs_independence,joint_lower_tail_share,hac_beta_fdr_q_value
BTCUSDT,all,BTCUSDT,ETHUSDT,2037,,1,1,0.8135873579,0.8122046836,1.099477672,0.03427317139,4.294190346e-183,0.7420970236,0.681372549,6.81372549,0.06823760432,1.932385656e-181
BTCUSDT,uptrend_low_vol,BTCUSDT,ETHUSDT,663,1,1,1,0.7890644022,0.8133736159,1.021846283,0.04955611144,2.540166392e-73,0.6539421139,0.6865671642,6.865671642,0.06938159879,2.857687191e-72
BTCUSDT,uptrend_high_vol,BTCUSDT,ETHUSDT,242,1,1,1,0.7283625959,0.7153986743,1.01204375,0.09150546815,3.004085655e-23,0.6116115144,0.6,6,0.06198347107,2.253064242e-22
BTCUSDT,downtrend_low_vol,BTCUSDT,ETHUSDT,497,1,1,1,0.8904238184,0.8618893696,1.203555803,0.05501846784,1.012267086e-74,0.8634942547,0.78,7.8,0.07847082495,1.518400629e-73
BTCUSDT,downtrend_high_vol,BTCUSDT,ETHUSDT,352,1,1,1,0.8925748807,0.8897553108,1.226559538,0.04712295146,7.398397373e-84,0.771464868,0.6944444444,6.944444444,0.07102272727,1.664639409e-82
BTCUSDT,all,BTCUSDT,DJIA,1399,,1,4,0.3275536668,0.3104427793,0.08299452215,0.009217926121,6.970988349e-19,0.2635883859,0.2714285714,2.714285714,0.02716225876,2.614120631e-18
BTCUSDT,uptrend_low_vol,BTCUSDT,DJIA,454,1,1,4,0.290630097,0.2751338401,0.07536088976,0.01782458851,2.855660422e-05,0.2858103006,0.2391304348,2.391304348,0.02422907489,4.58945425e-05
BTCUSDT,uptrend_high_vol,BTCUSDT,DJIA,171,1,1,4,0.2814375308,0.263630691,0.06309417248,0.01899253718,0.001095232128,0.3334813905,0.3333333333,3.333333333,0.0350877193,0.001408155594
BTCUSDT,downtrend_low_vol,BTCUSDT,DJIA,338,1,1,4,0.4081975771,0.3671241727,0.1182390601,0.01865524392,7.484421665e-10,0.3655132902,0.2941176471,2.941176471,0.02958579882,1.871105416e-09
BTCUSDT,downtrend_high_vol,BTCUSDT,DJIA,242,1,1,4,0.4321723618,0.4349412224,0.1518532602,0.02800248109,1.428885271e-07,0.2863590265,0.32,3.2,0.03305785124,2.922719872e-07
BTCUSDT,all,BTCUSDT,NASDAQ100,1399,,1,4,0.3759512002,0.3721547536,0.1484183884,0.01443762877,6.033611201e-24,0.2565013044,0.2928571429,2.928571429,0.02930664761,5.430250081e-23
BTCUSDT,uptrend_low_vol,BTCUSDT,NASDAQ100,454,1,1,4,0.3295893089,0.3183295626,0.1284561178,0.02558562416,7.423187622e-07,0.3008597326,0.3043478261,3.043478261,0.03083700441,1.452362796e-06
BTCUSDT,uptrend_high_vol,BTCUSDT,NASDAQ100,171,1,1,4,0.2679059769,0.2751673987,0.08856452783,0.02445375922,0.0003866567234,0.3869107456,0.3333333333,3.333333333,0.0350877193,0.0005437360173
BTCUSDT,downtrend_low_vol,BTCUSDT,NASDAQ100,338,1,1,4,0.5030993889,0.4792486088,0.2365841663,0.02674603301,5.258948369e-17,0.38033721,0.4411764706,4.411764706,0.04437869822,1.735610485e-16
BTCUSDT,downtrend_high_vol,BTCUSDT,NASDAQ100,242,1,1,4,0.4891527933,0.4943068304,0.2691506378,0.04295715903,1.705626827e-09,0.3018781393,0.32,3.2,0.03305785124,4.039642485e-09
BTCUSDT,all,BTCUSDT,NIKKEI225,1363,,1,7,0.07203481654,0.01300726849,0.02793057054,0.01493471558,0.06167367598,0.2265807447,0.1678832117,1.678832117,0.01687454145,0.07500852484
BTCUSDT,uptrend_low_vol,BTCUSDT,NIKKEI225,439,1,1,7,0.0106320208,0.004002643844,0.003972729346,0.01907224236,0.8350925456,0.07330012853,0.09090909091,0.9090909091,0.009111617312,0.8540719216
BTCUSDT,uptrend_high_vol,BTCUSDT,NIKKEI225,173,1,1,5,0.1739638237,-0.07907764763,0.07775524432,0.08307720461,0.3506241816,0.6539076648,0.1666666667,1.666666667,0.01734104046,0.3848314189
BTCUSDT,downtrend_low_vol,BTCUSDT,NIKKEI225,323,1,1,6,0.1075342212,0.05687243115,0.04350021493,0.02491259428,0.08174787732,0.3506215672,0.09090909091,0.9090909091,0.009287925697,0.09680669682
BTCUSDT,downtrend_high_vol,BTCUSDT,NIKKEI225,240,1,1,5,0.01003991023,-0.005940207295,0.005528872014,0.03465153895,0.8733659137,0.06562896132,0.125,1.25,0.0125,0.8733659137
BTCUSDT,all,BTCUSDT,SP500,1399,,1,4,0.3732414542,0.3654816504,0.107791996,0.01114597138,1.852442036e-21,0.2948805272,0.2928571429,2.928571429,0.02930664761,1.190855594e-20
BTCUSDT,uptrend_low_vol,BTCUSDT,SP500,454,1,1,4,0.3240306503,0.3264262359,0.09162251003,0.01944515652,3.272843276e-06,0.3066953462,0.2826086957,2.826086957,0.02863436123,5.891117896e-06
BTCUSDT,uptrend_high_vol,BTCUSDT,SP500,171,1,1,4,0.2940906899,0.2950992392,0.07098827006,0.02032142989,0.0006091211218,0.4422288714,0.3333333333,3.333333333,0.0350877193,0.00080618972
BTCUSDT,downtrend_low_vol,BTCUSDT,SP500,338,1,1,4,0.4981465437,0.4489410536,0.1688753888,0.02150265632,5.490628038e-14,0.4346361312,0.3529411765,3.529411765,0.03550295858,1.647188411e-13
BTCUSDT,downtrend_high_vol,BTCUSDT,SP500,242,1,1,4,0.4627898687,0.4803722713,0.1932691396,0.03403023004,3.893860677e-08,0.2920736892,0.32,3.2,0.03305785124,8.343987164e-08
BTCUSDT,all,ETHUSDT,DJIA,1399,,1,4,0.3401453273,0.3120898522,0.0650842872,0.007670033213,5.399677063e-17,0.2525902791,0.3,3,0.03002144389,1.735610485e-16
BTCUSDT,uptrend_low_vol,ETHUSDT,DJIA,454,1,1,4,0.2983922127,0.2423607667,0.0604622869,0.01216633529,9.535403573e-07,0.2799354968,0.2173913043,2.173913043,0.02202643172,1.78788817e-06
BTCUSDT,uptrend_high_vol,ETHUSDT,DJIA,171,1,1,4,0.3182021565,0.2969592243,0.05344202636,0.01525430684,0.0005879268481,0.398504154,0.3333333333,3.333333333,0.0350877193,0.0008017184292
BTCUSDT,downtrend_low_vol,ETHUSDT,DJIA,338,1,1,4,0.4293951496,0.3681556085,0.09759387019,0.01320957157,1.188800749e-12,0.3614885054,0.4117647059,4.117647059,0.04142011834,3.343502108e-12
BTCUSDT,downtrend_high_vol,ETHUSDT,DJIA,242,1,1,4,0.4348279096,0.4660151962,0.1050437447,0.0281290051,0.0002351269661,0.3739526028,0.28,2.8,0.02892561983,0.0003413133379
BTCUSDT,all,ETHUSDT,NASDAQ100,1399,,1,4,0.3903680269,0.3869754213,0.1163791433,0.01244466581,3.307338073e-20,0.2419556909,0.35,3.5,0.03502501787,1.653669036e-19
BTCUSDT,uptrend_low_vol,ETHUSDT,NASDAQ100,454,1,1,4,0.3630105077,0.3272342618,0.1105585992,0.01747334948,6.012178695e-10,0.2944424734,0.3260869565,3.260869565,0.03303964758,1.591459066e-09
BTCUSDT,uptrend_high_vol,ETHUSDT,NASDAQ100,171,1,1,4,0.3319194969,0.3128278974,0.08220206618,0.01754210483,5.70648713e-06,0.417609251,0.3333333333,3.333333333,0.0350877193,9.87661234e-06
BTCUSDT,downtrend_low_vol,ETHUSDT,NASDAQ100,338,1,1,4,0.5277547432,0.4713144156,0.1947327027,0.01942820708,7.358840517e-21,0.3707801305,0.4411764706,4.411764706,0.04437869822,4.139347791e-20
BTCUSDT,downtrend_high_vol,ETHUSDT,NASDAQ100,242,1,1,4,0.4820167699,0.5234968402,0.1823470227,0.0422427081,2.317956763e-05,0.2680331453,0.36,3.6,0.03719008264,3.863261272e-05
BTCUSDT,all,ETHUSDT,NIKKEI225,1363,,1,7,0.1069748763,0.06005301645,0.03144860917,0.01147411162,0.006208556667,0.2375593571,0.1678832117,1.678832117,0.01687454145,0.007760695834
BTCUSDT,uptrend_low_vol,ETHUSDT,NIKKEI225,439,1,1,7,0.04593130446,0.01908290948,0.01345628733,0.01666425173,0.4198210881,0.2244730057,0.06818181818,0.6818181818,0.006833712984,0.4393476503
BTCUSDT,uptrend_high_vol,ETHUSDT,NIKKEI225,173,1,1,5,0.2854130113,0.06719942892,0.09498816903,0.07076000252,0.1812460357,0.6382319138,0.1666666667,1.666666667,0.01734104046,0.2039017901
BTCUSDT,downtrend_low_vol,ETHUSDT,NIKKEI225,323,1,1,6,0.1062542911,0.06063396627,0.03358444882,0.02026463256,0.09843706838,0.343155673,0.09090909091,0.9090909091,0.009287925697,0.1135812327
BTCUSDT,downtrend_high_vol,ETHUSDT,NIKKEI225,240,1,1,5,0.05892031734,0.07037188146,0.02268346013,0.02527239054,0.3703277882,0.1027954066,0.1666666667,1.666666667,0.01666666667,0.3967797731
BTCUSDT,all,ETHUSDT,SP500,1399,,1,4,0.3916368316,0.375663803,0.08541317183,0.00940633083,3.58934034e-19,0.2836174732,0.3357142857,3.357142857,0.0335954253,1.468366503e-18
BTCUSDT,uptrend_low_vol,ETHUSDT,SP500,454,1,1,4,0.3518392887,0.3200388432,0.07774135055,0.0131298241,6.339123576e-09,0.3301766794,0.2826086957,2.826086957,0.02863436123,1.426302805e-08
BTCUSDT,uptrend_high_vol,ETHUSDT,SP500,171,1,1,4,0.3489212042,0.3175246598,0.06309649584,0.01632390974,0.0001579897891,0.4620424731,0.3333333333,3.333333333,0.0350877193,0.0002369846837
BTCUSDT,downtrend_low_vol,ETHUSDT,SP500,338,1,1,4,0.5307096066,0.4502568412,0.1411695564,0.0146837846,1.723295347e-19,0.4402990137,0.4705882353,4.705882353,0.04733727811,7.75482906e-19
BTCUSDT,downtrend_high_vol,ETHUSDT,SP500,242,1,1,4,0.461511073,0.5131405424,0.1325093272,0.03349062338,0.0001001449977,0.3202079537,0.32,3.2,0.03305785124,0.0001553974102
