symbol,regime,start_date,end_date,observations,calendar_days,cumulative_next_return,max_drawdown
BTCUSDT,uptrend_low_vol,2021-10-10 00:00:00+00:00,2021-10-10 00:00:00+00:00,1,1,0.05118848263,0
BTCUSDT,uptrend_high_vol,2021-10-11 00:00:00+00:00,2021-10-13 00:00:00+00:00,3,3,-0.002118608327,-0.02588121289
BTCUSDT,uptrend_low_vol,2021-10-14 00:00:00+00:00,2021-10-14 00:00:00+00:00,1,1,0.07536208444,0
BTCUSDT,uptrend_high_vol,2021-10-15 00:00:00+00:00,2021-10-19 00:00:00+00:00,5,5,0.07069279231,-0.01258898975
BTCUSDT,uptrend_low_vol,2021-10-20 00:00:00+00:00,2021-12-03 00:00:00+00:00,45,45,-0.2562442253,-0.2732159529
BTCUSDT,downtrend_low_vol,2021-12-04 00:00:00+00:00,2021-12-05 00:00:00+00:00,2,2,0.02623471426,0
BTCUSDT,uptrend_low_vol,2021-12-06 00:00:00+00:00,2021-12-12 00:00:00+00:00,7,7,-0.07426496369,-0.07705586707
BTCUSDT,downtrend_low_vol,2021-12-13 00:00:00+00:00,2021-12-13 00:00:00+00:00,1,1,0.03522091828,0
BTCUSDT,uptrend_high_vol,2021-12-14 00:00:00+00:00,2021-12-15 00:00:00+00:00,2,2,-0.01447602477,-0.02549555478
BTCUSDT,uptrend_low_vol,2021-12-16 00:00:00+00:00,2021-12-16 00:00:00+00:00,1,1,-0.03147896566,-0.03147896566
BTCUSDT,downtrend_low_vol,2021-12-17 00:00:00+00:00,2021-12-18 00:00:00+00:00,2,2,0.01177877752,-0.003147642504
BTCUSDT,uptrend_low_vol,2021-12-19 00:00:00+00:00,2021-12-29 00:00:00+00:00,11,11,0.009136544184,-0.08621722416
BTCUSDT,downtrend_low_vol,2021-12-30 00:00:00+00:00,2022-02-16 00:00:00+00:00,49,49,-0.1402127019,-0.2653976
BTCUSDT,downtrend_high_vol,2022-02-17 00:00:00+00:00,2022-02-19 00:00:00+00:00,3,3,-0.05244531595,-0.05244531595
BTCUSDT,downtrend_low_vol,2022-02-20 00:00:00+00:00,2022-02-27 00:00:00+00:00,8,8,0.124762498,-0.03911195907
BTCUSDT,downtrend_high_vol,2022-02-28 00:00:00+00:00,2022-03-28 00:00:00+00:00,29,29,0.09879504113,-0.1498036901
BTCUSDT,uptrend_high_vol,2022-03-29 00:00:00+00:00,2022-03-29 00:00:00+00:00,1,1,-0.007703744319,-0.007703744319
BTCUSDT,downtrend_low_vol,2022-03-30 00:00:00+00:00,2022-04-03 00:00:00+00:00,5,5,-0.01003757449,-0.03288192939
BTCUSDT,uptrend_low_vol,2022-04-04 00:00:00+00:00,2022-04-10 00:00:00+00:00,7,7,-0.1518927286,-0.1518927286
BTCUSDT,downtrend_low_vol,2022-04-11 00:00:00+00:00,2022-04-19 00:00:00+00:00,9,9,0.04612257503,-0.03600066132
BTCUSDT,uptrend_low_vol,2022-04-20 00:00:00+00:00,2022-04-29 00:00:00+00:00,10,10,-0.08984772925,-0.08984772925
BTCUSDT,downtrend_low_vol,2022-04-30 00:00:00+00:00,2022-04-30 00:00:00+00:00,1,1,0.02195961664,0
BTCUSDT,uptrend_low_vol,2022-05-01 00:00:00+00:00,2022-05-01 00:00:00+00:00,1,1,0.002213810955,0
BTCUSDT,downtrend_low_vol,2022-05-02 00:00:00+00:00,2022-05-02 00:00:00+00:00,1,1,-0.02109506406,-0.02109506406
BTCUSDT,uptrend_low_vol,2022-05-03 00:00:00+00:00,2022-05-04 00:00:00+00:00,2,2,-0.0312412994,-0.07935943957
BTCUSDT,downtrend_low_vol,2022-05-05 00:00:00+00:00,2022-05-08 00:00:00+00:00,4,4,-0.1773136224,-0.1773136224
BTCUSDT,downtrend_high_vol,2022-05-09 00:00:00+00:00,2022-06-07 00:00:00+00:00,30,30,0.004521469494,-0.08623309624
BTCUSDT,downtrend_low_vol,2022-06-08 00:00:00+00:00,2022-06-12 00:00:00+00:00,5,5,-0.2557257597,-0.2557257597
BTCUSDT,downtrend_high_vol,2022-06-13 00:00:00+00:00,2022-07-15 00:00:00+00:00,33,33,-0.05731704604,-0.1598670655
BTCUSDT,downtrend_low_vol,2022-07-16 00:00:00+00:00,2022-09-11 00:00:00+00:00,58,58,0.0567658791,-0.2311801547
BTCUSDT,uptrend_low_vol,2022-09-12 00:00:00+00:00,2022-09-12 00:00:00+00:00,1,1,-0.09932547128,-0.09932547128
BTCUSDT,downtrend_high_vol,2022-09-13 00:00:00+00:00,2022-09-15 00:00:00+00:00,3,3,-0.01835089895,-0.02602760053
BTCUSDT,uptrend_high_vol,2022-09-16 00:00:00+00:00,2022-09-16 00:00:00+00:00,1,1,0.01563723633,0
BTCUSDT,downtrend_high_vol,2022-09-17 00:00:00+00:00,2022-09-17 00:00:00+00:00,1,1,-0.03469804,-0.03469804
BTCUSDT,downtrend_low_vol,2022-09-18 00:00:00+00:00,2022-09-21 00:00:00+00:00,4,4,-0.0006184132547,-0.05535983122
BTCUSDT,downtrend_high_vol,2022-09-22 00:00:00+00:00,2022-09-24 00:00:00+00:00,3,3,-0.03056851876,-0.03056851876
BTCUSDT,downtrend_low_vol,2022-09-25 00:00:00+00:00,2022-09-28 00:00:00+00:00,4,4,0.04163896232,-0.007608124353
BTCUSDT,uptrend_low_vol,2022-09-29 00:00:00+00:00,2022-09-30 00:00:00+00:00,2,2,-0.01422188178,-0.01422188178
BTCUSDT,downtrend_low_vol,2022-10-01 00:00:00+00:00,2022-11-08 00:00:00+00:00,39,39,-0.1760774969,-0.2529321415
BTCUSDT,downtrend_high_vol,2022-11-09 00:00:00+00:00,2022-12-08 00:00:00+00:00,30,30,0.07651681861,-0.1031953605
BTCUSDT,downtrend_low_vol,2022-12-09 00:00:00+00:00,2023-01-12 00:00:00+00:00,35,35,0.1636607873,-0.07721341953
BTCUSDT,uptrend_low_vol,2023-01-13 00:00:00+00:00,2023-03-12 00:00:00+00:00,59,59,0.2105630339,-0.1895218894
BTCUSDT,uptrend_high_vol,2023-03-13 00:00:00+00:00,2023-04-07 00:00:00+00:00,26,26,0.1577727565,-0.04144024381
BTCUSDT,uptrend_low_vol,2023-04-08 00:00:00+00:00,2023-06-14 00:00:00+00:00,68,68,-0.0837532095,-0.1752596616
BTCUSDT,downtrend_low_vol,2023-06-15 00:00:00+00:00,2023-06-19 00:00:00+00:00,5,5,0.1057019241,-0.006759993813
BTCUSDT,uptrend_low_vol,2023-06-20 00:00:00+00:00,2023-07-14 00:00:00+00:00,25,25,0.07019292627,-0.04091945167
BTCUSDT,downtrend_low_vol,2023-07-15 00:00:00+00:00,2023-07-15 00:00:00+00:00,1,1,-0.001968529944,-0.001968529944
BTCUSDT,uptrend_low_vol,2023-07-16 00:00:00+00:00,2023-07-16 00:00:00+00:00,1,1,-0.003001641471,-0.003001641471
BTCUSDT,downtrend_low_vol,2023-07-17 00:00:00+00:00,2023-07-17 00:00:00+00:00,1,1,-0.009310863338,-0.009310863338
BTCUSDT,uptrend_low_vol,2023-07-18 00:00:00+00:00,2023-07-25 00:00:00+00:00,8,8,-0.01707454365,-0.03016215066
BTCUSDT,downtrend_low_vol,2023-07-26 00:00:00+00:00,2023-07-27 00:00:00+00:00,2,2,-0.001230569948,-0.004305290428
BTCUSDT,uptrend_low_vol,2023-07-28 00:00:00+00:00,2023-08-02 00:00:00+00:00,6,6,-0.004085338175,-0.0178814324
BTCUSDT,downtrend_low_vol,2023-08-03 00:00:00+00:00,2023-08-03 00:00:00+00:00,1,1,-0.002710742216,-0.002710742216
BTCUSDT,uptrend_low_vol,2023-08-04 00:00:00+00:00,2023-08-16 00:00:00+00:00,13,13,-0.08561188409,-0.1058268087
BTCUSDT,downtrend_low_vol,2023-08-17 00:00:00+00:00,2023-08-28 00:00:00+00:00,12,12,0.04097753827,-0.02275110204
BTCUSDT,uptrend_low_vol,2023-08-29 00:00:00+00:00,2023-08-30 00:00:00+00:00,2,2,-0.06397449829,-0.06397449829
BTCUSDT,downtrend_low_vol,2023-08-31 00:00:00+00:00,2023-09-02 00:00:00+00:00,3,3,0.0013151805,-0.005106448627
BTCUSDT,uptrend_low_vol,2023-09-03 00:00:00+00:00,2023-09-03 00:00:00+00:00,1,1,-0.005704469207,-0.005704469207
BTCUSDT,downtrend_low_vol,2023-09-04 00:00:00+00:00,2023-09-07 00:00:00+00:00,4,4,0.003323777795,-0.01299126929
BTCUSDT,uptrend_low_vol,2023-09-08 00:00:00+00:00,2023-09-08 00:00:00+00:00,1,1,-0.0002779944247,-0.0002779944247
BTCUSDT,downtrend_low_vol,2023-09-09 00:00:00+00:00,2023-09-11 00:00:00+00:00,3,3,-0.00257988769,-0.02866456053
BTCUSDT,uptrend_low_vol,2023-09-12 00:00:00+00:00,2023-09-16 00:00:00+00:00,5,5,0.02665551503,-0.002891945049
BTCUSDT,downtrend_low_vol,2023-09-17 00:00:00+00:00,2023-10-21 00:00:00+00:00,35,35,0.1307714357,-0.04422223334
BTCUSDT,uptrend_low_vol,2023-10-22 00:00:00+00:00,2023-11-20 00:00:00+00:00,30,30,0.1919683805,-0.05671284076
BTCUSDT,uptrend_high_vol,2023-11-21 00:00:00+00:00,2023-11-21 00:00:00+00:00,1,1,0.04690936564,0
BTCUSDT,uptrend_low_vol,2023-11-22 00:00:00+00:00,2023-12-10 00:00:00+00:00,19,19,0.1031074428,-0.06646761443
BTCUSDT,uptrend_high_vol,2023-12-11 00:00:00+00:00,2023-12-14 00:00:00+00:00,4,4,0.01688837198,-0.02473485095
BTCUSDT,uptrend_low_vol,2023-12-15 00:00:00+00:00,2024-01-07 00:00:00+00:00,24,24,0.1192503812,-0.04736125994
BTCUSDT,uptrend_high_vol,2024-01-08 00:00:00+00:00,2024-01-09 00:00:00+00:00,2,2,-0.00659532026,-0.01828083121
BTCUSDT,uptrend_low_vol,2024-01-10 00:00:00+00:00,2024-01-11 00:00:00+00:00,2,2,-0.08302098669,-0.08302098669
BTCUSDT,uptrend_high_vol,2024-01-12 00:00:00+00:00,2024-02-06 00:00:00+00:00,26,26,0.03592754196,-0.08267451835
BTCUSDT,uptrend_low_vol,2024-02-07 00:00:00+00:00,2024-03-03 00:00:00+00:00,26,26,0.5407682138,-0.02916971016
BTCUSDT,uptrend_high_vol,2024-03-04 00:00:00+00:00,2024-06-01 00:00:00+00:00,90,90,-0.007181930526,-0.202659461
BTCUSDT,downtrend_low_vol,2024-06-02 00:00:00+00:00,2024-06-02 00:00:00+00:00,1,1,0.01541901221,0
BTCUSDT,uptrend_low_vol,2024-06-03 00:00:00+00:00,2024-06-03 00:00:00+00:00,1,1,0.0251062433,0
BTCUSDT,uptrend_high_vol,2024-06-04 00:00:00+00:00,2024-06-04 00:00:00+00:00,1,1,0.007839331255,0
BTCUSDT,uptrend_low_vol,2024-06-05 00:00:00+00:00,2024-06-08 00:00:00+00:00,4,4,-0.02061200591,-0.02511903708
BTCUSDT,downtrend_low_vol,2024-06-09 00:00:00+00:00,2024-06-13 00:00:00+00:00,5,5,-0.05206761872,-0.05206761872
BTCUSDT,uptrend_low_vol,2024-06-14 00:00:00+00:00,2024-06-14 00:00:00+00:00,1,1,0.002634778777,0
BTCUSDT,downtrend_low_vol,2024-06-15 00:00:00+00:00,2024-06-16 00:00:00+00:00,2,2,0.003902515643,-0.002723033715
BTCUSDT,uptrend_low_vol,2024-06-17 00:00:00+00:00,2024-06-17 00:00:00+00:00,1,1,-0.01988954764,-0.01988954764
BTCUSDT,downtrend_low_vol,2024-06-18 00:00:00+00:00,2024-06-19 00:00:00+00:00,2,2,-0.004543361474,-0.004543361474
BTCUSDT,uptrend_low_vol,2024-06-20 00:00:00+00:00,2024-06-21 00:00:00+00:00,2,2,-0.009467419126,-0.01125605206
BTCUSDT,downtrend_low_vol,2024-06-22 00:00:00+00:00,2024-07-14 00:00:00+00:00,23,23,0.006858655044,-0.1309013076
BTCUSDT,uptrend_high_vol,2024-07-15 00:00:00+00:00,2024-08-01 00:00:00+00:00,18,18,-0.04942594843,-0.09868431661
BTCUSDT,downtrend_high_vol,2024-08-02 00:00:00+00:00,2024-08-07 00:00:00+00:00,6,6,0.002864173757,-0.1216680193
BTCUSDT,uptrend_high_vol,2024-08-08 00:00:00+00:00,2024-08-08 00:00:00+00:00,1,1,-0.01380478042,-0.01380478042
BTCUSDT,downtrend_high_vol,2024-08-09 00:00:00+00:00,2024-09-20 00:00:00+00:00,43,43,0.04130994629,-0.1598764297
BTCUSDT,uptrend_high_vol,2024-09-21 00:00:00+00:00,2024-09-21 00:00:00+00:00,1,1,0.003755491894,0
BTCUSDT,uptrend_low_vol,2024-09-22 00:00:00+00:00,2024-10-12 00:00:00+00:00,21,21,-0.01130613735,-0.08400458201
BTCUSDT,downtrend_low_vol,2024-10-13 00:00:00+00:00,2024-10-13 00:00:00+00:00,1,1,0.05132256945,0
BTCUSDT,uptrend_low_vol,2024-10-14 00:00:00+00:00,2024-10-24 00:00:00+00:00,11,11,0.009050191554,-0.03437984008
BTCUSDT,downtrend_low_vol,2024-10-25 00:00:00+00:00,2024-10-26 00:00:00+00:00,2,2,0.01994815699,0
BTCUSDT,uptrend_low_vol,2024-10-27 00:00:00+00:00,2024-11-05 00:00:00+00:00,10,10,0.1115900848,-0.06743516246
BTCUSDT,uptrend_high_vol,2024-11-06 00:00:00+00:00,2024-12-13 00:00:00+00:00,38,38,0.341375154,-0.06975234883
BTCUSDT,uptrend_low_vol,2024-12-14 00:00:00+00:00,2024-12-17 00:00:00+00:00,4,4,-0.01183555104,-0.05555995498
BTCUSDT,uptrend_high_vol,2024-12-18 00:00:00+00:00,2024-12-24 00:00:00+00:00,7,7,-0.007999512882,-0.05310382897
BTCUSDT,uptrend_low_vol,2024-12-25 00:00:00+00:00,2024-12-25 00:00:00+00:00,1,1,-0.0365134932,-0.0365134932
BTCUSDT,uptrend_high_vol,2024-12-26 00:00:00+00:00,2024-12-26 00:00:00+00:00,1,1,-0.01558312707,-0.01558312707
BTCUSDT,uptrend_low_vol,2024-12-27 00:00:00+00:00,2025-01-06 00:00:00+00:00,11,11,0.02823499956,-0.05147856145
BTCUSDT,uptrend_high_vol,2025-01-07 00:00:00+00:00,2025-01-11 00:00:00+00:00,5,5,-0.02497309645,-0.04554670177
BTCUSDT,uptrend_low_vol,2025-01-12 00:00:00+00:00,2025-01-14 00:00:00+00:00,3,3,0.06306990801,-0.000154497518
BTCUSDT,uptrend_high_vol,2025-01-15 00:00:00+00:00,2025-01-16 00:00:00+00:00,2,2,0.03566095959,-0.005202070476
BTCUSDT,uptrend_low_vol,2025-01-17 00:00:00+00:00,2025-01-21 00:00:00+00:00,5,5,-0.003629286109,-0.03073735007
BTCUSDT,uptrend_high_vol,2025-01-22 00:00:00+00:00,2025-01-22 00:00:00+00:00,1,1,0.001921576155,0
BTCUSDT,uptrend_low_vol,2025-01-23 00:00:00+00:00,2025-02-02 00:00:00+00:00,11,11,-0.02474772323,-0.06815885413
BTCUSDT,uptrend_high_vol,2025-02-03 00:00:00+00:00,2025-02-05 00:00:00+00:00,3,3,-0.04717568812,-0.04717568812
BTCUSDT,uptrend_low_vol,2025-02-06 00:00:00+00:00,2025-02-18 00:00:00+00:00,13,13,0.0008589329545,-0.02243286651
BTCUSDT,downtrend_low_vol,2025-02-19 00:00:00+00:00,2025-02-22 00:00:00+00:00,4,4,-0.003929687985,-0.02162786035
BTCUSDT,uptrend_low_vol,2025-02-23 00:00:00+00:00,2025-02-23 00:00:00+00:00,1,1,-0.04888773873,-0.04888773873
BTCUSDT,downtrend_low_vol,2025-02-24 00:00:00+00:00,2025-03-01 00:00:00+00:00,6,6,0.02959421731,-0.07983434319
BTCUSDT,downtrend_high_vol,2025-03-02 00:00:00+00:00,2025-05-05 00:00:00+00:00,65,65,0.02734051631,-0.1902395174
BTCUSDT,uptrend_high_vol,2025-05-06 00:00:00+00:00,2025-05-08 00:00:00+00:00,3,3,0.06346146495,-0.002772500898
BTCUSDT,uptrend_low_vol,2025-05-09 00:00:00+00:00,2025-10-09 00:00:00+00:00,154,154,0.09493704701,-0.1225674829
BTCUSDT,downtrend_low_vol,2025-10-10 00:00:00+00:00,2025-10-20 00:00:00+00:00,11,11,-0.03957950546,-0.07586791635
BTCUSDT,downtrend_high_vol,2025-10-21 00:00:00+00:00,2025-10-21 00:00:00+00:00,1,1,-0.006666746726,-0.006666746726
BTCUSDT,downtrend_low_vol,2025-10-22 00:00:00+00:00,2025-10-22 00:00:00+00:00,1,1,0.02319216605,0
BTCUSDT,downtrend_high_vol,2025-10-23 00:00:00+00:00,2025-10-24 00:00:00+00:00,2,2,0.01421029049,0
BTCUSDT,downtrend_low_vol,2025-10-25 00:00:00+00:00,2025-11-03 00:00:00+00:00,10,10,-0.09086078068,-0.1139541546
BTCUSDT,downtrend_high_vol,2025-11-04 00:00:00+00:00,2025-11-08 00:00:00+00:00,5,5,0.03174263654,-0.02437859337
BTCUSDT,downtrend_low_vol,2025-11-09 00:00:00+00:00,2025-11-25 00:00:00+00:00,17,17,-0.1359741895,-0.2007893075
BTCUSDT,downtrend_high_vol,2025-11-26 00:00:00+00:00,2025-11-27 00:00:00+00:00,2,2,0.00453017036,-0.004867885756
BTCUSDT,downtrend_low_vol,2025-11-28 00:00:00+00:00,2025-11-30 00:00:00+00:00,3,3,-0.05070238355,-0.05070238355
BTCUSDT,downtrend_high_vol,2025-12-01 00:00:00+00:00,2025-12-13 00:00:00+00:00,13,13,0.02176675757,-0.05630847952
BTCUSDT,downtrend_low_vol,2025-12-14 00:00:00+00:00,2025-12-18 00:00:00+00:00,5,5,-0.0002133483434,-0.03006282428
BTCUSDT,downtrend_high_vol,2025-12-19 00:00:00+00:00,2025-12-19 00:00:00+00:00,1,1,0.002506242906,0
BTCUSDT,downtrend_low_vol,2025-12-20 00:00:00+00:00,2026-02-01 00:00:00+00:00,44,44,-0.1090150904,-0.2061379929
BTCUSDT,downtrend_high_vol,2026-02-02 00:00:00+00:00,2026-04-02 00:00:00+00:00,60,60,-0.1494742193,-0.2010915907
BTCUSDT,downtrend_low_vol,2026-04-03 00:00:00+00:00,2026-04-12 00:00:00+00:00,10,10,0.1113850291,-0.03153256799
BTCUSDT,downtrend_high_vol,2026-04-13 00:00:00+00:00,2026-04-14 00:00:00+00:00,2,2,0.005259124824,-0.003738656987
BTCUSDT,downtrend_low_vol,2026-04-15 00:00:00+00:00,2026-05-01 00:00:00+00:00,17,17,0.05184403594,-0.04247922254
BTCUSDT,uptrend_low_vol,2026-05-02 00:00:00+00:00,2026-05-02 00:00:00+00:00,1,1,-0.001575275673,-0.001575275673
BTCUSDT,downtrend_low_vol,2026-05-03 00:00:00+00:00,2026-05-03 00:00:00+00:00,1,1,0.01651746489,0
BTCUSDT,uptrend_low_vol,2026-05-04 00:00:00+00:00,2026-06-01 00:00:00+00:00,29,29,-0.1640578708,-0.1879792206
BTCUSDT,downtrend_low_vol,2026-06-02 00:00:00+00:00,2026-06-10 00:00:00+00:00,9,9,-0.04693690994,-0.08812078525
BTCUSDT,downtrend_high_vol,2026-06-11 00:00:00+00:00,2026-06-12 00:00:00+00:00,2,2,0.01289822463,-0.0008003408918
BTCUSDT,downtrend_low_vol,2026-06-13 00:00:00+00:00,2026-06-13 00:00:00+00:00,1,1,0.01993070281,0
BTCUSDT,downtrend_high_vol,2026-06-14 00:00:00+00:00,2026-07-01 00:00:00+00:00,18,18,-0.06333891915,-0.1158692874
BTCUSDT,downtrend_low_vol,2026-07-02 00:00:00+00:00,2026-07-31 00:00:00+00:00,30,30,0.02143788003,-0.05505664257
ETHUSDT,uptrend_low_vol,2021-10-10 00:00:00+00:00,2021-12-12 00:00:00+00:00,64,64,0.107062644,-0.214708265
ETHUSDT,uptrend_high_vol,2021-12-13 00:00:00+00:00,2021-12-15 00:00:00+00:00,3,3,0.04709268032,-0.01501364764
ETHUSDT,uptrend_low_vol,2021-12-16 00:00:00+00:00,2022-01-04 00:00:00+00:00,20,20,-0.1063387451,-0.1395154817
ETHUSDT,downtrend_low_vol,2022-01-05 00:00:00+00:00,2022-02-03 00:00:00+00:00,30,30,-0.1537887503,-0.3184969938
ETHUSDT,downtrend_high_vol,2022-02-04 00:00:00+00:00,2022-02-06 00:00:00+00:00,3,3,0.04840245186,0
ETHUSDT,downtrend_low_vol,2022-02-07 00:00:00+00:00,2022-02-08 00:00:00+00:00,2,2,0.03290372943,-0.007430182728
ETHUSDT,downtrend_high_vol,2022-02-09 00:00:00+00:00,2022-02-11 00:00:00+00:00,3,3,-0.1002183958,-0.1002183958
ETHUSDT,downtrend_low_vol,2022-02-12 00:00:00+00:00,2022-02-14 00:00:00+00:00,3,3,0.09146602764,-0.01597912874
ETHUSDT,downtrend_high_vol,2022-02-15 00:00:00+00:00,2022-02-19 00:00:00+00:00,5,5,-0.1768397446,-0.1768397446
ETHUSDT,downtrend_low_vol,2022-02-20 00:00:00+00:00,2022-02-27 00:00:00+00:00,8,8,0.1142357825,-0.05836977845
ETHUSDT,downtrend_high_vol,2022-02-28 00:00:00+00:00,2022-03-01 00:00:00+00:00,2,2,0.009372966679,-0.009456884471
ETHUSDT,downtrend_low_vol,2022-03-02 00:00:00+00:00,2022-03-02 00:00:00+00:00,1,1,-0.03884687546,-0.03884687546
ETHUSDT,downtrend_high_vol,2022-03-03 00:00:00+00:00,2022-03-05 00:00:00+00:00,3,3,-0.1001069549,-0.1001069549
ETHUSDT,downtrend_low_vol,2022-03-06 00:00:00+00:00,2022-03-09 00:00:00+00:00,4,4,0.02199366902,-0.04435568173
ETHUSDT,downtrend_high_vol,2022-03-10 00:00:00+00:00,2022-03-10 00:00:00+00:00,1,1,-0.01901790101,-0.01901790101
ETHUSDT,downtrend_low_vol,2022-03-11 00:00:00+00:00,2022-04-06 00:00:00+00:00,27,27,0.2618500796,-0.1005407923
ETHUSDT,uptrend_low_vol,2022-04-07 00:00:00+00:00,2022-04-10 00:00:00+00:00,4,4,-0.07641815109,-0.08559859771
ETHUSDT,downtrend_low_vol,2022-04-11 00:00:00+00:00,2022-04-18 00:00:00+00:00,8,8,0.04086695829,-0.04184889859
ETHUSDT,uptrend_low_vol,2022-04-19 00:00:00+00:00,2022-05-04 00:00:00+00:00,16,16,-0.1141942059,-0.1210545668
ETHUSDT,downtrend_low_vol,2022-05-05 00:00:00+00:00,2022-05-14 00:00:00+00:00,10,10,-0.2193076679,-0.2864107895
ETHUSDT,downtrend_high_vol,2022-05-15 00:00:00+00:00,2022-06-09 00:00:00+00:00,26,26,-0.2248620614,-0.2248620614
ETHUSDT,downtrend_low_vol,2022-06-10 00:00:00+00:00,2022-06-11 00:00:00+00:00,2,2,-0.1369475616,-0.1369475616
ETHUSDT,downtrend_high_vol,2022-06-12 00:00:00+00:00,2022-08-16 00:00:00+00:00,66,66,0.278314219,-0.306940426
ETHUSDT,downtrend_low_vol,2022-08-17 00:00:00+00:00,2022-08-18 00:00:00+00:00,2,2,-0.1228545717,-0.1287042354
ETHUSDT,downtrend_high_vol,2022-08-19 00:00:00+00:00,2022-08-23 00:00:00+00:00,5,5,0.02948473223,-0.02074252778
ETHUSDT,downtrend_low_vol,2022-08-24 00:00:00+00:00,2022-08-28 00:00:00+00:00,5,5,-0.06344106154,-0.1581078529
ETHUSDT,downtrend_high_vol,2022-08-29 00:00:00+00:00,2022-09-03 00:00:00+00:00,6,6,0.01771492323,-0.01828560616
ETHUSDT,downtrend_low_vol,2022-09-04 00:00:00+00:00,2022-09-08 00:00:00+00:00,5,5,0.08829381424,-0.03629740494
ETHUSDT,uptrend_low_vol,2022-09-09 00:00:00+00:00,2022-09-13 00:00:00+00:00,5,5,-0.04779677201,-0.1134485773
ETHUSDT,uptrend_high_vol,2022-09-14 00:00:00+00:00,2022-09-24 00:00:00+00:00,11,11,-0.2087575441,-0.239208996
ETHUSDT,uptrend_low_vol,2022-09-25 00:00:00+00:00,2022-10-13 00:00:00+00:00,19,19,0.001051012759,-0.05956361659
ETHUSDT,downtrend_low_vol,2022-10-14 00:00:00+00:00,2022-11-08 00:00:00+00:00,26,26,-0.1496583935,-0.3300305944
ETHUSDT,downtrend_high_vol,2022-11-09 00:00:00+00:00,2022-12-08 00:00:00+00:00,30,30,0.1460022333,-0.1473259334
ETHUSDT,downtrend_low_vol,2022-12-09 00:00:00+00:00,2023-01-07 00:00:00+00:00,30,30,0.02165870507,-0.1172240474
ETHUSDT,uptrend_low_vol,2023-01-08 00:00:00+00:00,2023-01-23 00:00:00+00:00,16,16,0.2065211491,-0.06209727488
ETHUSDT,downtrend_low_vol,2023-01-24 00:00:00+00:00,2023-01-24 00:00:00+00:00,1,1,0.03561719548,0
ETHUSDT,uptrend_low_vol,2023-01-25 00:00:00+00:00,2023-01-26 00:00:00+00:00,2,2,-0.008892832985,-0.008892832985
ETHUSDT,downtrend_low_vol,2023-01-27 00:00:00+00:00,2023-01-28 00:00:00+00:00,2,2,0.0304242743,-0.01600420768
ETHUSDT,uptrend_low_vol,2023-01-29 00:00:00+00:00,2023-01-29 00:00:00+00:00,1,1,-0.04846050545,-0.04846050545
ETHUSDT,downtrend_low_vol,2023-01-30 00:00:00+00:00,2023-01-30 00:00:00+00:00,1,1,0.01219730254,0
ETHUSDT,uptrend_low_vol,2023-01-31 00:00:00+00:00,2023-02-01 00:00:00+00:00,2,2,0.03709101462,0
ETHUSDT,downtrend_low_vol,2023-02-02 00:00:00+00:00,2023-02-02 00:00:00+00:00,1,1,0.0120877717,0
ETHUSDT,uptrend_low_vol,2023-02-03 00:00:00+00:00,2023-06-13 00:00:00+00:00,131,131,-0.008114541258,-0.2209112927
ETHUSDT,downtrend_low_vol,2023-06-14 00:00:00+00:00,2023-06-19 00:00:00+00:00,6,6,0.08556036311,-0.00417438629
ETHUSDT,uptrend_low_vol,2023-06-20 00:00:00+00:00,2023-07-05 00:00:00+00:00,16,16,0.02983749867,-0.05635805627
ETHUSDT,downtrend_low_vol,2023-07-06 00:00:00+00:00,2023-07-06 00:00:00+00:00,1,1,0.01364902809,0
ETHUSDT,uptrend_low_vol,2023-07-07 00:00:00+00:00,2023-07-08 00:00:00+00:00,2,2,-0.004379679144,-0.004379679144
ETHUSDT,downtrend_low_vol,2023-07-09 00:00:00+00:00,2023-07-19 00:00:00+00:00,11,11,0.01544196239,-0.05847524417
ETHUSDT,uptrend_low_vol,2023-07-20 00:00:00+00:00,2023-07-23 00:00:00+00:00,4,4,-0.02196174678,-0.02210657697
ETHUSDT,downtrend_low_vol,2023-07-24 00:00:00+00:00,2023-07-28 00:00:00+00:00,5,5,0.01666270064,-0.005718928048
ETHUSDT,uptrend_low_vol,2023-07-29 00:00:00+00:00,2023-07-30 00:00:00+00:00,2,2,-0.01301167646,-0.01301167646
ETHUSDT,downtrend_low_vol,2023-07-31 00:00:00+00:00,2023-08-07 00:00:00+00:00,8,8,-1.61691073e-05,-0.02395558047
ETHUSDT,uptrend_low_vol,2023-08-08 00:00:00+00:00,2023-08-16 00:00:00+00:00,9,9,-0.09397637116,-0.09397637116
ETHUSDT,downtrend_low_vol,2023-08-17 00:00:00+00:00,2023-10-31 00:00:00+00:00,76,76,0.0994646044,-0.1122540225
ETHUSDT,uptrend_low_vol,2023-11-01 00:00:00+00:00,2023-11-01 00:00:00+00:00,1,1,-0.02571150308,-0.02571150308
ETHUSDT,downtrend_low_vol,2023-11-02 00:00:00+00:00,2023-11-03 00:00:00+00:00,2,2,0.03076615501,0
ETHUSDT,uptrend_low_vol,2023-11-04 00:00:00+00:00,2023-11-21 00:00:00+00:00,18,18,0.1119725443,-0.08925442315
ETHUSDT,uptrend_high_vol,2023-11-22 00:00:00+00:00,2023-11-25 00:00:00+00:00,4,4,-0.0009399634674,-0.01003423161
ETHUSDT,uptrend_low_vol,2023-11-26 00:00:00+00:00,2023-11-26 00:00:00+00:00,1,1,-0.01668307492,-0.01668307492
ETHUSDT,uptrend_high_vol,2023-11-27 00:00:00+00:00,2023-12-08 00:00:00+00:00,12,12,0.1552745405,-0.02645195883
ETHUSDT,uptrend_low_vol,2023-12-09 00:00:00+00:00,2024-01-09 00:00:00+00:00,32,32,0.1039190574,-0.07432125303
ETHUSDT,uptrend_high_vol,2024-01-10 00:00:00+00:00,2024-02-01 00:00:00+00:00,23,23,-0.1074436736,-0.1529716374
ETHUSDT,uptrend_low_vol,2024-02-02 00:00:00+00:00,2024-02-05 00:00:00+00:00,4,4,0.02762143683,-0.008375252926
ETHUSDT,uptrend_high_vol,2024-02-06 00:00:00+00:00,2024-02-06 00:00:00+00:00,1,1,0.02212721462,0
ETHUSDT,uptrend_low_vol,2024-02-07 00:00:00+00:00,2024-03-17 00:00:00+00:00,40,40,0.4534283192,-0.1344029755
ETHUSDT,uptrend_high_vol,2024-03-18 00:00:00+00:00,2024-05-11 00:00:00+00:00,55,55,-0.1690682091,-0.2133140415
ETHUSDT,uptrend_low_vol,2024-05-12 00:00:00+00:00,2024-05-19 00:00:00+00:00,8,8,0.2516147322,-0.02885180126
ETHUSDT,uptrend_high_vol,2024-05-20 00:00:00+00:00,2024-06-03 00:00:00+00:00,15,15,0.04058792869,-0.03739646671
ETHUSDT,downtrend_high_vol,2024-06-04 00:00:00+00:00,2024-06-15 00:00:00+00:00,12,12,-0.04986992279,-0.1032489706
ETHUSDT,uptrend_high_vol,2024-06-16 00:00:00+00:00,2024-06-17 00:00:00+00:00,2,2,-0.03881356681,-0.03881356681
ETHUSDT,downtrend_high_vol,2024-06-18 00:00:00+00:00,2024-06-18 00:00:00+00:00,1,1,0.02197085868,0
ETHUSDT,uptrend_low_vol,2024-06-19 00:00:00+00:00,2024-06-22 00:00:00+00:00,4,4,-0.03918962586,-0.03918962586
ETHUSDT,downtrend_low_vol,2024-06-23 00:00:00+00:00,2024-06-30 00:00:00+00:00,8,8,0.006164860296,-0.0210761838
ETHUSDT,uptrend_low_vol,2024-07-01 00:00:00+00:00,2024-07-02 00:00:00+00:00,2,2,-0.0423518948,-0.0423518948
ETHUSDT,downtrend_low_vol,2024-07-03 00:00:00+00:00,2024-07-11 00:00:00+00:00,9,9,-0.04902041126,-0.1106335837
ETHUSDT,uptrend_low_vol,2024-07-12 00:00:00+00:00,2024-07-23 00:00:00+00:00,12,12,0.06415084705,-0.05660259911
ETHUSDT,uptrend_high_vol,2024-07-24 00:00:00+00:00,2024-07-26 00:00:00+00:00,3,3,-0.0258139786,-0.04815790105
ETHUSDT,downtrend_high_vol,2024-07-27 00:00:00+00:00,2024-07-27 00:00:00+00:00,1,1,0.006114212002,0
ETHUSDT,uptrend_high_vol,2024-07-28 00:00:00+00:00,2024-08-01 00:00:00+00:00,5,5,-0.08565404846,-0.09911754154
ETHUSDT,downtrend_high_vol,2024-08-02 00:00:00+00:00,2024-09-25 00:00:00+00:00,55,55,-0.1194735134,-0.2558172223
ETHUSDT,downtrend_low_vol,2024-09-26 00:00:00+00:00,2024-09-29 00:00:00+00:00,4,4,-0.01125760611,-0.03417077218
ETHUSDT,downtrend_high_vol,2024-09-30 00:00:00+00:00,2024-10-02 00:00:00+00:00,3,3,-0.09715586068,-0.09715586068
ETHUSDT,downtrend_low_vol,2024-10-03 00:00:00+00:00,2024-10-03 00:00:00+00:00,1,1,0.02752113899,0
ETHUSDT,downtrend_high_vol,2024-10-04 00:00:00+00:00,2024-10-04 00:00:00+00:00,1,1,1.657426514e-05,0
ETHUSDT,downtrend_low_vol,2024-10-05 00:00:00+00:00,2024-11-02 00:00:00+00:00,29,29,0.01817752401,-0.1117154111
ETHUSDT,uptrend_low_vol,2024-11-03 00:00:00+00:00,2024-11-03 00:00:00+00:00,1,1,-0.02438458627,-0.02438458627
ETHUSDT,downtrend_low_vol,2024-11-04 00:00:00+00:00,2024-11-04 00:00:00+00:00,1,1,0.01003182654,0
ETHUSDT,uptrend_low_vol,2024-11-05 00:00:00+00:00,2024-11-05 00:00:00+00:00,1,1,0.1243361333,0
ETHUSDT,uptrend_high_vol,2024-11-06 00:00:00+00:00,2025-02-04 00:00:00+00:00,91,91,0.02369522018,-0.3187358072
ETHUSDT,downtrend_high_vol,2025-02-05 00:00:00+00:00,2025-05-21 00:00:00+00:00,106,106,-0.04423394331,-0.4775060847
ETHUSDT,uptrend_high_vol,2025-05-22 00:00:00+00:00,2025-05-22 00:00:00+00:00,1,1,-0.0519311339,-0.0519311339
ETHUSDT,downtrend_high_vol,2025-05-23 00:00:00+00:00,2025-05-24 00:00:00+00:00,2,2,0.009756908834,0
ETHUSDT,uptrend_high_vol,2025-05-25 00:00:00+00:00,2025-06-08 00:00:00+00:00,15,15,0.05062293385,-0.09979853753
ETHUSDT,uptrend_low_vol,2025-06-09 00:00:00+00:00,2025-06-09 00:00:00+00:00,1,1,0.05099435636,0
ETHUSDT,uptrend_high_vol,2025-06-10 00:00:00+00:00,2025-06-11 00:00:00+00:00,2,2,-0.06192333099,-0.06192333099
ETHUSDT,uptrend_low_vol,2025-06-12 00:00:00+00:00,2025-06-19 00:00:00+00:00,8,8,-0.08933209156,-0.08933209156
ETHUSDT,uptrend_high_vol,2025-06-20 00:00:00+00:00,2025-06-20 00:00:00+00:00,1,1,-0.04605848459,-0.04605848459
ETHUSDT,uptrend_low_vol,2025-06-21 00:00:00+00:00,2025-06-22 00:00:00+00:00,2,2,0.05044822041,-0.02976514732
ETHUSDT,uptrend_high_vol,2025-06-23 00:00:00+00:00,2025-07-11 00:00:00+00:00,19,19,0.2204954385,-0.03825147544
ETHUSDT,uptrend_low_vol,2025-07-12 00:00:00+00:00,2025-07-15 00:00:00+00:00,4,4,0.14571684,0
ETHUSDT,uptrend_high_vol,2025-07-16 00:00:00+00:00,2025-07-20 00:00:00+00:00,5,5,0.1158297607,0
ETHUSDT,uptrend_low_vol,2025-07-21 00:00:00+00:00,2025-08-06 00:00:00+00:00,17,17,0.03920275674,-0.1237385283
ETHUSDT,uptrend_high_vol,2025-08-07 00:00:00+00:00,2025-08-07 00:00:00+00:00,1,1,0.02575222597,0
ETHUSDT,uptrend_low_vol,2025-08-08 00:00:00+00:00,2025-08-11 00:00:00+00:00,4,4,0.1447375313,-0.008872766547
ETHUSDT,uptrend_high_vol,2025-08-12 00:00:00+00:00,2025-09-20 00:00:00+00:00,40,40,-0.03187843053,-0.1420340032
ETHUSDT,uptrend_low_vol,2025-09-21 00:00:00+00:00,2025-10-09 00:00:00+00:00,19,19,-0.1402247575,-0.184186416
ETHUSDT,uptrend_high_vol,2025-10-10 00:00:00+00:00,2025-11-02 00:00:00+00:00,24,24,-0.05702632729,-0.1503762059
ETHUSDT,downtrend_high_vol,2025-11-03 00:00:00+00:00,2025-11-10 00:00:00+00:00,8,8,-0.05158863457,-0.08796690865
ETHUSDT,downtrend_low_vol,2025-11-11 00:00:00+00:00,2025-11-12 00:00:00+00:00,2,2,-0.05450309105,-0.05450309105
ETHUSDT,downtrend_high_vol,2025-11-13 00:00:00+00:00,2025-12-12 00:00:00+00:00,30,30,-0.03625561899,-0.144090622
ETHUSDT,downtrend_low_vol,2025-12-13 00:00:00+00:00,2025-12-16 00:00:00+00:00,4,4,-0.09026954619,-0.09026954619
ETHUSDT,downtrend_high_vol,2025-12-17 00:00:00+00:00,2025-12-17 00:00:00+00:00,1,1,-0.00165960452,-0.00165960452
ETHUSDT,downtrend_low_vol,2025-12-18 00:00:00+00:00,2025-12-18 00:00:00+00:00,1,1,0.05341845577,0
ETHUSDT,downtrend_high_vol,2025-12-19 00:00:00+00:00,2025-12-19 00:00:00+00:00,1,1,-0.0006010079474,-0.0006010079474
ETHUSDT,downtrend_low_vol,2025-12-20 00:00:00+00:00,2026-01-30 00:00:00+00:00,42,42,-0.1767690002,-0.2692565764
ETHUSDT,downtrend_high_vol,2026-01-31 00:00:00+00:00,2026-03-12 00:00:00+00:00,41,41,-0.1466588856,-0.2552379631
ETHUSDT,downtrend_low_vol,2026-03-13 00:00:00+00:00,2026-03-15 00:00:00+00:00,3,3,0.1246526798,0
ETHUSDT,downtrend_high_vol,2026-03-16 00:00:00+00:00,2026-03-16 00:00:00+00:00,1,1,-0.01497240247,-0.01497240247
ETHUSDT,downtrend_low_vol,2026-03-17 00:00:00+00:00,2026-03-17 00:00:00+00:00,1,1,-0.0494290833,-0.0494290833
ETHUSDT,downtrend_high_vol,2026-03-18 00:00:00+00:00,2026-03-26 00:00:00+00:00,9,9,-0.09553804582,-0.09553804582
ETHUSDT,downtrend_low_vol,2026-03-27 00:00:00+00:00,2026-05-01 00:00:00+00:00,36,36,0.1628455799,-0.06871934019
ETHUSDT,uptrend_low_vol,2026-05-02 00:00:00+00:00,2026-05-02 00:00:00+00:00,1,1,0.002491471998,0
ETHUSDT,downtrend_low_vol,2026-05-03 00:00:00+00:00,2026-05-03 00:00:00+00:00,1,1,0.0105269052,0
ETHUSDT,uptrend_low_vol,2026-05-04 00:00:00+00:00,2026-05-26 00:00:00+00:00,23,23,-0.137423224,-0.1461937972
ETHUSDT,downtrend_low_vol,2026-05-27 00:00:00+00:00,2026-05-27 00:00:00+00:00,1,1,-0.007303454069,-0.007303454069
ETHUSDT,uptrend_low_vol,2026-05-28 00:00:00+00:00,2026-05-30 00:00:00+00:00,3,3,-0.001299205543,-0.007553497759
ETHUSDT,downtrend_low_vol,2026-05-31 00:00:00+00:00,2026-05-31 00:00:00+00:00,1,1,-0.000154512513,-0.000154512513
ETHUSDT,uptrend_low_vol,2026-06-01 00:00:00+00:00,2026-06-01 00:00:00+00:00,1,1,-0.0733000997,-0.0733000997
ETHUSDT,downtrend_low_vol,2026-06-02 00:00:00+00:00,2026-06-30 00:00:00+00:00,29,29,-0.1345322116,-0.157071696
ETHUSDT,downtrend_high_vol,2026-07-01 00:00:00+00:00,2026-07-01 00:00:00+00:00,1,1,0.05658008416,0
ETHUSDT,downtrend_low_vol,2026-07-02 00:00:00+00:00,2026-07-02 00:00:00+00:00,1,1,0.03383140185,0
ETHUSDT,downtrend_high_vol,2026-07-03 00:00:00+00:00,2026-07-03 00:00:00+00:00,1,1,0.01282000216,0
ETHUSDT,downtrend_low_vol,2026-07-04 00:00:00+00:00,2026-07-31 00:00:00+00:00,28,28,0.04592289628,-0.04714426832
