date,nav,ret,basis_pnl,funding_pnl,cost,q,F_entry,margin,rebalanced,N_target,N_actual
2025-07-14,998878.0,0.0,0.0,0.0,1122.0,13471.320446278964,48.938,329629.74,True,660000.0,0.0
2025-07-15,999736.7802984779,0.0008587802984778536,121.24188401651527,737.5384144612556,0.0,13471.320446278964,48.938,329629.74,False,659826.2749969955,641086.6687179696
2025-07-16,999896.5152255696,0.00015973492709174753,-296.36904981811654,456.10397690986525,0.0,13471.320446278964,48.938,329629.74,False,659931.700048876,645020.2942882831
2025-07-17,1001659.6917706053,0.001763176545035676,835.2218676692636,927.9546773664154,0.0,13471.320446278964,48.938,329629.74,False,661095.3965685995,632734.4500412766
2025-07-18,1002182.3816051844,0.000522689834579127,-471.49621561971776,994.1860501988689,0.0,13471.320446278964,48.938,329629.74,False,661440.3718594217,613941.9580187175
2025-07-19,1002807.4913395398,0.0006251097343553556,80.82792267758113,544.2818116777712,0.0,13471.320446278964,48.938,329629.74,False,661852.9442840962,597156.6927426539
2025-07-20,1003175.9188600882,0.00036842752054845916,-255.9550884791824,624.3826090276639,0.0,13471.320446278964,48.938,329629.74,False,662096.1064476583,599163.9194891495
2025-07-21,1004340.7438840196,0.0011648250239313348,498.43885651230863,666.3861674190007,0.0,13471.320446278964,48.938,329629.74,False,662864.890963453,619411.3141199067
2025-07-22,1004268.3739838529,-7.236990016663913e-05,-390.66829294213665,318.29839277541635,0.0,13471.320446278964,48.938,329629.74,False,662817.1268293429,596900.7376541746
2025-07-23,1004925.3645592837,0.0006569905754307984,377.1969724957934,279.793602935088,0.0,13471.320446278964,48.938,329629.74,False,663250.7406091273,622927.3287563856
2025-07-24,1005269.5948426005,0.00034423028331680687,255.9550884792781,215.7294979829499,127.45430314553232,15185.34131182176,43.692,331738.96629805816,True,663562.0524361924,588588.9329388204
2025-07-25,1005999.1145430928,0.0007295197004922666,60.74136524736127,668.778335244811,0.0,15185.34131182176,43.692,331738.96629805816,False,663959.4155984413,638665.0848925996
2025-07-26,1006550.6349595218,0.0005515204164290335,-242.96546098922929,794.485877418309,0.0,15185.34131182176,43.692,331738.96629805816,False,664323.4190732845,670189.8534559415
2025-07-27,1007122.9638036189,0.0005723288440970936,-273.336143612802,845.6649877098145,0.0,15185.34131182176,43.692,331738.96629805816,False,664701.1561103885,658466.7699632152
2025-07-28,1007838.4951145475,0.0007155313109286362,-75.92670655903974,791.4580174876932,0.0,15185.34131182176,43.692,331738.96629805816,False,665173.4067756014,662946.4456502025
2025-07-29,1008062.3139152369,0.00022381880068930333,121.48273049450675,102.3360701948665,0.0,15185.34131182176,43.692,331738.96629805816,False,665321.1271840563,664343.4970508902
2025-07-30,1009106.5990551424,0.0010442851399055217,713.7110416556857,330.5740982497267,0.0,15185.34131182176,43.692,331738.96629805816,False,666010.355376394,660440.864333752
2025-07-31,1009063.9463478364,-4.265270730596967e-05,-394.8188741073088,352.1661668014065,0.0,15185.34131182176,43.692,331738.96629805816,False,665982.204589572,641398.4463287275
2025-08-01,1008103.8732053237,-0.0009600731425127015,-1275.568670193076,392.59322107341546,77.09769339303976,16294.782433275706,40.832,332674.27815775684,True,665399.440793153,620047.8564443061
2025-08-02,1009625.4679071765,0.0015215947018527658,1417.6460716949243,103.94863015786386,0.0,16294.782433275706,40.832,332674.27815775684,False,666352.8088187365,613091.1890519984
2025-08-03,1009029.4842835397,-0.0005959836236367701,-651.7912973310143,55.80767369422252,0.0,16294.782433275706,40.832,332674.27815775684,False,665959.4596271362,601358.94570004
2025-08-04,1009080.798323948,5.131404040835332e-05,-81.47391216630443,132.78795257464378,0.0,16294.782433275706,40.832,332674.27815775684,False,665993.3268938058,622134.7933024665
2025-08-05,1009262.0717128098,0.00018127338886179495,16.29478243323773,164.9786064285979,0.0,16294.782433275706,40.832,332674.27815775684,False,666112.9673304545,632384.2114529968
2025-08-06,1009714.3926172842,0.00045232090447435623,325.8956486654493,126.42525580885928,0.0,16294.782433275706,40.832,332674.27815775684,False,666411.4991274076,627332.8288986814
2025-08-07,1009595.7165574816,-0.00011867605980264489,-179.24260676596236,60.56654696330524,0.0,16294.782433275706,40.832,332674.27815775684,False,666333.1729279378,620668.2628834717
2025-08-08,1009303.526421776,-0.00029219013570551763,-407.3695608318695,115.17942512639891,0.0,16294.782433275706,40.832,332674.27815775684,False,666140.3274383722,666212.1797844772
2025-08-09,1010505.6389683475,0.001202112546571414,961.3921635633417,240.72038300808737,0.0,16294.782433275706,40.832,332674.27815775684,False,666933.7217191093,667857.952810238
2025-08-10,1010086.0867966966,-0.0004195521716508083,-651.7912973311302,232.23912568031508,0.0,16294.782433275706,40.832,332674.27815775684,False,666656.8172858198,711202.0740827515
2025-08-11,1010181.5909123209,9.550411562423687e-05,-342.1904310988028,558.0827840093128,120.38823728619626,14728.606932249359,45.267,333359.9250010659,True,666799.3062387407,737615.9164070914
2025-08-12,1010763.1994275033,0.0005816085151823936,338.75795944167834,242.8505557407691,0.0,14728.606932249359,45.267,333359.9250010659,False,667103.7116221522,635745.5896236113
2025-08-13,1011463.1838662421,0.0006999844387387857,368.2151733063177,331.76926543246236,0.0,14728.606932249359,45.267,333359.9250010659,False,667565.7013517198,658795.8594725815
2025-08-14,1011336.273921972,-0.00012690994427003898,-176.743283186999,49.833338917008454,0.0,14728.606932249359,45.267,333359.9250010659,False,667481.9407885015,701390.9907206467
2025-08-15,1012126.2659130491,0.0007899919910770841,633.3300980867116,156.6618929903584,0.0,14728.606932249359,45.267,333359.9250010659,False,668003.3355026124,669238.4417875464
2025-08-16,1011586.1782068684,-0.000540087706180755,-751.1589535446411,211.07124736398586,0.0,14728.606932249359,45.267,333359.9250010659,False,667646.8776165332,703570.8245466196
2025-08-17,1011783.8919190252,0.00019771371215686668,147.28606932235962,50.427642834452996,0.0,14728.606932249359,45.267,333359.9250010659,False,667777.3686665567,681772.4862868906
2025-08-18,1011762.5923933419,-2.129952568328008e-05,-368.2151733061084,346.9156476227566,0.0,14728.606932249359,45.267,333359.9250010659,False,667763.3109796058,678016.6915191669
2025-08-19,1012561.1180356289,0.0007985256422869861,544.958456493212,253.56718579371994,0.0,14728.606932249359,45.267,333359.9250010659,False,668290.3379035151,637704.4943456005
2025-08-20,1012609.3058964765,4.8187860847567205e-05,-353.486566373998,401.6744272215667,0.0,14728.606932249359,45.267,333359.9250010659,False,668322.1418916745,608011.6227701857
2025-08-21,1012751.703066579,0.0001423971701024566,-412.4009941029628,554.7981642053809,0.0,14728.606932249359,45.267,333359.9250010659,False,668416.1240239422,633020.7973411452
2025-08-22,1013318.2746292243,0.0005665715626453748,265.11492478039384,425.95211791746726,124.49548005254499,16537.426405264163,40.441,334395.03062764404,True,668872.2282721228,595639.5929470963
2025-08-23,1013567.6443872527,0.0002493697580284206,132.29941124215748,253.60694031883142,136.53659353250848,14762.974097843593,45.313,334477.3226477934,True,669044.7594473183,749360.402701735
2025-08-24,1013871.3106721624,0.0003036662849097047,-162.39271507632066,466.0589999860069,0.0,14762.974097843593,45.313,334477.3226477934,False,669155.0650436273,662916.5888895687
2025-08-25,1014280.311547923,0.0004090008757605683,29.52594819572327,379.47492756483325,0.0,14762.974097843593,45.313,334477.3226477934,False,669425.0056216292,679864.4831538931
2025-08-26,1014584.0916590434,0.00030378011112043167,14.762974097809186,289.0171370225875,0.0,14762.974097843593,45.313,334477.3226477934,False,669625.5004949687,634527.3896994155
2025-08-27,1014567.7574060225,-1.6334253020933828e-05,-354.31137834815473,337.97712532719015,0.0,14762.974097843593,45.313,334477.3226477934,False,669614.7198879749,720654.5805862349
2025-08-28,1014578.3372574018,1.0579851379268803e-05,-191.918663271939,202.49851465119917,0.0,14762.974097843593,45.313,334477.3226477934,False,669621.7025898852,694420.7756143669
2025-08-29,1015543.8132200646,0.0009654759626628365,620.0449121093495,345.4310505535014,0.0,14762.974097843593,45.313,334477.3226477934,False,670258.9167252426,673280.196706255
2025-08-30,1016050.5892134083,0.0005067759933436755,310.02245605472723,196.7535372890105,0.0,14762.974097843593,45.313,334477.3226477934,False,670593.3888808495,655845.1242967016
2025-08-31,1015994.7645031548,-5.582471025350969e-05,-250.97055966328065,195.14584940975533,0.0,14762.974097843593,45.313,334477.3226477934,False,670556.5445720822,650486.1646991844
2025-09-01,1016286.3767829809,0.0002916122798260767,-14.762974097914084,335.55935443776985,29.18410051377098,15150.294958027856,44.273,335374.5043383837,True,670768.2701831065,653601.1522338295
2025-09-02,1016635.101415357,0.00034872463237610647,60.60117983218549,288.12345254385946,0.0,15150.294958027856,44.273,335374.5043383837,False,670979.1669341356,652962.5623960425
2025-09-03,1017024.4042374457,0.0003893028220887063,151.5029495802484,237.79987250847446,0.0,15150.294958027856,44.273,335374.5043383837,False,671236.1067967141,679778.5844717519
2025-09-04,1016960.0776000834,-6.43266373622464e-05,-272.70530924451174,208.37867188221097,0.0,15150.294958027856,44.273,335374.5043383837,False,671193.6512160552,694595.5729407031
2025-09-05,1017150.7163308817,0.0001906387307982659,-15.150294958100197,205.78902575644435,0.0,15150.294958027856,44.273,335374.5043383837,False,671319.4727783819,686884.072807067
2025-09-06,1017668.2867673559,0.0005175704364741686,303.0058991606045,214.56453731357368,0.0,15150.294958027856,44.273,335374.5043383837,False,671661.0692664549,715215.124378579
2025-09-07,1017781.503620803,0.00011321685344714205,-15.150294958100197,128.36714840534552,0.0,15150.294958027856,44.273,335374.5043383837,False,671735.79238973,696443.9089255825
2025-09-08,1018227.7242456562,0.00044622062485315836,303.0058991606045,143.2147256925143,0.0,15150.294958027856,44.273,335374.5043383837,False,672030.2980021331,713109.2333794133
2025-09-09,1017972.5758276221,-0.00025514841803407764,-333.30648907658957,245.75535497377328,167.59728393127037,13209.765833275607,50.861,335930.9500231153,True,671972.5142536252,770559.1518602548
2025-09-10,1017860.858381095,-0.00011171744652709458,-369.8734433316997,258.1559968046047,0.0,13209.765833275607,50.861,335930.9500231153,False,671788.1665315228,703671.0161727583
2025-09-11,1018540.7152108186,0.000679856829723576,541.6003991642579,138.2564305592717,0.0,13209.765833275607,50.861,335930.9500231153,False,672236.8720391403,732322.9982651331
2025-09-12,1018345.6175660512,-0.00019509764476737472,-26.419531666489643,-30.268052757481993,138.41006034341976,11781.036066495948,57.05,336054.0537967969,True,672199.4582334205,753617.1407883733
2025-09-13,1018523.876128509,0.00017825856245774776,306.30693772885047,-128.04837527110712,0.0,11781.036066495948,57.05,336054.0537967969,False,672225.758244816,650478.1253755073
2025-09-14,1018335.7153559057,-0.000188160772603238,-353.4310819948918,165.27030939170996,0.0,11781.036066495948,57.05,336054.0537967969,False,672101.5721348978,641406.7276043054
2025-09-15,1018607.640408708,0.00027192505280231125,176.71554099752962,95.20951180470604,0.0,11781.036066495948,57.05,336054.0537967969,False,672281.0426697474,632276.424652771
2025-09-16,1018852.0681270722,0.000244427718364168,35.34310819940547,209.08461016477344,0.0,11781.036066495948,57.05,336054.0537967969,False,672442.3649638677,635893.2027251853
2025-09-17,1018921.724834043,6.965670697076712e-05,-82.46725246544686,152.12395943625185,0.0,11781.036066495948,57.05,336054.0537967969,False,672488.3383904684,641041.515486244
2025-09-18,1018839.9954278416,-8.172940620139707e-05,-329.86900986195485,248.13960366051938,0.0,11781.036066495948,57.05,336054.0537967969,False,672434.3969823754,680130.9931548776
2025-09-19,1019050.4837485703,0.00021048832072876394,-164.93450493089372,375.42282565967196,0.0,11781.036066495948,57.05,336054.0537967969,False,672573.3192740565,690545.42903766
2025-09-20,1019545.5790915961,0.0004950953430257505,-58.90518033250988,554.0005233582093,0.0,11781.036066495948,57.05,336054.0537967969,False,672900.0822004534,661269.5544124176
2025-09-21,1019861.4368799895,0.00031585778839339035,-424.1172983937865,739.9750867870788,0.0,11781.036066495948,57.05,336054.0537967969,False,673108.5483407931,638838.4617418093
2025-09-22,1019906.4254800854,4.498860009596683e-05,-565.489731191827,735.8614138421302,125.3830825543962,13228.878248896635,50.884,336569.1204084282,True,673220.9936513423,599466.2392075799
2025-09-23,1020950.4165732879,0.001043991093202494,383.6374692179543,660.3536239844568,0.0,13228.878248896635,50.884,336569.1204084282,False,673827.2749383701,625262.9304340995
2025-09-24,1021630.3468656602,0.0006799302923722425,171.97541723572544,650.2007425144656,142.24586737792356,15100.69042666254,44.652,337138.0144656679,True,674369.9112038052,590695.8715697326
2025-09-25,1022761.2782775508,0.0011309314118906624,392.6179510932767,738.3134607974248,0.0,15100.69042666254,44.652,337138.0144656679,False,675022.4436631836,689588.1290239715
2025-09-26,1022736.4845336708,-2.4793743879999965e-05,-513.4234745066174,488.6297306266346,0.0,15100.69042666254,44.652,337138.0144656679,False,675006.0797922228,610067.8932371666
2025-09-27,1023717.058326104,0.0009805737924331334,588.9269266398614,391.6468657932809,0.0,15100.69042666254,44.652,337138.0144656679,False,675653.2584952286,676677.0387091751
2025-09-28,1023584.5080506783,-0.0001325502754256595,-347.31587981318006,214.76560438747273,0.0,15100.69042666254,44.652,337138.0144656679,False,675565.7753134477,690916.9897815179
2025-09-29,1024420.5047697219,0.0008359967190435855,634.2289979197434,201.76772112390987,0.0,15100.69042666254,44.652,337138.0144656679,False,676117.5331480164,712178.7619022587
2025-09-30,1024995.6549684424,0.000575150198720512,120.80552341334067,454.344675307207,0.0,15100.69042666254,44.652,337138.0144656679,False,676497.132279172,697259.2797607161
2025-10-01,1024945.2162288689,-5.043873957346659e-05,-256.7117372533087,216.891985862056,10.618988182196754,14962.3729338226,45.211,338231.9213555268,True,676470.8512432538,682717.3148798401
2025-10-02,1025424.3890853641,0.0004791728564951336,164.58610227209027,314.586754223079,0.0,14962.3729338226,45.211,338231.9213555268,False,676780.0967963403,706523.2499351031
2025-10-03,1025122.048304383,-0.00030234078098111784,-628.419663220573,468.44233156442033,142.36344932498434,13312.749436875622,50.822,338290.2759404464,True,676674.5117574473,760417.7172427322
2025-10-04,1026063.3634111752,0.000941315106792259,599.0737246594257,342.24138213284687,0.0,13312.749436875622,50.822,338290.2759404464,False,677201.8198513757,657743.0114277138
2025-10-05,1026495.630341321,0.0004322669301457936,-79.87649662125676,512.1434267670528,0.0,13312.749436875622,50.822,338290.2759404464,False,677487.116025272,653962.1905876411
2025-10-06,1027761.0578466663,0.0012654275053453165,386.0697336693446,879.3577716759486,0.0,13312.749436875622,50.822,338290.2759404464,False,678322.2981787998,641727.7738551524
2025-10-07,1028040.1481506636,0.00027909030399727637,-199.6912415530473,478.7815455503231,0.0,13312.749436875622,50.822,338290.2759404464,False,678506.497779438,628348.4606710924
2025-10-08,1027806.1898708442,-0.00023395827981934417,-439.32073141691217,337.29631353112967,131.93386193355687,15030.401606725987,45.132,339176.0426573786,True,678439.1616636334,600831.0075850706
2025-10-09,1028201.9334259806,0.0003957435551363742,135.2736144604322,260.46994067583677,0.0,15030.401606725987,45.132,339176.0426573786,False,678613.2760611472,701063.0221425202
2025-10-10,1027207.7097527287,-0.0009942236732519232,150.30401606733676,-1144.527689319258,0.0,15030.401606725987,45.132,339176.0426573786,False,677957.088436801,660781.5458364945
2025-10-11,1026782.4113145231,-0.00042529843820561655,60.12160642697742,-293.8729823530621,191.5470622795789,18023.787639766622,37.599,338838.1957337926,True,677802.8125286897,565128.0700112904
2025-10-12,1026951.5486385872,0.0001691373240641551,234.30923931680422,-65.17191525270881,0.0,18023.787639766622,37.599,338838.1957337926,False,677788.0221014676,663563.7657456481
2025-10-13,1027066.0204715269,0.00011447183293965645,108.14272583860384,6.329107101066975,0.0,18023.787639766622,37.599,338838.1957337926,False,677863.5735112078,713741.9905347583
2025-10-14,1027581.5097178766,0.0005154892463496653,558.7374168328719,103.07158187645416,146.31975235966152,15991.97803329007,42.409,339101.8982068993,True,678300.3674503559,764370.8100148627
2025-10-15,1027597.8788906723,1.6369172795792112e-05,-31.98395606673286,48.353128862566045,0.0,15991.97803329007,42.409,339101.8982068993,False,678214.6000678438,629620.1671486634
2025-10-16,1027498.3476008225,-9.953128984989599e-05,111.94384623311049,-74.53145719459285,136.94367888832429,18144.937909149216,37.374,339074.4547082714,True,678239.2922446092,597684.1870161832
2025-10-17,1027290.3774804824,-0.00020797012034000364,-399.18863400138383,191.21851366139632,0.0,18144.937909149216,37.374,339074.4547082714,False,678011.6491371185,667298.2365468716
2025-10-18,1027924.4955285667,0.0006341180480842013,453.6234477288335,180.4946003553897,0.0,18144.937909149216,37.374,339074.4547082714,False,678430.167048854,643256.1938172488
2025-10-19,1027211.7771562729,-0.000712718372293748,-889.1019575483023,176.38358525454407,0.0,18144.937909149216,37.374,339074.4547082714,False,677959.7729231402,668822.4113312401
2025-10-20,1027504.6184242746,0.00029284126800170634,254.0291307280127,38.81213727375336,0.0,18144.937909149216,37.374,339074.4547082714,False,678153.0481600213,678366.6486714527
2025-10-21,1028022.222525289,0.0005176041010144399,308.46394445559133,209.14015655883068,0.0,18144.937909149216,37.374,339074.4547082714,False,678494.6668666909,688219.3499561206
2025-10-22,1028230.5298548855,0.00020830732959648595,-90.72468954579249,299.0320191423354,0.0,18144.937909149216,37.374,339074.4547082714,False,678632.1497042244,641314.6854609699
2025-10-23,1028677.8820195072,0.00044735216462169777,-18.14493790910693,465.49710253074596,0.0,18144.937909149216,37.374,339074.4547082714,False,678927.4021328748,657300.3757589303
2025-10-24,1028461.2260173907,-0.000216656002116506,-435.47850981946874,218.8225077029668,0.0,18144.937909149216,37.374,339074.4547082714,False,678784.4091714779,729408.3590098893
2025-10-25,1029275.1971017026,0.0008139710843118374,598.7829510018179,215.1881333100343,0.0,18144.937909149216,37.374,339074.4547082714,False,679321.6300871237,713023.4800779276
2025-10-26,1029398.0521881253,0.00012285508642275817,90.72468954579249,240.66175497041877,208.53135809351562,15367.27770111879,44.211,339701.3572220814,True,679540.3451405044,802205.849901396
2025-10-27,1029407.6342750886,9.582086963229812e-06,-230.50916551679057,240.09125248008854,0.0,15367.27770111879,44.211,339701.3572220814,False,679409.0386215585,726810.7661521143
2025-10-28,1029730.3468635357,0.0003227125884471461,138.30549931007434,184.40708913712564,0.0,15367.27770111879,44.211,339701.3572220814,False,679622.0289299336,715300.6751539763
2025-10-29,1030027.8674184579,0.00029752055492217186,30.734555402165952,266.7859995199906,0.0,15367.27770111879,44.211,339701.3572220814,False,679818.3924961822,732327.618846816
2025-10-30,1030781.8525294361,0.0007539851109782467,445.6510533324982,308.3340576457989,0.0,15367.27770111879,44.211,339701.3572220814,False,680316.0226694279,736953.1694348528
2025-10-31,1030662.9830705379,-0.00011886945889820344,-507.1201641369393,388.25070523878964,0.0,15367.27770111879,44.211,339701.3572220814,False,680237.568826555,697044.3492450472
2025-11-01,1030791.8037836163,0.0001288207130783703,-169.0400547122403,314.09854861444575,16.237780823782085,15585.855452398322,43.65,340161.2952485934,True,680333.3074325306,670781.6716538352
2025-11-02,1031056.3549768942,0.0002645511932779336,62.343421809558734,202.20777146832535,0.0,15585.855452398322,43.65,340161.2952485934,False,680497.1942847503,674025.9048944179
2025-11-03,1031319.0908536084,0.00026273587671422866,-15.585855452472742,278.321732166718,0.0,15585.855452398322,43.65,340161.2952485934,False,680670.5999633817,661105.2307243797
2025-11-04,1031241.4366327493,-7.765422085917089e-05,-233.78783178587295,156.13361092672488,0.0,15585.855452398322,43.65,340161.2952485934,False,680619.3481776145,625959.1266792214
2025-11-05,1031358.3599526831,0.00011692331993381958,62.343421809558734,179.14443390010908,124.5645357759619,17463.60812686056,38.978,340348.25878438546,True,680778.7301623829,607505.4738235818
2025-11-06,1031637.1987877144,0.0002788388350312598,139.70886501493112,139.12997001627724,0.0,17463.60812686056,38.978,340348.25878438546,False,680880.5511998915,721596.2878018783
2025-11-07,1032016.4146656329,0.0003792158779185265,192.0996893953907,187.11618852313373,0.0,17463.60812686056,38.978,340348.25878438546,False,681130.8336793177,671632.9049509303
2025-11-08,1031919.6563862336,-9.675827939924784e-05,-244.49051377597436,147.7322343767402,0.0,17463.60812686056,38.978,340348.25878438546,False,681066.9732149142,736667.381615359
2025-11-09,1032304.1309429206,0.0003844745566869387,279.41773002973815,105.05682665720211,0.0,17463.60812686056,38.978,340348.25878438546,False,681320.7264223276,700412.9311439964
2025-11-10,1032458.6510762348,0.00015452013331418858,52.390824380583666,102.12930893364064,0.0,17463.60812686056,38.978,340348.25878438546,False,681422.709710315,729524.765891473
2025-11-11,1032493.5463918692,3.489531563443598e-05,-209.56329752233466,244.45861315676228,0.0,17463.60812686056,38.978,340348.25878438546,False,681445.7406186337,722923.5220195197
2025-11-12,1033101.2966488856,0.0006077502570163924,401.6629869177254,206.08727009867368,0.0,17463.60812686056,38.978,340348.25878438546,False,681846.8557882645,674671.572765004
2025-11-13,1033028.8439666138,-7.24526822718326e-05,-314.344946283502,241.89226401166457,0.0,17463.60812686056,38.978,340348.25878438546,False,681799.0370179651,669572.1991919607
2025-11-14,1033632.84375053,0.0006039997839162825,192.0996893955148,411.9000945207092,0.0,17463.60812686056,38.978,340348.25878438546,False,682197.6768753498,672523.5489654001
2025-11-15,1033910.5153374415,0.00027767158691142685,17.46360812681986,260.2079787845758,0.0,17463.60812686056,38.978,340348.25878438546,False,682380.9401227114,654343.9329053384
2025-11-16,1034014.1235267213,0.00010360818927979563,-104.78164876104324,208.3898380407663,0.0,17463.60812686056,38.978,340348.25878438546,False,682449.321527636,673484.0474123774
2025-11-17,1034466.2118456317,0.00045208831891044976,-104.78164876116733,556.8699676716177,0.0,17463.60812686056,38.978,340348.25878438546,False,682747.699818117,675509.8259550933
2025-11-18,1034591.5615036341,0.0001253496580023784,-331.80855441044594,457.1582124128555,0.0,17463.60812686056,38.978,340348.25878438546,False,682830.4305923985,686145.1633043514
2025-11-19,1035230.349286302,0.0006387877826679032,366.73577066408563,272.05201200387364,0.0,17463.60812686056,38.978,340348.25878438546,False,683252.0305289594,674776.3544137652
2025-11-20,1035391.3056089168,0.00016095632261480206,-192.0996893955148,353.05601201026093,0.0,17463.60812686056,38.978,340348.25878438546,False,683358.2617018851,678286.5396472642
2025-11-21,1035907.003536447,0.0005156979275301565,174.63608126869494,341.06184626150036,0.0,17463.60812686056,38.978,340348.25878438546,False,683698.622334055,655409.2130010768
2025-11-22,1036041.869772157,0.00013486623571009842,17.46360812681986,275.69933552388653,158.2967079406076,20213.060807284393,33.829,341893.81702481187,True,683892.1098768645,590776.3993235659
2025-11-23,1035615.7601510594,-0.000426109621097683,-444.68733776022566,150.8173751752468,132.23965851263492,22805.592129048055,29.971,341753.2008498496,True,683593.6798743176,605805.6454551206
2025-11-24,1035790.918919392,0.00017515876833267975,-22.805592128994903,197.9643604616553,0.0,22805.592129048055,29.971,341753.2008498496,False,683622.0064867988,726631.7764157291
2025-11-25,1035937.695710332,0.00014677679093996995,136.83355277413148,154.22425039606438,144.28101223016458,20284.782506640335,33.706,341859.4395844096,True,683814.104636891,768685.2883016937
2025-11-26,1036720.3018451056,0.0007826061347735813,669.3978227191565,113.20831205441004,0.0,20284.782506640335,33.706,341859.4395844096,False,684235.3992177697,683860.8726463657
2025-11-27,1036280.8009982646,-0.0004395008468410233,-223.13260757295606,-216.36823926812647,0.0,20284.782506640335,33.706,341859.4395844096,False,683945.3286588547,734795.9615205394
2025-11-28,1036504.8911621505,0.00022409016388596502,-20.28478250659306,244.37494639259143,0.0,20284.782506640335,33.706,341859.4395844096,False,684093.2281670194,703983.3768929528
2025-11-29,1036324.8952633648,-0.00017999589878576807,-405.6956501328701,225.69975134702807,0.0,20284.782506640335,33.706,341859.4395844096,False,683974.4308738208,708040.3333942809
2025-11-30,1036668.7634601071,0.0003438681967423763,60.85434751992331,283.01384922241004,0.0,20284.782506640335,33.706,341859.4395844096,False,684201.3838836708,696011.4573678431
2025-12-01,1036541.4607574499,-0.00012730270265729632,-263.70217258635836,198.56287765066799,62.16340772168492,21428.89159279301,31.925,342058.68204995844,True,684158.3919490132,647591.6815244927
2025-12-02,1036886.6597696759,0.00034519901222607586,150.00224114958212,195.19677107651296,0.0,21428.89159279301,31.925,342058.68204995844,False,684345.1954479861,664038.4926774697
2025-12-03,1036911.3265667885,2.4666797112557107e-05,-192.8600243351444,217.52682144760115,0.0,21428.89159279301,31.925,342058.68204995844,False,684361.4755340804,725089.4048253371
2025-12-04,1037606.9359124702,0.0006956093456817325,450.006723448518,245.60262223321786,0.0,21428.89159279301,31.925,342058.68204995844,False,684820.5777022304,742211.0892079788
2025-12-05,1037876.3096308822,0.0002693737184120109,42.85778318579066,226.51593522620226,0.0,21428.89159279301,31.925,342058.68204995844,False,684998.3643563823,717953.583924937
2025-12-06,1038032.4576781405,0.0001561480472582625,-42.8577831856384,199.00583044395012,0.0,21428.89159279301,31.925,342058.68204995844,False,685101.4220675727,663352.7681465005
2025-12-07,1038577.5734845967,0.0005451158064561896,257.14669911344976,287.9691073427162,0.0,21428.89159279301,31.925,342058.68204995844,False,685461.1984998338,662881.332531459
2025-12-08,1038586.9203142013,9.346829604590311e-06,-171.4311327423252,180.77796234692505,0.0,21428.89159279301,31.925,342058.68204995844,False,685467.3674073729,636480.938089138
2025-12-09,1038632.8948863355,4.597457213420421e-05,-257.14669911352587,303.1212712477693,0.0,21428.89159279301,31.925,342058.68204995844,False,685497.7106249814,631595.1508059811
2025-12-10,1038601.47736242,-3.141752391553018e-05,-64.28667477830534,182.08438705949257,149.21523619659857,24571.70932570517,27.897,342738.4875295986,True,685575.457115087,597801.7887641466
2025-12-11,1039086.5328394435,0.00048505547702359036,245.71709325700283,239.33838376662695,0.0,24571.70932570517,27.897,342738.4875295986,False,685797.1116740328,707837.2305455889
2025-12-12,1039190.5580914482,0.0001040252520046197,-122.85854662850141,226.88379863307426,0.0,24571.70932570517,27.897,342738.4875295986,False,685865.7683403558,715331.6018899289
2025-12-13,1039450.3793458581,0.00025982125440996605,49.143418651470405,210.67783575859613,0.0,24571.70932570517,27.897,342738.4875295986,False,686037.2503682664,702259.4525286538
2025-12-14,1039863.7727192302,0.00041339337337203323,73.71512797703102,339.6782453949588,0.0,24571.70932570517,27.897,342738.4875295986,False,686310.0899946919,726266.0125398677
2025-12-15,1040109.94384005,0.00024617112081986854,-24.571709325647905,270.74283014552316,0.0,24571.70932570517,27.897,342738.4875295986,False,686472.562934433,707616.0851616574
2025-12-16,1040617.1923954932,0.0005072485554431332,294.86051190838594,212.3880435347144,0.0,24571.70932570517,27.897,342738.4875295986,False,686807.3469810255,677589.4563656459
2025-12-17,1040320.793349201,-0.00029639904629217927,-638.8644424683296,342.46539617613695,0.0,24571.70932570517,27.897,342738.4875295986,False,686611.7236104726,658325.236254293
2025-12-18,1040784.6828681831,0.00046388951898214875,393.14734921123943,216.67487182410972,145.93270205321062,28076.428132633075,24.466,343458.94534650043,True,687014.206276356,601171.4403627027
2025-12-19,1040749.1998783092,-3.5482989873969925e-05,-224.61142506103985,189.12843518704295,0.0,28076.428132633075,24.466,343458.94534650043,False,686894.4719196841,630428.117290143
2025-12-20,1041632.3439252212,0.0008831440469120862,673.8342751832193,209.3097717287796,0.0,28076.428132633075,24.466,343458.94534650043,False,687477.3469906461,697699.239095932
2025-12-21,1041434.7990925759,-0.00019754483264533337,-393.0699938568447,195.52516121151444,0.0,28076.428132633075,24.466,343458.94534650043,False,687346.9674011001,673385.0523330717
2025-12-22,1041434.8385656165,3.9473040611483155e-08,-196.53499692847222,196.57446996900555,0.0,28076.428132633075,24.466,343458.94534650043,False,687346.993453307,696885.0226800856
2025-12-23,1041560.0369739456,0.00012519840832904446,-84.22928439790242,209.42769272693667,0.0,28076.428132633075,24.466,343458.94534650043,False,687429.6244028041,698092.3090897888
2025-12-24,1042004.9511543824,0.00044491418043687007,252.687853193807,192.2263272430811,0.0,28076.428132633075,24.466,343458.94534650043,False,687723.2677618924,672570.8359172252
2025-12-25,1042196.5858859317,0.00019163473154930398,0.0,191.63473154931194,0.0,28076.428132633075,24.466,343458.94534650043,False,687849.746684715,705981.7853950587
2025-12-26,1042270.5097552866,7.392386935488321e-05,-140.38214066323718,214.3060100181596,0.0,28076.428132633075,24.466,343458.94534650043,False,687898.5364384892,684503.3178735944
2025-12-27,1042487.56862118,0.00021705886589339933,0.0,217.05886589338633,0.0,28076.428132633075,24.466,343458.94534650043,False,688041.7952899789,723529.5529779543
2025-12-28,1042369.2433224578,-0.00011832529872225132,-336.9171375916097,218.59183886942807,0.0,28076.428132633075,24.466,343458.94534650043,False,687963.7005928222,728639.4628980936
2025-12-29,1042820.3468027133,0.0004511034802555805,224.61142506103985,226.49205519459872,0.0,28076.428132633075,24.466,343458.94534650043,False,688261.4288897909,711568.9945934527
2025-12-30,1042872.8803975492,5.253359483589884e-05,-168.45856879570508,220.99216363154434,0.0,28076.428132633075,24.466,343458.94534650043,False,688296.1010623826,724091.0815406069
2025-12-31,1043055.2351233825,0.00018235472583328375,-56.152856265334776,238.5075820986283,0.0,28076.428132633075,24.466,343458.94534650043,False,688416.4551814325,728920.2271794198
2026-01-01,1043133.285091379,7.804996799642685e-05,-140.38214066313745,262.57051287243786,44.138404212839376,27054.975759826706,25.447,344233.9840801551,True,688497.0995070906,714460.8666911138
2026-01-02,1043535.0366491225,0.00040175155774352606,216.4398060785898,185.3117516649731,0.0,27054.975759826706,25.447,344233.9840801551,False,688733.1241884208,655785.5574424396
2026-01-03,1043757.5440149152,0.0002225073657927569,27.054975759859772,195.45239003293375,0.0,27054.975759826706,25.447,344233.9840801551,False,688879.9790498441,665498.2937402173
2026-01-04,1044043.570738786,0.0002860267238707747,81.1649272794832,204.86179659133083,0.0,27054.975759826706,25.447,344233.9840801551,False,689068.7566875988,686249.4601480043
2026-01-05,1044718.0188100232,0.0006744480712371878,459.9345879170394,214.5134833200736,0.0,27054.975759826706,25.447,344233.9840801551,False,689513.8924146154,726371.9891998274
2026-01-06,1044490.4828385325,-0.00022753597149066627,-432.8796121571796,205.34364066656588,0.0,27054.975759826706,25.447,344233.9840801551,False,689363.7186734315,716794.5277808488
2026-01-07,1044499.7365791933,9.253740660729818e-06,-162.3298545589664,298.3679150486735,126.78431982905745,24411.11282373469,28.24,344684.9130711338,True,689453.5037933547,764032.5154575062
2026-01-08,1045300.6819252069,0.0008009453460136428,585.866707769568,215.07863824410782,0.0,24411.11282373469,28.24,344684.9130711338,False,689898.4500706366,655584.8459942188
2026-01-09,1045388.5018083882,8.781988318124786e-05,-97.64445129497136,185.46433447622115,0.0,24411.11282373469,28.24,344684.9130711338,False,689956.4111935362,626633.2661852695
2026-01-10,1045372.9796379929,-1.5522170395241118e-05,-48.822225647355594,165.89709706862078,132.59704181639663,27518.593114273906,25.072,344973.0832805377,True,690033.6806086742,612035.4207166762
2026-01-11,1045433.8259992278,6.084636123490054e-05,-137.59296557143992,198.43932680634057,0.0,27518.593114273906,25.072,344973.0832805377,False,689986.3251594903,661464.4226878019
2026-01-12,1045583.3373957191,0.000149511396491318,-55.03718622851731,204.548582719857,0.0,27518.593114273906,25.072,344973.0832805377,False,690085.0026811747,672251.7111885973
2026-01-13,1045973.3392722607,0.0003900018765415298,110.07437245713238,279.9275040844668,0.0,27518.593114273906,25.072,344973.0832805377,False,690342.403919692,653704.1794295766
2026-01-14,1045990.4346637722,1.7095391511567867e-05,-192.63015179995725,209.72554331154825,0.0,27518.593114273906,25.072,344973.0832805377,False,690353.6868780897,708383.6239476389
2026-01-15,1046157.9915980506,0.00016755693427834194,0.0,167.55693427837681,0.0,27518.593114273906,25.072,344973.0832805377,False,690464.2744547134,714437.7144327791
2026-01-16,1046621.29060152,0.0004632990034694085,302.7045242569919,160.59447921237026,0.0,27518.593114273906,25.072,344973.0832805377,False,690770.0517970033,680011.9544468224
2026-01-17,1046524.8269252173,-9.646367630269378e-05,-302.7045242569919,206.2408479542372,0.0,27518.593114273906,25.072,344973.0832805377,False,690706.3857706435,687469.4931807907
2026-01-18,1046789.638346756,0.00026481142153870314,55.03718622851731,209.77423531011002,0.0,27518.593114273906,25.072,344973.0832805377,False,690881.161308859,699247.4510336999
2026-01-19,1047349.2041710011,0.0005595658242451027,357.7417104856069,201.82411375939628,0.0,27518.593114273906,25.072,344973.0832805377,False,691250.4747528607,672747.0458646541
2026-01-20,1047410.3117046208,6.110753361973912e-05,-302.7045242569919,363.81205787678414,0.0,27518.593114273906,25.072,344973.0832805377,False,691290.8057250498,652410.8055532058
2026-01-21,1047250.062298523,-0.00016024940609780605,-165.11155868574747,198.89697719626744,194.03482460822582,32954.37404009846,20.974,345592.52055851254,True,691313.1041012667,577174.9719787809
2026-01-22,1047516.4836350293,0.00026642133650626055,32.95437404013874,233.466962466078,0.0,32954.37404009846,20.974,345592.52055851254,False,691360.8791991194,709276.9924650391
2026-01-23,1048035.7463048747,0.0005192626698453678,164.7718702005766,354.4907996448644,0.0,32954.37404009846,20.974,345592.52055851254,False,691703.5925612173,706475.8706716307
2026-01-24,1048624.3751931472,0.0005886288882725639,296.58936636078033,292.03952191187466,0.0,32954.37404009846,20.974,345592.52055851254,False,692092.0876274772,745724.5301533882
2026-01-25,1048367.9261806274,-0.00025644901251979175,-362.4981144410578,229.3624433190853,123.31334139777071,29824.259968931645,23.2,345961.41563960706,True,692004.2180845367,764541.4777302842
2026-01-26,1048619.4137338959,0.0002514875532684382,-59.64851993783023,311.1360732062207,0.0,29824.259968931645,23.2,345961.41563960706,False,692088.8130643714,661859.977230531
2026-01-27,1048636.4916275141,1.7077893618261443e-05,-208.7698197824588,225.84771340071546,0.0,29824.259968931645,23.2,345961.41563960706,False,692100.0844741594,743488.9767654969
2026-01-28,1049386.1758435604,0.0007496842160462402,984.2005789746756,149.543891594565,384.0602545228948,22482.466923870343,30.806,346297.4380283749,True,692848.3558247349,918766.1526029083
2026-01-29,1049449.3528822367,6.317703867633826e-05,89.9298676955114,111.22569511373075,137.97852413294348,20121.91542915218,34.422,346318.28645113815,True,692727.638728204,773891.4764534648
2026-01-30,1049308.5567783732,-0.00014079610386351124,-221.34106972073005,205.34930107447687,124.80433521723846,22504.911691213932,30.773,346271.82373686315,True,692626.0183349698,619211.7035013001
2026-01-31,1049382.7812381915,7.422445981833152e-05,-135.02947014728872,209.25392996563284,0.0,22504.911691213932,30.773,346271.82373686315,False,692592.6356172065,688852.8419563673
2026-02-01,1049035.676605742,-0.00034710463244956916,-495.10805720667196,157.02238081365496,9.018956056511332,22333.58751523466,31.001,346181.77327989484,True,692369.4990707871,697674.7673393232
2026-02-02,1049600.7828909054,0.0005651062851634342,424.33816278942174,140.76812237413083,0.0,22333.58751523466,31.001,346181.77327989484,False,692736.5167079975,682559.1016406016
2026-02-03,1049608.8719651497,8.089074244257062e-06,-201.00228763711957,209.09136188140963,0.0,22333.58751523466,31.001,346181.77327989484,False,692741.8554969988,743060.7902193724
2026-02-04,1049993.0202535822,0.0003841482884325087,178.66870012193695,205.47958831037417,0.0,22333.58751523466,31.001,346181.77327989484,False,692995.3933673643,730151.9766355667
2026-02-05,1050690.2813334065,0.0006972610798242967,558.3396878808347,306.8552049206025,167.93381297709962,19546.07321946131,35.478,346727.79284002417,True,693566.4219966131,792351.0178654953
2026-02-06,1050316.2369184252,-0.00037404441498126834,-566.8361233643068,192.7917083829851,0.0,19546.07321946131,35.478,346727.79284002417,False,693208.7163661607,646330.0031479271
2026-02-07,1050598.1476972487,0.0002819107788235415,117.27643931663341,164.6343395070005,0.0,19546.07321946131,35.478,346727.79284002417,False,693394.7774801842,632725.9361871821
2026-02-08,1050617.6755053808,1.9527808132115752e-05,-19.54607321934631,174.91576600392293,135.8418846525576,22088.674370334844,31.392,346703.8329167757,True,693497.3214774221,613590.3305053294
2026-02-09,1051045.0878951661,0.0004274123897852842,220.88674370338296,206.52564608184406,0.0,22088.674370334844,31.392,346703.8329167757,False,693689.7580108097,716159.0004349962
2026-02-10,1051053.8416368188,8.753741652704776e-06,-198.7980693330996,207.55181098597734,0.0,22088.674370334844,31.392,346703.8329167757,False,693695.5354803004,691839.3699532577
2026-02-11,1051069.7398125783,1.5898175759473814e-05,-198.79806933294265,214.69624509245128,0.0,22088.674370334844,31.392,346703.8329167757,False,693706.0282763017,636816.4820967535
2026-02-12,1051476.2272592615,0.00040648744668322613,220.88674370322602,185.6007029799949,0.0,22088.674370334844,31.392,346703.8329167757,False,693974.3099911127,648744.3662567344
2026-02-13,1051420.1714966863,-5.6055762575240805e-05,-220.88674370322602,164.83098112794593,0.0,22088.674370334844,31.392,346703.8329167757,False,693937.313187813,686515.999430007
2026-02-14,1051934.385460436,0.0005142139637498185,331.33011555495676,182.88384819484827,0.0,22088.674370334844,31.392,346703.8329167757,False,694276.6944038878,697008.119755916
2026-02-15,1051906.5217354724,-2.7863724963739513e-05,-220.88674370338296,193.02301873965484,0.0,22088.674370334844,31.392,346703.8329167757,False,694258.3043454118,703192.9485796097
2026-02-16,1051857.1583014193,-4.936343405302614e-05,-66.26602311100704,16.902589057953744,0.0,22088.674370334844,31.392,346703.8329167757,False,694225.7244789368,678078.1258205391
2026-02-17,1051931.601551782,7.444325036276132e-05,-132.5320462220141,206.97529658491158,0.0,22088.674370334844,31.392,346703.8329167757,False,694274.8570241763,689917.6552830385
2026-02-18,1051924.907230698,-6.6943210840690885e-06,-132.53204622193562,125.83772513777294,0.0,22088.674370334844,31.392,346703.8329167757,False,694270.4387722608,651395.0071811745
2026-02-19,1052138.956873288,0.00021404964258987458,44.1773487406452,169.87229384917708,0.0,22088.674370334844,31.392,346703.8329167757,False,694411.7115363701,633459.0035924626
2026-02-20,1052442.092055841,0.0003031351825532038,265.0640924440282,38.07109010923256,0.0,22088.674370334844,31.392,346703.8329167757,False,694611.7807568552,640483.2020422291
2026-02-21,1052289.8038992623,-0.00015228815657878294,-353.41878992539705,201.13063334652097,0.0,22088.674370334844,31.392,346703.8329167757,False,694511.2705735131,670435.4444884032
2026-02-22,1052835.995030734,0.0005461911314716563,353.41878992539705,192.7723415464185,0.0,22088.674370334844,31.392,346703.8329167757,False,694871.7567202845,656607.9343325736
2026-02-23,1052716.1321322548,-0.0001198628984792158,-132.5320462220141,12.669147742865436,0.0,22088.674370334844,31.392,346703.8329167757,False,694792.6472072882,640836.6208321545
2026-02-24,1052533.4597545045,-0.00018267237775027753,0.0,8.196033611105161,190.86841136150176,26341.274208932697,26.372,347336.0417189865,True,694798.0565894715,582522.5204944705
2026-02-25,1052423.217320823,-0.0001102424336813856,263.4127420893681,-373.6551757708514,0.0,26341.274208932697,26.372,347336.0417189865,False,694599.3234317433,713110.975384226
2026-02-26,1052142.484478344,-0.000280732842479134,-289.75401629833306,9.021173819238923,0.0,26341.274208932697,26.372,347336.0417189865,False,694414.039755707,734473.7487676704
2026-02-27,1052571.8624968156,0.0004293780184716452,421.46038734287674,7.917631128856647,0.0,26341.274208932697,26.372,347336.0417189865,False,694697.4292478984,740110.7814483821
2026-02-28,1052637.243781993,6.538128517731093e-05,-79.02382262680108,144.4051078040901,0.0,26341.274208932697,26.372,347336.0417189865,False,694740.5808961154,718589.960419684
2026-03-01,1051785.1003669368,-0.000852143415056169,-579.5080325964789,-56.198164917096676,216.43721754276268,22255.006612021618,31.192,347089.08312108915,True,694321.0148057565,821637.0251250287
2026-03-02,1052361.177440396,0.0005760770734592807,534.120158688539,41.9569147705909,0.0,22255.006612021618,31.192,347089.08312108915,False,694558.3771106615,701655.8484638175
2026-03-03,1052423.3489821057,6.217154170968569e-05,-66.76501983614645,128.9365615459137,0.0,22255.006612021618,31.192,347089.08312108915,False,694599.4103281898,729986.4718809212
2026-03-04,1052009.7890185637,-0.0004135599635420367,-311.570092568209,-101.98987097383674,0.0,22255.006612021618,31.192,347089.08312108915,False,694326.460752252,696247.8818570963
2026-03-05,1052224.4051748265,0.00021461615626281128,-1.581313328246496e-10,214.6161562630305,0.0,22255.006612021618,31.192,347089.08312108915,False,694468.1074153855,715387.187543435
2026-03-06,1052539.4470484264,0.0003150418735998683,111.27503306024408,203.76684053966994,0.0,22255.006612021618,31.192,347089.08312108915,False,694676.0350519614,679222.8017988998
2026-03-07,1052546.1836389278,6.736590501386672e-06,-200.29505950820214,207.0316500096535,0.0,22255.006612021618,31.192,347089.08312108915,False,694680.4812016924,690105.5000321784
2026-03-08,1052904.1465182793,0.0003579628793515731,155.78504628418358,202.17783306757158,0.0,22255.006612021618,31.192,347089.08312108915,False,694916.7367020644,673926.1102252386
2026-03-09,1053317.713530062,0.0004135670117826667,311.5700925682881,101.99691921454881,0.0,22255.006612021618,31.192,347089.08312108915,False,695189.6909298409,682739.0928435993
2026-03-10,1053263.9843918881,-5.372913817386143e-05,89.02002644795807,-13.573791352240487,129.17537326958836,20059.85541924875,34.654,347577.1148493231,True,695239.4854450041,771224.9991329972
2026-03-11,1052827.2377081185,-0.00043674668376962654,-240.7182650308516,-196.02841873890117,0.0,20059.85541924875,34.654,347577.1148493231,False,694865.9768873582,685164.4216998602
2026-03-12,1053009.2037064268,0.00018196599830826746,341.0175421272892,-159.05154381910467,0.0,20059.85541924875,34.654,347577.1148493231,False,694986.0744462417,726146.7063213855
2026-03-13,1052961.9762314118,-4.722747501498088e-05,-40.11971083854653,-7.107764176236375,0.0,20059.85541924875,34.654,347577.1148493231,False,694954.9043127318,747249.6742224351
2026-03-14,1052736.9753585642,-0.00022500087284762411,-220.6584096117921,-4.3424632358863695,0.0,20059.85541924875,34.654,347577.1148493231,False,694806.4037366523,730820.6526340705
2026-03-15,1053182.5682005598,0.00044559284199564717,240.71826503099413,204.87457696459336,0.0,20059.85541924875,34.654,347577.1148493231,False,695100.4950123695,758061.9362934103
2026-03-16,1053180.9886345863,-1.5795659734867513e-06,-200.59855419244758,199.01898821875758,0.0,20059.85541924875,34.654,347577.1148493231,False,695099.452498827,747029.0158128234
2026-03-17,1052816.028539266,-0.0003649600953203626,-401.1971083850377,245.41227119908922,209.1752581341559,17039.20006954182,40.78,347429.2894179577,True,694996.6345062841,818040.9039969641
2026-03-18,1053384.0688331916,0.0005680402939256746,340.78400139088967,227.2562925348624,0.0,17039.20006954182,40.78,347429.2894179577,False,695233.4854299065,700992.6908609505
2026-03-19,1054002.7782687836,0.0006187094355919399,391.90160159939603,226.80783399270817,0.0,17039.20006954182,40.78,347429.2894179577,False,695641.8336573972,716617.6373247204
2026-03-20,1053680.9747579277,-0.0003218035108558834,-528.215202155655,206.41169129995666,0.0,17039.20006954182,40.78,347429.2894179577,False,695429.4433402324,669947.2683342453
2026-03-21,1053780.776760575,9.980200264719315e-05,-102.23520041737586,202.0372030645713,0.0,17039.20006954182,40.78,347429.2894179577,False,695495.3126619795,673457.343548571
2026-03-22,1054151.2123779268,0.00037043561735190453,170.3920006953843,200.04361665643486,0.0,17039.20006954182,40.78,347429.2894179577,False,695739.8001694317,666812.0555214497
2026-03-23,1054313.0984099475,0.00016188603202067314,-34.078400139004216,195.96443215978658,0.0,17039.20006954182,40.78,347429.2894179577,False,695846.6449505654,653214.7738659552
2026-03-24,1054704.342752853,0.0003912443429054692,204.47040083438853,186.7739420709259,0.0,17039.20006954182,40.78,347429.2894179577,False,696104.866216883,636141.4953962744
2026-03-25,1055046.6909528102,0.00034234819995728323,136.31360055650117,206.03459940088578,0.0,17039.20006954182,40.78,347429.2894179577,False,696330.8160288548,686781.9980029525
2026-03-26,1054791.4373314914,-0.0002552536213188432,-460.0584018776466,204.8047805588309,0.0,17039.20006954182,40.78,347429.2894179577,False,696162.3486387844,686730.8804027439
2026-03-27,1055008.6121598978,0.00021717482840642334,17.039200069502108,200.13562833681044,0.0,17039.20006954182,40.78,347429.2894179577,False,696305.6840255326,667118.7611227013
2026-03-28,1055325.481643991,0.00031686948409327307,119.2744004867569,197.59508360644173,0.0,17039.20006954182,40.78,347429.2894179577,False,696514.8178850341,658650.2786881392
2026-03-29,1055647.944677086,0.00032246303309500215,153.3528006258822,169.11023246926806,0.0,17039.20006954182,40.78,347429.2894179577,False,696727.6434868769,672128.2859431467
2026-03-30,1055447.2817844162,-0.00020066289266990498,-374.86240152989393,174.19950886010594,0.0,17039.20006954182,40.78,347429.2894179577,False,696595.2059777147,644558.860230628
2026-03-31,1055584.435417536,0.00013715363311977126,-51.1176002086274,188.27123332838846,0.0,17039.20006954182,40.78,347429.2894179577,False,696685.7273755737,627570.7777612949
2026-04-01,1055701.1863907613,0.00011675097322533839,68.15680027812951,173.42850619408685,124.83433324698198,19043.99877054425,36.587,348381.39150895126,True,696845.1736778455,623413.2129443267
2026-04-02,1055872.5087397676,0.0001713223490063101,-19.04399877049987,190.3663477768238,0.0,19043.99877054425,36.587,348381.39150895126,False,696875.8557682467,685926.7477174628
2026-04-03,1056047.423317228,0.00017491457746038214,95.21999385276997,79.69458360754193,0.0,19043.99877054425,36.587,348381.39150895126,False,696991.2993893705,670025.0087440584
2026-04-04,1056275.090699188,0.00022766738195996732,95.21999385263466,132.44738810745878,0.0,19043.99877054425,36.587,348381.39150895126,False,697141.5598614641,677928.2682338342
2026-04-05,1056615.622438826,0.00034053173963795416,152.3519901644049,188.17974947350055,0.0,19043.99877054425,36.587,348381.39150895126,False,697366.3108096251,692249.3553092836
2026-04-06,1056234.758533979,-0.0003808639048468322,-380.87997541094455,0.016070564022506447,0.0,19043.99877054425,36.587,348381.39150895126,False,697114.9406324262,701771.3546945556
2026-04-07,1056818.174478121,0.0005834159441420343,457.0559704930793,126.35997364907355,0.0,19043.99877054425,36.587,348381.39150895126,False,697499.99515556,690840.0994002633
2026-04-08,1056637.6271533908,-0.00018054732473031618,-209.4839864760398,28.936661745750023,0.0,19043.99877054425,36.587,348381.39150895126,False,697380.833921238,735041.2205466965
2026-04-09,1056935.3643703195,0.000297737216928741,247.57198401717486,50.165232911410726,0.0,19043.99877054425,36.587,348381.39150895126,False,697577.3404844109,737650.248378261
2026-04-10,1056980.6366583735,4.5272288053995e-05,38.08799754099974,7.184290512932364,0.0,19043.99877054425,36.587,348381.39150895126,False,697607.2201945266,751133.3995078064
2026-04-11,1057058.4594543092,7.782279593567364e-05,0.0,237.50913506671972,159.68633913117142,16781.93455306081,41.572,348829.29161992203,True,697763.9762236706,791697.1168890656
2026-04-12,1057245.7155818024,0.00018725612749322318,50.345803659303584,136.91032383383637,0.0,16781.93455306081,41.572,348829.29161992203,False,697782.1722839896,708852.1335867356
2026-04-13,1057100.6403927617,-0.00014507518904074095,-251.72901829592172,106.65382925502503,0.0,16781.93455306081,41.572,348829.29161992203,False,697686.4226592227,685105.6961941546
2026-04-14,1057443.8417554263,0.0003432013626645785,402.76642927335547,-59.56506660890432,0.0,16781.93455306081,41.572,348829.29161992203,False,697912.9355585814,743104.0620095327
2026-04-15,1057433.3861921064,-1.0455563319846987e-05,-50.34580365918434,39.890240339255456,0.0,16781.93455306081,41.572,348829.29161992203,False,697906.0348867902,729896.6795162739
2026-04-16,1057170.8277754385,-0.00026255841666786,-234.94708374278076,-27.611332925081935,0.0,16781.93455306081,41.572,348829.29161992203,False,697732.7463317895,748759.5739539142
2026-04-17,1057453.3334926127,0.00028250571717415004,134.25547642441208,148.25024074970187,0.0,16781.93455306081,41.572,348829.29161992203,False,697919.2001051244,734864.1321439799
2026-04-18,1057187.795284733,-0.0002655382078797556,-234.94708374278076,-30.591124136905844,0.0,16781.93455306081,41.572,348829.29161992203,False,697743.9448879238,748692.446215702
2026-04-19,1057454.7687304437,0.0002669734457107261,352.4206256142904,-85.44717990350851,0.0,16781.93455306081,41.572,348829.29161992203,False,697920.1473620929,734411.0199110472
2026-04-20,1057096.517052044,-0.0003582516783997416,-537.0219056978868,178.77022729812626,0.0,16781.93455306081,41.572,348829.29161992203,False,697683.701254349,682756.225356726
2026-04-21,1057635.4383342685,0.00053892128222459,352.4206256141712,186.50065661030658,0.0,16781.93455306081,41.572,348829.29161992203,False,698039.3893006173,682739.443422173
2026-04-22,1057300.6230751437,-0.00033481525912485083,-419.5483638264964,84.73310470157976,0.0,16781.93455306081,41.572,348829.29161992203,False,697818.4112295948,666880.5152695305
2026-04-23,1057843.3309291333,0.0005427078539896757,503.45803659184344,39.24981739800927,0.0,16781.93455306081,41.572,348829.29161992203,False,698176.598413228,690207.404298285
2026-04-24,1057848.3362023677,5.0052732343319804e-06,-201.38321463685662,206.38848787124124,0.0,16781.93455306081,41.572,348829.29161992203,False,698179.9018935628,692590.4390048197
2026-04-25,1058139.2929926813,0.0002909567903135903,83.90967276534698,207.04711754838775,0.0,16781.93455306081,41.572,348829.29161992203,False,698371.9333751696,690157.0584946258
2026-04-26,1058438.7022295059,0.0002994092368246056,218.16514918987832,81.24408763483541,0.0,16781.93455306081,41.572,348829.29161992203,False,698569.5434714739,695980.389784538
2026-04-27,1058098.6440957142,-0.00034005813379166646,-537.0219056980061,196.96377190650864,0.0,16781.93455306081,41.572,348829.29161992203,False,698345.1051031714,711956.7914790518
2026-04-28,1058322.9479047451,0.00022430380903091282,117.47354187150962,106.83026715939398,0.0,16781.93455306081,41.572,348829.29161992203,False,698493.1456171318,698917.2283313236
2026-04-29,1058145.934770503,-0.00017701313424203544,-218.16514918975906,41.15201494770698,0.0,16781.93455306081,41.572,348829.29161992203,False,698376.316948532,673962.4916509221
2026-04-30,1058569.5184221047,0.00042358365160156974,302.0748219549868,121.5088296465803,0.0,16781.93455306081,41.572,348829.29161992203,False,698655.8821585891,670136.2105728243
2026-05-01,1059027.9848931965,0.0004584664710918441,352.4206256142904,162.26761885759194,56.221773379888695,17614.43688489478,39.681,349479.2350147549,True,698995.5763999405,665923.945000006
2026-05-02,1058609.384678131,-0.00041860021506552586,-651.7341647410899,233.1339496756208,0.0,17614.43688489478,39.681,349479.2350147549,False,698682.1938875664,724622.7045708015
2026-05-03,1058862.571071027,0.0002531863928961102,35.22887376970746,217.9575191263111,0.0,17614.43688489478,39.681,349479.2350147549,False,698849.2969068779,726525.0637543702
2026-05-04,1059247.6977714316,0.0003851267004045658,176.14436884903793,208.98233155564483,0.0,17614.43688489478,39.681,349479.2350147549,False,699103.4805291449,731633.2504509897
2026-05-05,1059441.6437047664,0.00019394593333476223,0.0,193.94593333468612,0.0,17614.43688489478,39.681,349479.2350147549,False,699231.4848451458,736036.8596722133
2026-05-06,1059548.5417960838,0.00010689809131738729,246.60211638845286,-20.613594019739246,119.09043105130989,16008.929023062481,43.682,349651.01879270765,True,699380.6372699093,769433.8320059739
2026-05-07,1059117.6692460044,-0.0004308725500793662,-672.375018968536,241.50246888918832,0.0,16008.929023062481,43.682,349651.01879270765,False,699017.6617023629,689888.7873198546
2026-05-08,1059449.9313660923,0.00033226212008786386,128.07143218454263,204.19068790335734,0.0,16008.929023062481,43.682,349651.01879270765,False,699236.954701621,680635.6263445244
2026-05-09,1060266.4655151267,0.0008165341490344144,640.3571609224856,176.1769881120291,0.0,16008.929023062481,43.682,349651.01879270765,False,699775.8672399836,692001.9659508988
2026-05-10,1060274.1913089848,7.72579385805875e-06,-144.08036120768153,151.80615506578994,0.0,16008.929023062481,43.682,349651.01879270765,False,699780.96626393,686863.0997344957
2026-05-11,1059966.6023500923,-0.0003075889588925056,-368.20536753037516,60.61640863795442,0.0,16008.929023062481,43.682,349651.01879270765,False,699577.957551061,688351.9301336405
2026-05-12,1060368.1353897972,0.0004015330397048965,208.11607729978223,193.4169624050898,0.0,16008.929023062481,43.682,349651.01879270765,False,699842.9693572662,672134.8850332783
2026-05-13,1060552.0298530443,0.00018389446324715392,32.01785804616409,151.8766052011417,0.0,16008.929023062481,43.682,349651.01879270765,False,699964.3397030092,644247.3306751035
2026-05-14,1060157.0822483185,-0.00039494760472583585,-432.24108362270334,170.44586020328003,133.15238130645383,18024.3089717643,38.82,349851.8371419451,True,699791.5548555525,621466.6246752855
2026-05-15,1060845.5762741296,0.0006884940258110873,612.8265050399668,236.99048464334948,161.32296387216365,15870.842332508058,44.116,350079.04017046274,True,700264.5534970812,795160.4145983539
2026-05-16,1061287.0682764584,0.0004414920023288578,238.0626349876299,203.42936734122512,0.0,15870.842332508058,44.116,350079.04017046274,False,700449.4650624626,700872.2682458884
2026-05-17,1061060.5719618837,-0.00022649631457473152,-253.93347732010096,27.43716274531762,0.0,15870.842332508058,44.116,350079.04017046274,False,700299.9774948433,663512.3053951644
2026-05-18,1060732.0695854803,-0.00032850237640342676,-365.02937364773675,36.526997244327774,0.0,15870.842332508058,44.116,350079.04017046274,False,700083.165926417,725297.4945956183
2026-05-19,1061131.4955443759,0.0003994259588955902,428.5127429777338,-29.086784082253136,0.0,15870.842332508058,44.116,350079.04017046274,False,700346.7870592881,757245.500210957
2026-05-20,1061350.2084822282,0.00021871293785236776,365.02937364773675,-146.31643579522245,0.0,15870.842332508058,44.116,350079.04017046274,False,700491.1375982707,762435.2656536871
2026-05-21,1059914.9684353508,-0.001435240046877414,-1475.9883369233053,330.077485416319,289.32919537032996,12762.37168495305,54.813,349771.9395836658,True,699734.8364362761,869928.4807717643
2026-05-22,1060497.1268343097,0.0005821583989588544,331.82166380873144,250.33673514999364,0.0,12762.37168495305,54.813,349771.9395836658,False,699928.1037106444,747709.0699063444
2026-05-23,1060679.699467692,0.00018257263338239863,-25.52474336984661,208.09737675206614,0.0,12762.37168495305,54.813,349771.9395836658,False,700048.6016486768,697067.9790604507
2026-05-24,1061250.8229464642,0.0005711234787721187,536.0196107680484,35.103868004166756,0.0,12762.37168495305,54.813,349771.9395836658,False,700425.5431446664,749240.5545085387
2026-05-25,1061303.1279926742,5.2305046210065486e-05,89.33660179464451,134.28795508373784,171.31951066819306,11155.599052001353,62.79,350230.0322375825,True,700573.1353522061,801349.318098202
2026-05-26,1061405.6728409117,0.0001025448482374195,-55.7779952600353,158.32284349744742,0.0,11155.599052001353,62.79,350230.0322375825,False,700527.7440750017,682109.1040346228
2026-05-27,1061468.1861001025,6.25132591908332e-05,33.466797156084596,29.04646203480537,0.0,11155.599052001353,62.79,350230.0322375825,False,700569.0028260677,664338.2347447845
2026-05-28,1062207.3733304108,0.0007391872303083073,647.0247450159973,92.162485292491,0.0,11155.599052001353,62.79,350230.0322375825,False,701056.8663980712,643722.6876966861
2026-05-29,1061579.5446419832,-0.0006278286884275731,-747.4251364840133,119.59644805632666,0.0,11155.599052001353,62.79,350230.0322375825,False,700642.499463709,686415.1652686952
2026-05-30,1062043.5935016207,0.0004640488596374635,401.60156587198463,62.44729376528128,0.0,11155.599052001353,62.79,350230.0322375825,False,700948.7717110697,718699.4689251871
2026-05-31,1062457.9456329644,0.0004143521313436795,-11.155599052054619,425.5077303958238,0.0,11155.599052001353,62.79,350230.0322375825,False,701222.2441177565,761882.7928554845
2026-06-01,1062918.4596461793,0.00046051401321496816,-100.40039146801598,734.9922404724875,174.07783578932688,9733.280379694463,72.075,350763.0916832392,True,701641.0747380994,804039.8016729975
2026-06-02,1062871.7776384535,-4.668200772581622e-05,-574.2635424019489,527.5815346760468,0.0,9733.280379694463,72.075,350763.0916832392,False,701495.3732413794,716408.3690670312
2026-06-03,1063548.8798668059,0.0006771022283523344,379.59793480809844,297.5042935441698,0.0,9733.280379694463,72.075,350763.0916832392,False,701942.2607120919,679431.636904572
2026-06-04,1064279.2687536967,0.0007303888868908397,126.5326449359406,603.8562419549482,0.0,9733.280379694463,72.075,350763.0916832392,False,702424.3173774398,725343.5204555908
2026-06-05,1064401.5453740626,0.0001222766203659121,-223.86544873293502,474.6971071425047,128.55503804375132,10905.922843233428,64.415,351252.50997344067,True,702589.8662719902,626969.2556580189
2026-06-06,1064956.5257457271,0.0005549803716645111,359.89545382679427,195.0849178378398,0.0,10905.922843233428,64.415,351252.50997344067,False,702871.30699218,651105.4055867221
2026-06-07,1064740.5312834617,-0.00021599446226540023,-239.93030255111867,171.3374523147116,147.40161202917113,12438.997958138649,56.494,351364.3753235424,True,702826.0357110241,616119.2051056293
2026-06-08,1064733.0259109426,-7.505372519139201e-06,-261.2189571210099,253.71358460180545,0.0,12438.997958138649,56.494,351364.3753235424,False,702723.7971012221,742794.7630702495
2026-06-09,1065335.6804285299,0.0006026545175872744,497.55991832562376,258.2212188799453,153.12661961847454,11025.03408989149,63.775,351560.77454141487,True,703222.6126517779,793297.0947802924
2026-06-10,1065361.665156277,2.598472774703987e-05,-187.4255795281102,213.41030727502914,0.0,11025.03408989149,63.775,351560.77454141487,False,703138.6990031428,636938.2694412111
2026-06-11,1065231.1372142301,-0.00013052794204675592,-77.17523862929558,143.2850893928362,196.63779281031245,13193.20217233185,53.289,351526.275280696,True,703182.3315046467,587513.0416162276
2026-06-12,1065327.720290232,9.658307600184344e-05,52.77280868929815,170.4151279749898,126.60486066246794,11928.344989253595,58.945,351558.1476957766,True,703199.8545995904,777673.302048101
2026-06-13,1065809.7763129906,0.00048205602275859565,322.06531470994406,159.99070804879975,0.0,11928.344989253595,58.945,351558.1476957766,False,703434.4523665739,707088.4342729746
2026-06-14,1065693.3002804546,-0.00011647603253601119,-202.78186481734707,86.30583228123717,0.0,11928.344989253595,58.945,351558.1476957766,False,703357.5781851,723633.0487730694
2026-06-15,1066328.5792919178,0.0006352790114632807,453.2771095915973,182.00190187187317,0.0,11928.344989253595,58.945,351558.1476957766,False,703776.8623326658,761708.3259787669
2026-06-16,1066507.1864341286,0.0001786071422107052,-262.42358976347606,600.0105634061118,158.97983143210138,10528.047728002588,66.859,351947.37152326247,True,703999.66973527,797517.2176365061
2026-06-17,1066549.1002823317,4.1913848203141245e-05,-63.168286368017924,224.92249605655,119.84036148550481,9568.71346681627,73.565,351961.2030931695,True,704001.5008249193,774495.8311105104
2026-06-18,1067140.7967203853,0.0005916964380536228,86.1184212013497,505.5780168522008,0.0,9568.71346681627,73.565,351961.2030931695,False,704312.9258354544,680392.9397714377
2026-06-19,1066817.7656771664,-0.00032303104321891444,-535.8479541418221,212.816910922968,0.0,9568.71346681627,73.565,351961.2030931695,False,704099.7253469299,653657.9543451531
2026-06-20,1067373.5117709625,0.0005557460937961004,354.04239827226075,201.7036955237536,0.0,9568.71346681627,73.565,351961.2030931695,False,704466.5177688353,672345.6517458452
2026-06-21,1067356.357769351,-1.7154001611517742e-05,-38.27485386731186,21.12085225565121,0.0,9568.71346681627,73.565,351961.2030931695,False,704455.1961277716,676785.5347944481
2026-06-22,1067590.1150545448,0.000233757285193773,86.1184212013497,147.63886399236463,0.0,9568.71346681627,73.565,351961.2030931695,False,704609.4759359995,640433.9923340131
2026-06-23,1067598.403169683,8.288115138188005e-06,-200.9429828031493,209.23109794120415,0.0,9568.71346681627,73.565,351961.2030931695,False,704614.9460919908,634223.8972940493
2026-06-24,1067392.2094921048,-0.00020619367757812143,-229.64912320353122,209.88959212906275,186.43414650370602,11330.580752147796,62.175,352239.4291323946,True,704601.9048014816,594934.7597993016
2026-06-25,1068178.9760801247,0.0007867665880199056,577.859618359479,208.90696966049967,0.0,11330.580752147796,62.175,352239.4291323946,False,704998.1242128824,724296.0440002957
2026-06-26,1068374.1543980453,0.00019517831792053767,-22.66116150424278,217.83947942464312,0.0,11330.580752147796,62.175,352239.4291323946,False,705126.9419027099,726131.5980821437
2026-06-27,1068368.8811834771,-5.273214568151161e-06,-215.28103429070893,210.00781972259657,0.0,11330.580752147796,62.175,352239.4291323946,False,705123.4615810949,729292.8301119929
2026-06-28,1068623.8339801552,0.0002549527966780588,45.32232300848556,209.63047366971202,0.0,11330.580752147796,62.175,352239.4291323946,False,705291.7304269024,698768.2455657067
2026-06-29,1068985.801401307,0.0003619674211519305,135.9669690257787,226.00045212616033,0.0,11330.580752147796,62.175,352239.4291323946,False,705530.6289248627,696139.5508312085
2026-06-30,1068975.2639612076,-1.053744009952061e-05,-237.94219579511275,227.4047556956063,0.0,11330.580752147796,62.175,352239.4291323946,False,705523.6742143971,758015.8523186876
2026-07-01,1068688.7768531952,-0.0002864871080124285,-385.23974557293235,152.50022568989095,53.74758812942579,10843.960899131493,65.044,352667.2963615544,True,705370.0661312743,736986.2944427013
2026-07-02,1069637.7244430396,0.0009489475898444653,759.0772629391305,189.87032690525768,0.0,10843.960899131493,65.044,352667.2963615544,False,705960.8981324062,676164.3379044451
2026-07-03,1069413.6747835416,-0.00022404965949803592,-433.7584359651734,209.70877646716133,0.0,10843.960899131493,65.044,352667.2963615544,False,705813.0253571374,725504.3599954933
2026-07-04,1070012.1421416036,0.0005984673580620438,368.69467057038196,229.77268749169718,0.0,10843.960899131493,65.044,352667.2963615544,False,706208.0138134584,765908.9583056573
2026-07-05,1070051.96114527,3.981900366628543e-05,-173.50337438616182,213.32237805237358,0.0,10843.960899131493,65.044,352667.2963615544,False,706234.2943558781,757298.8533517469
2026-07-06,1070067.1188338147,1.5157688544830307e-05,-216.8792179825867,232.03690652743583,0.0,10843.960899131493,65.044,352667.2963615544,False,706244.2984303178,773456.3550914527
2026-07-07,1070426.934469201,0.00035981563538615594,130.12753078958283,229.68810459668398,0.0,10843.960899131493,65.044,352667.2963615544,False,706481.7767496726,765627.0153222799
2026-07-08,1070515.2793143345,8.834484513360076e-05,-140.97149168876612,229.31633682241804,0.0,10843.960899131493,65.044,352667.2963615544,False,706540.0843474608,750261.1227282105
2026-07-09,1070870.4587659626,0.0003551794516281225,173.50337438616182,181.67607724209768,0.0,10843.960899131493,65.044,352667.2963615544,False,706774.5027855354,733062.600742188
2026-07-10,1070939.596453572,6.913768760929815e-05,-54.21980449560815,123.35749210492583,0.0,10843.960899131493,65.044,352667.2963615544,False,706820.1336593576,727477.9608791353
2026-07-11,1071235.8238556667,0.0002962274020947516,162.65941348697856,133.56798860783533,0.0,10843.960899131493,65.044,352667.2963615544,False,707015.64374474,731869.7650432836
2026-07-12,1071600.0516802988,0.0003642278246320784,216.8792179825867,147.34860664948707,0.0,10843.960899131493,65.044,352667.2963615544,False,707256.0341089972,723628.3547599436
2026-07-13,1071539.7214895827,-6.03301907160785e-05,-238.56713978095326,178.23694906478104,0.0,10843.960899131493,65.044,352667.2963615544,False,707216.2161831246,729722.6607852556
2026-07-14,1071461.7763253413,-7.794516424136236e-05,-292.78694427648435,214.84178003498195,0.0,10843.960899131493,65.044,352667.2963615544,False,707164.7723747253,687832.4398319105
2026-07-15,1071787.6286650242,0.00032585233968286773,-21.68792179828949,347.5402614811473,0.0,10843.960899131493,65.044,352667.2963615544,False,707379.834918916,710734.8852508763
2026-07-16,1071924.286194634,0.0001366575296097435,-65.06376539479142,201.72129500440195,0.0,10843.960899131493,65.044,352667.2963615544,False,707470.0288884584,724788.6585761507
2026-07-17,1072314.725158172,0.00039043896353803577,227.72317888176997,162.71578465631833,0.0,10843.960899131493,65.044,352667.2963615544,False,707727.7186043935,658521.2135215581
2026-07-18,1072422.3026722718,0.0001075775140998885,-86.75168719308091,194.32920129288593,0.0,10843.960899131493,65.044,352667.2963615544,False,707798.7197636995,647764.0043096197
2026-07-19,1072656.5395333671,0.0002342368610952981,54.2198044956852,180.0170565996362,0.0,10843.960899131493,65.044,352667.2963615544,False,707953.3160920223,652914.8857367071
2026-07-20,1072902.3824293553,0.0002458428959881421,86.75168719300386,159.09120879507566,0.0,10843.960899131493,65.044,352667.2963615544,False,708115.5724033745,662696.1384677239
2026-07-21,1073154.6083562823,0.000252225926927058,119.28356989047663,132.9423570366316,0.0,10843.960899131493,65.044,352667.2963615544,False,708282.0415151464,676999.3228936782
2026-07-22,1073292.1499699538,0.000137541613671463,21.68792179821244,115.8536918731162,0.0,10843.960899131493,65.044,352667.2963615544,False,708372.8189801696,659952.6163602435
2026-07-23,1073190.0557925242,-0.0001020941774295643,-281.94298337730106,179.84880594773594,0.0,10843.960899131493,65.044,352667.2963615544,False,708305.4368230661,643643.2991679497
2026-07-24,1073649.9472744786,0.00045989148195437157,444.6023968642796,161.12311890569651,145.83403381539972,12335.64802592361,57.444,354304.48260057793,True,708705.215663474,622920.4898897095
2026-07-25,1073519.3525506353,-0.0001305947238432709,-308.3912006479851,177.79647680468906,0.0,12335.64802592361,57.444,354304.48260057793,False,708522.7726834194,708300.5740005077
2026-07-26,1073698.5205999892,0.00017916804935387337,123.35648025912391,55.81156909457235,0.0,12335.64802592361,57.444,354304.48260057793,False,708641.0235959929,716812.1711383951
2026-07-27,1073993.0699699875,0.00029454936999827623,74.01388815554446,220.53548184265975,0.0,12335.64802592361,57.444,354304.48260057793,False,708835.4261801918,735118.2728088658
2026-07-28,1073892.2433172828,-0.00010082665270473808,-308.39120064807275,207.56454794340107,0.0,12335.64802592361,57.444,354304.48260057793,False,708768.8805894067,691881.8264780035
2026-07-29,1073973.0314403481,8.078812306537293e-05,-86.34953618135168,167.13765924679592,0.0,12335.64802592361,57.444,354304.48260057793,False,708822.2007506298,680619.3798303352
2026-07-30,1074343.841707135,0.00037081026678695343,209.7060164406509,161.1042503462301,0.0,12335.64802592361,57.444,354304.48260057793,False,709066.9355267092,665113.4702617492
2026-07-31,1074490.112055356,0.00014627034822083077,12.33564802589486,133.93470019501834,0.0,12335.64802592361,57.444,354304.48260057793,False,709163.473956535,688785.5788234967
2026-08-01,1074308.518041796,-0.00018159401355986483,-271.3842565703005,193.50632992496548,103.71608691461248,13495.567519510942,52.539,354521.8109537927,True,709112.0745249491,648102.6116340006
2026-08-02,1074421.0249576813,0.0001125069158852566,-53.98227007801385,166.4891859633445,0.0,13495.567519510942,52.539,354521.8109537927,False,709117.8764720696,704374.1555458346
2026-08-03,1074745.5893903456,0.0003245644326643087,148.45124271456206,176.11318994966885,0.0,13495.567519510942,52.539,354521.8109537927,False,709332.0889976282,709623.9313109244
2026-08-04,1074934.6998905633,0.0001891105002176482,-13.495567519479488,202.6060677370656,0.0,13495.567519510942,52.539,354521.8109537927,False,709456.9019277717,728666.1770809543
2026-08-05,1075148.3871277936,0.00021368723723036236,175.44237775361694,38.244859476858764,0.0,13495.567519510942,52.539,354521.8109537927,False,709597.9355043438,742796.0362738823
2026-08-06,1075325.908981556,0.00017752185376244598,26.99113503905487,150.53071872329127,0.0,13495.567519510942,52.539,354521.8109537927,False,709715.099927827,768545.5791011091
2026-08-07,1075289.9619333588,-3.5947048197267574e-05,-175.4423777537128,139.4953295566279,0.0,13495.567519510942,52.539,354521.8109537927,False,709691.3748760169,758464.3901640344
2026-08-08,1075508.5597158691,0.00021859778251033277,121.46010767569896,97.13767483455973,0.0,13495.567519510942,52.539,354521.8109537927,False,709835.6494124737,730002.2382653859
2026-08-09,1075792.2564877588,0.0002836967718896922,175.44237775361694,108.25439413602598,0.0,13495.567519510942,52.539,354521.8109537927,False,710022.8892819209,743592.2747575333
2026-08-10,1075936.932244038,0.0001446757562791463,13.495567519479488,131.1801887596372,0.0,13495.567519510942,52.539,354521.8109537927,False,710118.3752810651,726709.3197906251
