date,nav,basis_pnl,funding_pnl,cost,q,short_venue,ret
2025-07-14,998878.0,0.0,0.0,1122.0,13486.452245698638,hl,0.0
2025-07-15,999179.1745043912,0.0,301.1745043911888,0.0,13486.452245698638,hl,0.00030117450439115056
2025-07-16,999442.0673587972,0.0,262.8928544060239,0.0,13486.452245698638,hl,0.0002628928544060327
2025-07-17,1000099.7724710358,0.0,657.7051122386692,0.0,13486.452245698638,hl,0.0006577051122386474
2025-07-18,1000880.6118556127,0.0,780.8393845768929,0.0,13486.452245698638,hl,0.0007808393845768878
2025-07-19,1001246.1568008963,0.0,365.5449452835833,0.0,13486.452245698638,hl,0.00036554494528356007
2025-07-20,1001691.2896731598,0.0,445.1328722635988,0.0,13486.452245698638,hl,0.0004451328722635517
2025-07-21,1002189.0731237242,0.0,497.7834505643875,0.0,13486.452245698638,hl,0.0004977834505643696
2025-07-22,1002328.4576846807,0.0,139.3845609565572,0.0,13486.452245698638,hl,0.00013938456095650327
2025-07-23,1002495.9884157089,0.0,167.53073102819894,0.0,13486.452245698638,hl,0.0001675307310281787
2025-07-24,1002668.5030412975,0.0,172.51462558862232,0.0,13486.452245698638,hl,0.0001725146255886648
2025-07-25,1003191.7630684806,0.0,523.2600271830479,0.0,13486.452245698638,hl,0.0005232600271831034
2025-07-26,1003718.8009957216,0.0,527.0379272409169,0.0,13486.452245698638,hl,0.0005270379272409481
2025-07-27,1004294.4157348685,0.0,575.6147391469206,0.0,13486.452245698638,hl,0.0005756147391468985
2025-07-28,1004820.6944611087,0.0,526.2787262401813,0.0,13486.452245698638,hl,0.0005262787262401543
2025-07-29,1004734.5758481802,0.0,-86.11861292848093,0.0,13486.452245698638,hl,-8.611861292843242e-05
2025-07-30,1004949.943658846,0.0,215.36781066574034,0.0,13486.452245698638,hl,0.00021536781066574623
2025-07-31,1005091.8183320466,0.0,141.8746732006212,0.0,13486.452245698638,hl,0.00014187467320065479
2025-08-01,1005150.8373711145,0.0,250.85953286852754,191.84049380061114,16250.151043075137,hl,5.90190390679054e-05
2025-08-02,1005297.642512087,0.0,146.80514097250523,0.0,16250.151043075137,hl,0.0001468051409724867
2025-08-03,1005318.1662099634,0.0,20.523697876396252,0.0,16250.151043075137,hl,2.0523697876371444e-05
2025-08-04,1005396.8735606981,0.0,78.7073507347564,0.0,16250.151043075137,hl,7.87073507347377e-05
2025-08-05,1005372.2046573657,0.0,-24.668903332425693,0.0,16250.151043075137,hl,-2.4668903332436456e-05
2025-08-06,1005494.4548734076,0.0,122.25021604186918,0.0,16250.151043075137,hl,0.00012225021604192444
2025-08-07,1005369.1650526997,0.0,-125.28982070785575,0.0,16250.151043075137,hl,-0.0001252898207078688
2025-08-08,1005379.4411330083,0.0,10.276080308601891,0.0,16250.151043075137,hl,1.0276080308598467e-05
2025-08-09,1005521.8224153954,0.0,142.38128238705556,0.0,16250.151043075137,hl,0.0001423812823870685
2025-08-10,1005540.6492106518,0.0,18.826795256403482,0.0,16250.151043075137,hl,1.8826795256347397e-05
2025-08-11,1005876.5247303824,0.0,335.8755197306139,0.0,16250.151043075137,hl,0.00033587551973061636
2025-08-12,1005934.0365954672,0.0,57.51186508492873,0.0,16250.151043075137,hl,5.751186508487444e-05
2025-08-13,1006222.1825692116,0.0,288.1459737443397,0.0,16250.151043075137,hl,0.00028814597374433653
2025-08-14,1006045.0094265335,0.0,-177.17314267807126,0.0,16250.151043075137,hl,-0.00017717314267810434
2025-08-15,1006108.4356366484,0.0,63.42621011500919,0.0,16250.151043075137,hl,6.342621011496522e-05
2025-08-16,1006108.4356366484,0.0,0.0,0.0,16250.151043075137,hl,0.0
2025-08-17,1005938.4117530276,0.0,-170.0238836208729,0.0,16250.151043075137,hl,-0.00017002388362085912
2025-08-18,1006096.747812217,0.0,158.33605918941493,0.0,16250.151043075137,hl,0.00015833605918940156
2025-08-19,1006328.9617236892,0.0,232.21391147222607,0.0,16250.151043075137,hl,0.00023221391147223766
2025-08-20,1006570.8845285474,0.0,241.92280485814806,0.0,16250.151043075137,hl,0.00024192280485818628
2025-08-21,1006973.4717469431,0.0,402.58721839569375,0.0,16250.151043075137,hl,0.00040258721839566715
2025-08-22,1007246.2752962516,0.0,272.8035493085924,0.0,16250.151043075137,hl,0.0002728035493085627
2025-08-23,1007274.573844974,0.0,28.298548722390258,0.0,16250.151043075137,hl,2.829854872240685e-05
2025-08-24,1007568.6731711976,0.0,294.0993262236144,0.0,16250.151043075137,hl,0.0002940993262236007
2025-08-25,1007761.8696578313,0.0,193.1964866336285,0.0,16250.151043075137,hl,0.00019319648663362023
2025-08-26,1007870.4671763905,0.0,108.59751855916765,0.0,16250.151043075137,hl,0.00010859751855919603
2025-08-27,1007899.7986678961,0.0,29.3314915055863,0.0,16250.151043075137,hl,2.9331491505610755e-05
2025-08-28,1007893.383883338,0.0,-6.414784558101851,0.0,16250.151043075137,hl,-6.4147845581173895e-06
2025-08-29,1008051.2812869218,0.0,157.8974035839172,0.0,16250.151043075137,hl,0.00015789740358386188
2025-08-30,1008051.2812869218,0.0,0.0,0.0,16250.151043075137,hl,0.0
2025-08-31,1008051.2812869218,0.0,0.0,0.0,16250.151043075137,hl,0.0
2025-09-01,1008112.9637900641,0.0,153.5296983379057,91.8471951956501,15029.818969807138,hl,6.168250314227772e-05
2025-09-02,1008204.465018553,0.0,91.50122848884148,0.0,15029.818969807138,hl,9.150122848886531e-05
2025-09-03,1008238.0620090411,0.0,33.59699048811075,0.0,15029.818969807138,hl,3.359699048812036e-05
2025-09-04,1008238.0620090411,0.0,0.0,0.0,15029.818969807138,hl,0.0
2025-09-05,1008237.7880092821,0.0,-0.2739997590394031,0.0,15029.818969807138,hl,-2.739997589960694e-07
2025-09-06,1008237.7880092821,0.0,0.0,0.0,15029.818969807138,hl,0.0
2025-09-07,1008157.8626505161,0.0,-79.92535876594053,0.0,15029.818969807138,hl,-7.992535876599141e-05
2025-09-08,1008087.7069600169,0.0,-70.15569049927194,0.0,15029.818969807138,hl,-7.015569049923216e-05
2025-09-09,1008102.1785679511,0.0,14.471607934207368,0.0,15029.818969807138,hl,1.44716079342179e-05
2025-09-10,1008155.7164966817,0.0,53.53792873063463,0.0,15029.818969807138,hl,5.353792873059865e-05
2025-09-11,1008063.0550884374,0.0,-92.6614082442303,0.0,15029.818969807138,hl,-9.266140824428294e-05
2025-09-12,1007771.3813251231,0.0,-291.6737633142427,0.0,15029.818969807138,hl,-0.00029167376331426206
2025-09-13,1007363.0233350941,0.0,-408.3579900289885,0.0,15029.818969807138,hl,-0.00040835799002903513
2025-09-14,1007328.3841686381,0.0,-34.63916645598496,0.0,15029.818969807138,hl,-3.463916645594873e-05
2025-09-15,1007207.8584079343,0.0,-120.52576070385433,0.0,15029.818969807138,hl,-0.00012052576070383657
2025-09-16,1007231.226125533,0.0,23.367717598712222,0.0,15029.818969807138,hl,2.336771759868134e-05
2025-09-17,1007179.9550994313,0.0,-51.27102610163104,0.0,15029.818969807138,hl,-5.1271026101661845e-05
2025-09-18,1007236.216671644,0.0,56.26157221268553,0.0,15029.818969807138,hl,5.6261572212679314e-05
2025-09-19,1007450.8756588388,0.0,214.6589871947793,0.0,15029.818969807138,hl,0.00021465898719476536
2025-09-20,1007904.5623326733,0.0,453.68667383453135,0.0,15029.818969807138,hl,0.0004536866738345707
2025-09-21,1008427.497940159,0.0,522.9356074857415,0.0,15029.818969807138,hl,0.000522935607485706
2025-09-22,1008737.6286752978,0.0,310.1307351387545,0.0,15029.818969807138,hl,0.00031013073513878046
2025-09-23,1009031.7359836721,0.0,294.1073083742113,0.0,15029.818969807138,hl,0.0002941073083742522
2025-09-24,1009369.4170649274,0.0,337.6810812552848,0.0,15029.818969807138,hl,0.0003376810812553158
2025-09-25,1009869.0526970852,0.0,499.6356321578336,0.0,15029.818969807138,hl,0.0004996356321577914
2025-09-26,1010168.2243891198,0.0,299.17169203452505,0.0,15029.818969807138,hl,0.0002991716920345789
2025-09-27,1010263.3561667415,0.0,95.13177762167678,0.0,15029.818969807138,hl,9.513177762168926e-05
2025-09-28,1010270.8115193002,0.0,7.455352558718987,0.0,15029.818969807138,hl,7.455352558754384e-06
2025-09-29,1010258.9813955,0.0,-11.83012380025887,0.0,15029.818969807138,hl,-1.1830123800202273e-05
2025-09-30,1010502.9976550685,0.0,244.01625956853798,0.0,15029.818969807138,hl,0.00024401625956851057
2025-10-01,1010493.6432696321,0.0,12.02011188370167,21.374497320195484,14751.71776174357,hl,-9.354385436396115e-06
2025-10-02,1010594.8281247371,0.0,101.18485510502035,0.0,14751.71776174357,hl,0.00010118485510500613
2025-10-03,1010831.761719083,0.0,236.93359434581973,0.0,14751.71776174357,hl,0.00023693359434581363
2025-10-04,1010940.4802419638,0.0,108.71852288085218,0.0,14751.71776174357,hl,0.00010871852288080845
2025-10-05,1011290.586402121,0.0,350.1061601572127,0.0,14751.71776174357,hl,0.00035010616015724373
2025-10-06,1011961.4924162643,0.0,670.9060141432384,0.0,14751.71776174357,hl,0.0006709060141432564
2025-10-07,1012283.1453179012,0.0,321.652901636892,0.0,14751.71776174357,hl,0.00032165290163690225
2025-10-08,1012457.1674608366,0.0,174.02214293547263,0.0,14751.71776174357,hl,0.00017402214293542784
2025-10-09,1012506.3886273013,0.0,49.221166464676614,0.0,14751.71776174357,hl,4.922116646473296e-05
2025-10-10,1011188.5230890726,0.0,-1317.865538228789,0.0,14751.71776174357,hl,-0.001317865538228769
2025-10-11,1010733.7039559078,0.0,-454.8191331646613,0.0,14751.71776174357,hl,-0.00045481913316471035
2025-10-12,1010517.4336916067,0.0,-216.27026430114785,0.0,14751.71776174357,hl,-0.00021627026430109982
2025-10-13,1010347.3633945445,0.0,-170.07029706232407,0.0,14751.71776174357,hl,-0.0001700702970622806
2025-10-14,1010318.6074332068,0.0,-28.7559613377085,0.0,14751.71776174357,hl,-2.875596133770887e-05
2025-10-15,1010302.0185061013,0.0,-16.58892710540762,0.0,14751.71776174357,hl,-1.6588927105418407e-05
2025-10-16,1010364.5777800558,0.0,62.559273954441714,0.0,14751.71776174357,hl,6.255927395448088e-05
2025-10-17,1010375.5127576876,0.0,10.934977631764653,0.0,14751.71776174357,hl,1.0934977631783113e-05
2025-10-18,1010365.3647624248,0.0,-10.147995262711063,0.0,14751.71776174357,hl,-1.0147995262756012e-05
2025-10-19,1010345.6389872406,0.0,-19.725775184175237,0.0,14751.71776174357,hl,-1.9725775184226222e-05
2025-10-20,1010211.740689025,0.0,-133.89829821554898,0.0,14751.71776174357,hl,-0.0001338982982155867
2025-10-21,1010213.9149196442,0.0,2.1742306192100784,0.0,14751.71776174357,hl,2.174230619217269e-06
2025-10-22,1010300.6106132352,0.0,86.69569359090289,0.0,14751.71776174357,hl,8.66956935909111e-05
2025-10-23,1010518.7424694529,0.0,218.13185621771225,0.0,14751.71776174357,hl,0.00021813185621774754
2025-10-24,1010546.8627334682,0.0,28.120264015271317,0.0,14751.71776174357,hl,2.8120264015276917e-05
2025-10-25,1010547.9042508147,0.0,1.041517346544011,0.0,14751.71776174357,hl,1.0415173465153202e-06
2025-10-26,1010570.4764842078,0.0,22.572233393109446,0.0,14751.71776174357,hl,2.2572233393089845e-05
2025-10-27,1010591.6413393912,0.0,21.1648551834476,0.0,14751.71776174357,hl,2.1164855183451437e-05
2025-10-28,1010645.4838972087,0.0,53.84255781743134,0.0,14751.71776174357,hl,5.3842557817464695e-05
2025-10-29,1010883.9030965525,0.0,238.41919934371413,0.0,14751.71776174357,hl,0.00023841919934377073
2025-10-30,1011078.4899334552,0.0,194.58683690273006,0.0,14751.71776174357,hl,0.00019458683690277393
2025-10-31,1011272.4390971094,0.0,193.94916365408142,0.0,14751.71776174357,hl,0.00019394916365412065
2025-11-01,1011485.9415078148,0.0,253.78361607948034,40.281205374016274,15294.554570233784,hl,0.00021350241070543417
2025-11-02,1011846.5786778932,0.0,360.6371700783266,0.0,15294.554570233784,hl,0.0003606371700783493
2025-11-03,1011925.0738183138,0.0,78.49514042062387,0.0,15294.554570233784,hl,7.849514042062219e-05
2025-11-04,1011894.0113093979,0.0,-31.062508915956165,0.0,15294.554570233784,hl,-3.1062508915900254e-05
2025-11-05,1011890.962175121,0.0,-3.049134276872887,0.0,15294.554570233784,hl,-3.0491342769237237e-06
2025-11-06,1011883.1185303156,0.0,-7.843644805382745,0.0,15294.554570233784,hl,-7.843644805368968e-06
2025-11-07,1011952.3741141872,0.0,69.25558387166333,0.0,15294.554570233784,hl,6.925558387162164e-05
2025-11-08,1012082.3573921829,0.0,129.9832779957796,0.0,15294.554570233784,hl,0.00012998327799572143
2025-11-09,1012123.9304337224,0.0,41.573041539545216,0.0,15294.554570233784,hl,4.157304153952282e-05
2025-11-10,1012087.2403085359,0.0,-36.69012518658394,0.0,15294.554570233784,hl,-3.669012518657837e-05
2025-11-11,1012184.9725499989,0.0,97.73224146299022,0.0,15294.554570233784,hl,9.773224146303256e-05
2025-11-12,1012423.079089739,0.0,238.1065397401037,0.0,15294.554570233784,hl,0.00023810653974011076
2025-11-13,1012470.7387968907,0.0,47.65970715170933,0.0,15294.554570233784,hl,4.7659707151702604e-05
2025-11-14,1012794.8496746926,0.0,324.1108778018787,0.0,15294.554570233784,hl,0.000324110877801897
2025-11-15,1012959.8555746233,0.0,165.00589993075482,0.0,15294.554570233784,hl,0.0001650058999307221
2025-11-16,1013033.7621909983,0.0,73.90661637493176,0.0,15294.554570233784,hl,7.390661637496668e-05
2025-11-17,1013357.51997394,0.0,323.75778294163973,0.0,15294.554570233784,hl,0.0003237577829416841
2025-11-18,1013580.9914777953,0.0,223.47150385532046,0.0,15294.554570233784,hl,0.0002234715038553113
2025-11-19,1013851.9161931133,0.0,270.9247153180184,0.0,15294.554570233784,hl,0.00027092471531801855
2025-11-20,1014191.5597991718,0.0,339.64360605842967,0.0,15294.554570233784,hl,0.0003396436060584383
2025-11-21,1014501.7576429026,0.0,310.1978437308104,0.0,15294.554570233784,hl,0.00031019784373079894
2025-11-22,1014656.13045417,0.0,154.37281126749002,0.0,15294.554570233784,hl,0.00015437281126750167
2025-11-23,1014885.0260207761,0.0,228.89556660604535,0.0,15294.554570233784,hl,0.00022889556660607923
2025-11-24,1014939.2842198025,0.0,54.25819902639475,0.0,15294.554570233784,hl,5.425819902634248e-05
2025-11-25,1014982.9144888063,0.0,43.630269003792215,0.0,15294.554570233784,hl,4.363026900379918e-05
2025-11-26,1015063.9258778662,0.0,81.01138905995552,0.0,15294.554570233784,hl,8.101138905994594e-05
2025-11-27,1015067.8039212705,0.0,3.8780434042816143,0.0,15294.554570233784,hl,3.878043404314667e-06
2025-11-28,1015109.8386789468,0.0,42.034757676323316,0.0,15294.554570233784,hl,4.2034757676301526e-05
2025-11-29,1015119.8574557462,0.0,10.018776799365899,0.0,15294.554570233784,hl,1.0018776799319313e-05
2025-11-30,1015199.7942339713,0.0,79.93677822517479,0.0,15294.554570233784,hl,7.993677822512109e-05
2025-12-01,1014946.1992199834,0.0,55.44765449808718,309.0426684858496,20988.83193880626,hl,-0.00025359501398785505
2025-12-02,1015048.8092291403,0.0,102.61000915682483,0.0,20988.83193880626,hl,0.000102610009156866
2025-12-03,1015094.9579670685,0.0,46.148737928243925,0.0,20988.83193880626,hl,4.614873792824801e-05
2025-12-04,1015215.4143616987,0.0,120.4563946301802,0.0,20988.83193880626,hl,0.00012045639463013503
2025-12-05,1015452.3483951911,0.0,236.93403349245293,0.0,20988.83193880626,hl,0.00023693403349246364
2025-12-06,1015745.4807089916,0.0,293.13231380049626,0.0,20988.83193880626,hl,0.00029313231380051003
2025-12-07,1015932.6065859951,0.0,187.12587700343855,0.0,20988.83193880626,hl,0.00018712587700341827
2025-12-08,1016056.495228973,0.0,123.88864297797888,0.0,20988.83193880626,hl,0.00012388864297792316
2025-12-09,1016167.8042095088,0.0,111.30898053585834,0.0,20988.83193880626,hl,0.00011130898053583223
2025-12-10,1016248.6944911273,0.0,80.89028161851425,0.0,20988.83193880626,hl,8.089028161845636e-05
2025-12-11,1016394.6790282709,0.0,145.98453714355264,0.0,20988.83193880626,hl,0.00014598453714360948
2025-12-12,1016495.9585048468,0.0,101.27947657590764,0.0,20988.83193880626,hl,0.00010127947657590266
2025-12-13,1016683.1870629898,0.0,187.2285581430752,0.0,20988.83193880626,hl,0.00018722855814301873
2025-12-14,1016920.8403190274,0.0,237.65325603763586,0.0,20988.83193880626,hl,0.00023765325603762176
2025-12-15,1017076.9919855328,0.0,156.15166650535832,0.0,20988.83193880626,hl,0.00015615166650537868
2025-12-16,1017221.8490278091,0.0,144.8570422762994,0.0,20988.83193880626,hl,0.0001448570422763005
2025-12-17,1017345.6786434626,0.0,123.82961565354746,0.0,20988.83193880626,hl,0.0001238296156534925
2025-12-18,1017376.7056494197,0.0,31.02700595705871,0.0,20988.83193880626,hl,3.1027005957090296e-05
2025-12-19,1017417.9570707476,0.0,41.25142132794175,0.0,20988.83193880626,hl,4.1251421327935535e-05
2025-12-20,1017514.1298191694,0.0,96.1727484217327,0.0,20988.83193880626,hl,9.61727484217845e-05
2025-12-21,1017607.4854397343,0.0,93.35562056494244,0.0,20988.83193880626,hl,9.335562056489289e-05
2025-12-22,1017656.9331874464,0.0,49.44774771217126,0.0,20988.83193880626,hl,4.944774771213997e-05
2025-12-23,1017801.1561629028,0.0,144.2229754563457,0.0,20988.83193880626,hl,0.00014422297545638868
2025-12-24,1018066.2801684921,0.0,265.1240055893145,0.0,20988.83193880626,hl,0.00026512400558928494
2025-12-25,1018302.731345399,0.0,236.45117690692717,0.0,20988.83193880626,hl,0.00023645117690693587
2025-12-26,1018431.0740385908,0.0,128.34269319169198,0.0,20988.83193880626,hl,0.00012834269319172018
2025-12-27,1018620.4639405927,0.0,189.3899020019225,0.0,20988.83193880626,hl,0.0001893899020019453
2025-12-28,1018631.7828516121,0.0,11.318911019369205,0.0,20988.83193880626,hl,1.131891101936344e-05
2025-12-29,1018644.9055690423,0.0,13.122717430252472,0.0,20988.83193880626,hl,1.3122717430233023e-05
2025-12-30,1018855.9534715675,0.0,211.04790252519462,0.0,20988.83193880626,hl,0.00021104790252516977
2025-12-31,1018917.1126023879,0.0,61.159130820442314,0.0,20988.83193880626,hl,6.115913082042244e-05
2026-01-01,1018717.8784501204,0.0,36.05653271254376,235.2906849800178,26427.833993365282,hl,-0.0001992341522674542
2026-01-02,1018814.8691860465,0.0,96.99073592603644,0.0,26427.833993365282,hl,9.699073592608329e-05
2026-01-03,1018810.7693778435,0.0,-4.099808203049244,0.0,26427.833993365282,hl,-4.099808203056455e-06
2026-01-04,1018885.1396676484,0.0,74.37028980491047,0.0,26427.833993365282,hl,7.437028980487958e-05
2026-01-05,1019092.3250150302,0.0,207.18534738180705,0.0,26427.833993365282,hl,0.0002071853473818628
2026-01-06,1019141.5930427271,0.0,49.26802769685639,0.0,26427.833993365282,hl,4.926802769687492e-05
2026-01-07,1019481.936263898,0.0,340.34322117099464,0.0,26427.833993365282,hl,0.00034034322117094414
2026-01-08,1019826.7673077825,0.0,344.83104388456235,0.0,26427.833993365282,hl,0.0003448310438845074
2026-01-09,1020059.9542594284,0.0,233.1869516458584,0.0,26427.833993365282,hl,0.0002331869516458828
2026-01-10,1020207.1823551236,0.0,147.22809569519586,0.0,26427.833993365282,hl,0.00014722809569514358
2026-01-11,1020253.8538674071,0.0,46.67151228347036,0.0,26427.833993365282,hl,4.667151228350122e-05
2026-01-12,1020262.4880670003,0.0,8.634199593176985,0.0,26427.833993365282,hl,8.63419959321618e-06
2026-01-13,1020342.9820783949,0.0,80.494011394508,0.0,26427.833993365282,hl,8.049401139456313e-05
2026-01-14,1020340.3031041435,0.0,-2.67897425133382,0.0,26427.833993365282,hl,-2.678974251379259e-06
2026-01-15,1020295.3827280905,0.0,-44.92037605299274,0.0,26427.833993365282,hl,-4.4920376052963546e-05
2026-01-16,1020320.9265773642,0.0,25.543849273695443,0.0,26427.833993365282,hl,2.55438492737012e-05
2026-01-17,1020382.8684317267,0.0,61.94185436250363,0.0,26427.833993365282,hl,6.194185436249245e-05
2026-01-18,1020389.926225288,0.0,7.057793561217543,0.0,26427.833993365282,hl,7.057793561252765e-06
2026-01-19,1020402.3374462471,0.0,12.411220959183746,0.0,26427.833993365282,hl,1.2411220959154889e-05
2026-01-20,1020643.3795444655,0.0,241.0420982183794,0.0,26427.833993365282,hl,0.0002410420982183423
2026-01-21,1020756.419794723,0.0,113.04025025754143,0.0,26427.833993365282,hl,0.00011304025025758892
2026-01-22,1021003.1974761453,0.0,246.77768142227234,0.0,26427.833993365282,hl,0.00024677768142230346
2026-01-23,1021334.9598861076,0.0,331.7624099622254,0.0,26427.833993365282,hl,0.00033176240996224805
2026-01-24,1021667.9152288684,0.0,332.9553427607336,0.0,26427.833993365282,hl,0.00033295534276077523
2026-01-25,1021973.0311264246,0.0,305.11589755623254,0.0,26427.833993365282,hl,0.00030511589755618477
2026-01-26,1022072.7886665483,0.0,99.7575401237298,0.0,26427.833993365282,hl,9.975754012377001e-05
2026-01-27,1022075.2707030332,0.0,2.4820364849182566,0.0,26427.833993365282,hl,2.48203648487106e-06
2026-01-28,1022349.2567267948,0.0,273.98602376161307,0.0,26427.833993365282,hl,0.00027398602376156486
2026-01-29,1022627.3813372346,0.0,278.1246104398838,0.0,26427.833993365282,hl,0.00027812461043987425
2026-01-30,1022829.6320582634,0.0,202.2507210287286,0.0,26427.833993365282,hl,0.0002022507210287731
2026-01-31,1022902.9951753177,0.0,73.36311705436076,0.0,26427.833993365282,hl,7.336311705433764e-05
2026-02-01,1022760.0126634194,0.0,101.99766490310184,244.98017680141137,21779.403737768,hl,-0.0001429825118983863
2026-02-02,1022865.4643829766,0.0,105.45171955726812,0.0,21779.403737768,hl,0.00010545171955728438
2026-02-03,1022983.9053866722,0.0,118.44100369563769,0.0,21779.403737768,hl,0.00011844100369559601
2026-02-04,1023176.5108098333,0.0,192.60542316110258,0.0,21779.403737768,hl,0.0001926054231610615
2026-02-05,1023614.0786428512,0.0,437.5678330179486,0.0,21779.403737768,hl,0.00043756783301790713
2026-02-06,1023937.8618591924,0.0,323.783216341217,0.0,21779.403737768,hl,0.0003237832163411658
2026-02-07,1024211.2961767056,0.0,273.43431751321094,0.0,21779.403737768,hl,0.0002734343175132526
2026-02-08,1024237.5565783248,0.0,26.260401619114766,0.0,21779.403737768,hl,2.6260401619132607e-05
2026-02-09,1024354.6400142703,0.0,117.08343594561322,0.0,21779.403737768,hl,0.00011708343594556208
2026-02-10,1024533.0024819083,0.0,178.36246763793605,0.0,21779.403737768,hl,0.00017836246763798408
2026-02-11,1024559.0477198191,0.0,26.045237910817658,0.0,21779.403737768,hl,2.6045237910817378e-05
2026-02-12,1024681.5378287722,0.0,122.49010895304947,0.0,21779.403737768,hl,0.0001224901089530904
2026-02-13,1024853.2736199771,0.0,171.73579120485743,0.0,21779.403737768,hl,0.00017173579120484647
2026-02-14,1025051.8158258481,0.0,198.54220587108713,0.0,21779.403737768,hl,0.00019854220587108283
2026-02-15,1025305.140738021,0.0,253.324912172822,0.0,21779.403737768,hl,0.0002533249121728586
2026-02-16,1025417.9557530843,0.0,112.8150150632728,0.0,21779.403737768,hl,0.00011281501506327186
2026-02-17,1025417.9557530843,0.0,0.0,0.0,21779.403737768,hl,0.0
2026-02-18,1025522.8982229513,0.0,104.94246986706412,0.0,21779.403737768,hl,0.00010494246986706275
2026-02-19,1025742.2767499255,0.0,219.378526974171,0.0,21779.403737768,hl,0.00021937852697412018
2026-02-20,1025827.7973490476,0.0,85.52059912218002,0.0,21779.403737768,hl,8.552059912215919e-05
2026-02-21,1026015.6474905649,0.0,187.85014151722282,0.0,21779.403737768,hl,0.0001878501415172359
2026-02-22,1026149.5834484623,0.0,133.93595789747957,0.0,21779.403737768,hl,0.0001339359578974545
2026-02-23,1026076.4386751739,0.0,-73.14477328837526,0.0,21779.403737768,hl,-7.314477328839712e-05
2026-02-24,1026038.794641563,0.0,-37.644033610951794,0.0,21779.403737768,hl,-3.764403361093719e-05
2026-02-25,1025757.4500645512,0.0,-281.344577011724,0.0,21779.403737768,hl,-0.0002813445770117687
2026-02-26,1025664.1012521504,0.0,-93.34881240088481,0.0,21779.403737768,hl,-9.334881240082905e-05
2026-02-27,1025651.4390131729,0.0,-12.662238977511535,0.0,21779.403737768,hl,-1.2662238977500237e-05
2026-02-28,1025797.2927079002,0.0,145.85369472728064,0.0,21779.403737768,hl,0.00014585369472729507
2026-03-01,1023241.4770463073,0.0,-250.2685261005534,2305.54713549236,21699.82803154616,bybit,-0.0025558156615928746
2026-03-02,1023405.8124519624,0.0,164.33540565503122,0.0,21699.82803154616,bybit,0.00016433540565508883
2026-03-03,1023459.9510643388,0.0,54.13861237640148,0.0,21699.82803154616,bybit,5.413861237640958e-05
2026-03-04,1023507.5642514176,0.0,47.61318707888003,0.0,21699.82803154616,bybit,4.7613187078852206e-05
2026-03-05,1023337.0224591553,0.0,-170.5417922623848,0.0,21699.82803154616,bybit,-0.00017054179226234556
2026-03-06,1023318.3594439374,0.0,-18.66301521791219,0.0,21699.82803154616,bybit,-1.8663015217869544e-05
2026-03-07,1023265.6385149893,0.0,-52.72092894815735,0.0,21699.82803154616,bybit,-5.272092894813977e-05
2026-03-08,1023004.3173429352,0.0,-261.32117205402534,0.0,21699.82803154616,bybit,-0.0002613211720540421
2026-03-09,1022927.9649067882,0.0,-76.35243614700497,0.0,21699.82803154616,bybit,-7.635243614704814e-05
2026-03-10,1022768.1531015385,0.0,-159.8118052496651,0.0,21699.82803154616,bybit,-0.00015981180524965747
2026-03-11,1022889.0796215687,0.0,120.92652003012206,0.0,21699.82803154616,bybit,0.00012092652003013064
2026-03-12,1022763.6451258861,0.0,-125.43449568263239,0.0,21699.82803154616,bybit,-0.0001254344956825953
2026-03-13,1022550.4145755776,0.0,-213.23055030852603,0.0,21699.82803154616,bybit,-0.000213230550308479
2026-03-14,1022539.3006896811,0.0,-11.113885896468574,0.0,21699.82803154616,bybit,-1.1113885896513239e-05
2026-03-15,1022390.7092556069,0.0,-148.59143407425915,0.0,21699.82803154616,bybit,-0.0001485914340742165
2026-03-16,1022417.8501558066,0.0,27.14090019972205,0.0,21699.82803154616,bybit,2.71409001997672e-05
2026-03-17,1022417.8501558066,0.0,0.0,0.0,21699.82803154616,bybit,0.0
2026-03-18,1022295.3566708226,0.0,-122.49348498407852,0.0,21699.82803154616,bybit,-0.0001224934849840356
2026-03-19,1021776.9486135312,0.0,-518.4080572913801,0.0,21699.82803154616,bybit,-0.0005184080572914099
2026-03-20,1021582.5557348859,0.0,-194.3928786453145,0.0,21699.82803154616,bybit,-0.00019439287864533254
2026-03-21,1021259.2764421903,0.0,-323.2792926955807,0.0,21699.82803154616,bybit,-0.00032327929269557355
2026-03-22,1021144.4135054369,0.0,-114.86293675342971,0.0,21699.82803154616,bybit,-0.0001148629367534304
2026-03-23,1021047.9648040528,0.0,-96.44870138396797,0.0,21699.82803154616,bybit,-9.644870138401166e-05
2026-03-24,1020787.6223070546,0.0,-260.3424969982242,0.0,21699.82803154616,bybit,-0.00026034249699825884
2026-03-25,1020599.5849006298,0.0,-188.037406424806,0.0,21699.82803154616,bybit,-0.00018803740642475895
2026-03-26,1020316.9144108249,0.0,-282.67048980497214,0.0,21699.82803154616,bybit,-0.00028267048980493565
2026-03-27,1020290.7894670619,0.0,-26.12494376305118,0.0,21699.82803154616,bybit,-2.6124943763017656e-05
2026-03-28,1019950.1919445802,0.0,-340.5975224817512,0.0,21699.82803154616,bybit,-0.00034059752248169386
2026-03-29,1019717.1245378039,0.0,-233.06740677624146,0.0,21699.82803154616,bybit,-0.00023306740677624476
2026-03-30,1019402.643130406,0.0,-314.48140739789386,0.0,21699.82803154616,bybit,-0.0003144814073978923
2026-03-31,1019394.8746501263,0.0,-7.7684802797544075,0.0,21699.82803154616,bybit,-7.768480279715731e-06
2026-04-01,1019206.28553193,0.0,17.31413990457225,205.90325810089055,18389.374493711435,bybit,-0.00018858911819627974
2026-04-02,1019217.1734813565,0.0,10.887949426473527,0.0,18389.374493711435,bybit,1.088794942642562e-05
2026-04-03,1019192.8189042981,0.0,-24.35457705833266,0.0,18389.374493711435,bybit,-2.4354577058344147e-05
2026-04-04,1019030.7266959295,0.0,-162.0922083685346,0.0,18389.374493711435,bybit,-0.0001620922083685873
2026-04-05,1018839.8777321614,0.0,-190.8489637681293,0.0,18389.374493711435,bybit,-0.00019084896376810504
2026-04-06,1018974.5651729215,0.0,134.6874407600324,0.0,18389.374493711435,bybit,0.00013468744076008442
2026-04-07,1018793.2775273786,0.0,-181.2876455428392,0.0,18389.374493711435,bybit,-0.00018128764554287773
2026-04-08,1018850.0116635514,0.0,56.73413617277615,0.0,18389.374493711435,bybit,5.673413617280312e-05
2026-04-09,1018843.5748048463,0.0,-6.4368587051191,0.0,18389.374493711435,bybit,-6.436858705128543e-06
2026-04-10,1018904.6791483681,0.0,61.104343521736034,0.0,18389.374493711435,bybit,6.110434352175799e-05
2026-04-11,1018702.8632610154,0.0,-201.81588735271444,0.0,18389.374493711435,bybit,-0.0002018158873526845
2026-04-12,1018721.4945904987,0.0,18.631329483344473,0.0,18389.374493711435,bybit,1.86313294833526e-05
2026-04-13,1018672.8586883994,0.0,-48.63590209930169,0.0,18389.374493711435,bybit,-4.863590209931135e-05
2026-04-14,1018601.0122700103,0.0,-71.84641838912697,0.0,18389.374493711435,bybit,-7.184641838911921e-05
2026-04-15,1018315.9188092055,0.0,-285.09346080478497,0.0,18389.374493711435,bybit,-0.00028509346080478283
2026-04-16,1018173.5871654704,0.0,-142.33164373521902,0.0,18389.374493711435,bybit,-0.00014233164373517502
2026-04-17,1017817.4254333937,0.0,-356.16173207663553,0.0,18389.374493711435,bybit,-0.00035616173207666727
2026-04-18,1017735.1875274824,0.0,-82.23790591132249,0.0,18389.374493711435,bybit,-8.223790591128637e-05
2026-04-19,1017937.6060655278,0.0,202.41853804534463,0.0,18389.374493711435,bybit,0.00020241853804537095
2026-04-20,1017966.1585137079,0.0,28.552448180102694,0.0,18389.374493711435,bybit,2.8552448180154898e-05
2026-04-21,1017975.2594254134,0.0,9.1009117055645,0.0,18389.374493711435,bybit,9.100911705521866e-06
2026-04-22,1017971.3579870603,0.0,-3.9014383531301107,0.0,18389.374493711435,bybit,-3.901438353117556e-06
2026-04-23,1017995.4038383033,0.0,24.04585124293918,0.0,18389.374493711435,bybit,2.404585124296136e-05
2026-04-24,1017949.9553460728,0.0,-45.44849223051238,0.0,18389.374493711435,bybit,-4.544849223049823e-05
2026-04-25,1017822.7897182418,0.0,-127.1656278309604,0.0,18389.374493711435,bybit,-0.00012716562783101108
2026-04-26,1017733.2985382455,0.0,-89.49117999629428,0.0,18389.374493711435,bybit,-8.949117999628651e-05
2026-04-27,1017705.2042928945,0.0,-28.094245351069496,0.0,18389.374493711435,bybit,-2.809424535103608e-05
2026-04-28,1017690.0470359338,0.0,-15.15725696059618,0.0,18389.374493711435,bybit,-1.5157256960636004e-05
2026-04-29,1017701.7674528656,0.0,11.720416931778374,0.0,18389.374493711435,bybit,1.1720416931784712e-05
2026-04-30,1017534.8411007364,0.0,-166.9263521291445,0.0,18389.374493711435,bybit,-0.00016692635212920142
2026-05-01,1014863.9247774769,0.0,-289.06165093228344,2381.854672327118,16919.488279954407,hl,-0.0026709163232594728
2026-05-02,1014929.9446377832,0.0,66.01986030630678,0.0,16919.488279954407,hl,6.601986030628905e-05
2026-05-03,1014929.9446377832,0.0,0.0,0.0,16919.488279954407,hl,0.0
2026-05-04,1014919.85155598,0.0,-10.093081803161109,0.0,16919.488279954407,hl,-1.0093081803177484e-05
2026-05-05,1014908.6387839663,0.0,-11.212772013720349,0.0,16919.488279954407,hl,-1.1212772013735958e-05
2026-05-06,1015013.727711527,0.0,105.08892756067183,0.0,16919.488279954407,hl,0.00010508892756071872
2026-05-07,1015050.2278806295,0.0,36.50016910249395,0.0,16919.488279954407,hl,3.650016910245176e-05
2026-05-08,1015079.7859295483,0.0,29.558048918866156,0.0,16919.488279954407,hl,2.955804891884327e-05
2026-05-09,1015200.5559230552,0.0,120.76999350682675,0.0,16919.488279954407,hl,0.00012076999350683764
2026-05-10,1015340.9390770613,0.0,140.3831540060814,0.0,16919.488279954407,hl,0.00014038315400609282
2026-05-11,1015558.9722184334,0.0,218.03314137215682,0.0,16919.488279954407,hl,0.00021803314137214329
2026-05-12,1015640.3623267408,0.0,81.390108307309,0.0,16919.488279954407,hl,8.139010830735788e-05
2026-05-13,1015655.4527089718,0.0,15.090382231011041,0.0,16919.488279954407,hl,1.509038223105017e-05
2026-05-14,1015767.8165330557,0.0,112.3638240838975,0.0,16919.488279954407,hl,0.00011236382408393547
2026-05-15,1016015.561664431,0.0,247.74513137532477,0.0,16919.488279954407,hl,0.0002477451313752681
2026-05-16,1016351.6900140955,0.0,336.12834966449685,0.0,16919.488279954407,hl,0.00033612834966450464
2026-05-17,1016526.2020744968,0.0,174.51206040122764,0.0,16919.488279954407,hl,0.00017451206040126273
2026-05-18,1016752.7954580538,0.0,226.59338355699734,0.0,16919.488279954407,hl,0.00022659338355704675
2026-05-19,1017091.4239590386,0.0,338.6285009847278,0.0,16919.488279954407,hl,0.0003386285009847488
2026-05-20,1017290.4924813767,0.0,199.0685223381962,0.0,16919.488279954407,hl,0.00019906852233817336
2026-05-21,1017719.6325005197,0.0,429.1400191430248,0.0,16919.488279954407,hl,0.00042914001914300023
2026-05-22,1017869.7740084161,0.0,150.14150789634485,0.0,16919.488279954407,hl,0.00015014150789636186
2026-05-23,1017868.4177617878,0.0,-1.3562466283604944,0.0,16919.488279954407,hl,-1.356246628332883e-06
2026-05-24,1018160.3986448727,0.0,291.9808830849907,0.0,16919.488279954407,hl,0.0002919808830849361
2026-05-25,1018168.8310313338,0.0,8.432386461034241,0.0,16919.488279954407,hl,8.432386461063288e-06
2026-05-26,1018368.4022739505,0.0,199.57124261679482,0.0,16919.488279954407,hl,0.0001995712426167447
2026-05-27,1018841.1454709274,0.0,472.7431969768064,0.0,16919.488279954407,hl,0.0004727431969768368
2026-05-28,1018947.5168433101,0.0,106.37137238278885,0.0,16919.488279954407,hl,0.00010637137238273863
2026-05-29,1018869.3982625356,0.0,-78.11858077456134,0.0,16919.488279954407,hl,-7.811858077452053e-05
2026-05-30,1019211.6585413136,0.0,342.2602787779766,0.0,16919.488279954407,hl,0.0003422602787780343
2026-05-31,1019828.9040247371,0.0,617.2454834234958,0.0,16919.488279954407,hl,0.0006172454834234668
2026-06-01,1019714.0132708423,0.0,813.0515721476521,927.9423260424088,9346.14902107449,hl,-0.0001148907538948115
2026-06-02,1020063.6425791944,0.0,349.6293083521016,0.0,9346.14902107449,hl,0.00034962930835213046
2026-06-03,1020153.5915613748,0.0,89.94898218045293,0.0,9346.14902107449,hl,8.994898218044545e-05
2026-06-04,1020564.4536927843,0.0,410.8621314094901,0.0,9346.14902107449,hl,0.00041086213140946345
2026-06-05,1020839.6605470234,0.0,275.2068542391358,0.0,9346.14902107449,hl,0.00027520685423910616
2026-06-06,1020973.2759588851,0.0,133.61541186167082,0.0,9346.14902107449,hl,0.00013361541186168325
2026-06-07,1021055.5973874424,0.0,82.32142855729506,0.0,9346.14902107449,hl,8.23214285572758e-05
2026-06-08,1021168.9352886905,0.0,113.3379012480791,0.0,9346.14902107449,hl,0.00011333790124813095
2026-06-09,1021239.7364503436,0.0,70.80116165310835,0.0,9346.14902107449,hl,7.080116165312939e-05
2026-06-10,1021427.5222829256,0.0,187.7858325819535,0.0,9346.14902107449,hl,0.00018778583258192522
2026-06-11,1021541.0391823851,0.0,113.51689945958032,0.0,9346.14902107449,hl,0.00011351689945952967
2026-06-12,1021671.1663642713,0.0,130.1271818862257,0.0,9346.14902107449,hl,0.00013012718188622967
2026-06-13,1021717.0929895027,0.0,45.92662523137975,0.0,9346.14902107449,hl,4.5926625231397336e-05
2026-06-14,1021720.9696867956,0.0,3.8766972929472914,0.0,9346.14902107449,hl,3.876697292900645e-06
2026-06-15,1021912.8040501971,0.0,191.8343634014624,0.0,9346.14902107449,hl,0.0001918343634015182
2026-06-16,1022260.3578804061,0.0,347.55383020895374,0.0,9346.14902107449,hl,0.00034755383020895536
2026-06-17,1022348.1108483829,0.0,87.75296797679118,0.0,9346.14902107449,hl,8.77529679768486e-05
2026-06-18,1022903.1559056969,0.0,555.0450573139888,0.0,9346.14902107449,hl,0.0005550450573139824
2026-06-19,1023014.3672094108,0.0,111.21130371386461,0.0,9346.14902107449,hl,0.00011121130371384788
2026-06-20,1023201.9753111554,0.0,187.6081017447095,0.0,9346.14902107449,hl,0.0001876081017446704
2026-06-21,1023377.4874571147,0.0,175.51214595930713,0.0,9346.14902107449,hl,0.0001755121459593065
2026-06-22,1023527.4535029314,0.0,149.96604581663647,0.0,9346.14902107449,hl,0.0001499660458166618
2026-06-23,1023703.5204835937,0.0,176.06698066231985,0.0,9346.14902107449,hl,0.00017606698066229
2026-06-24,1023734.1990831941,0.0,30.678599600496476,0.0,9346.14902107449,hl,3.0678599600447343e-05
2026-06-25,1023912.4030159817,0.0,178.20393278755782,0.0,9346.14902107449,hl,0.00017820393278752454
2026-06-26,1023976.7310306637,0.0,64.32801468207587,0.0,9346.14902107449,hl,6.432801468204707e-05
2026-06-27,1024177.1970532637,0.0,200.46602259991755,0.0,9346.14902107449,hl,0.00020046602259995416
2026-06-28,1024263.9201444293,0.0,86.72309116569093,0.0,9346.14902107449,hl,8.672309116565157e-05
2026-06-29,1024292.9688019714,0.0,29.048657542126737,0.0,9346.14902107449,hl,2.904865754209459e-05
2026-06-30,1024363.047647946,0.0,70.07884597466774,0.0,9346.14902107449,hl,7.007884597463999e-05
2026-07-01,1024273.2741970567,0.0,26.14266186261047,115.91611275209773,10394.453994288078,hl,-8.977345088939182e-05
2026-07-02,1024497.7916734378,0.0,224.51747638116996,0.0,10394.453994288078,hl,0.00022451747638115193
2026-07-03,1024544.5680012665,0.0,46.776327828596806,0.0,10394.453994288078,hl,4.6776327828643844e-05
2026-07-04,1024659.8238245054,0.0,115.25582323894484,0.0,10394.453994288078,hl,0.00011525582323898561
2026-07-05,1024676.0177228036,0.0,16.193898298193517,0.0,10394.453994288078,hl,1.6193898298195563e-05
2026-07-06,1024753.1746823034,0.0,77.15695949983727,0.0,10394.453994288078,hl,7.715695949981455e-05
2026-07-07,1025023.2682299754,0.0,270.0935476719737,0.0,10394.453994288078,hl,0.0002700935476719169
2026-07-08,1025160.6989790788,0.0,137.4307491034718,0.0,10394.453994288078,hl,0.00013743074910342693
2026-07-09,1025357.1189815329,0.0,196.4200024540784,0.0,10394.453994288078,hl,0.0001964200024540769
2026-07-10,1025575.5124588854,0.0,218.39347735251624,0.0,10394.453994288078,hl,0.00021839347735256887
2026-07-11,1025751.4162999445,0.0,175.90384105910215,0.0,10394.453994288078,hl,0.00017590384105907288
2026-07-12,1025913.4867491294,0.0,162.07044918485616,0.0,10394.453994288078,hl,0.00016207044918485917
2026-07-13,1026087.6718611979,0.0,174.18511206859998,0.0,10394.453994288078,hl,0.000174185112068546
2026-07-14,1026095.8118945273,0.0,8.14003332934676,0.0,10394.453994288078,hl,8.140033329371362e-06
2026-07-15,1026224.5638286271,0.0,128.75193409980864,0.0,10394.453994288078,hl,0.00012875193409982603
2026-07-16,1026244.82077238,0.0,20.25694375286603,0.0,10394.453994288078,hl,2.0256943752872757e-05
2026-07-17,1026389.6126395736,0.0,144.7918671936003,0.0,10394.453994288078,hl,0.00014479186719364953
2026-07-18,1026446.9228826466,0.0,57.310243072894096,0.0,10394.453994288078,hl,5.7310243072919545e-05
2026-07-19,1026737.6445744489,0.0,290.72169180239905,0.0,10394.453994288078,hl,0.00029072169180237686
2026-07-20,1026924.4559915242,0.0,186.81141707524475,0.0,10394.453994288078,hl,0.0001868114170752233
2026-07-21,1027011.3225855427,0.0,86.86659401850704,0.0,10394.453994288078,hl,8.686659401853104e-05
2026-07-22,1027198.0639981771,0.0,186.74141263433577,0.0,10394.453994288078,hl,0.00018674141263437923
2026-07-23,1027294.5033686607,0.0,96.43937048358092,0.0,10394.453994288078,hl,9.643937048362567e-05
2026-07-24,1027383.7264414715,0.0,89.22307281085477,0.0,10394.453994288078,hl,8.922307281079702e-05
2026-07-25,1027634.9529915792,0.0,251.22655010765035,0.0,10394.453994288078,hl,0.0002512265501077054
2026-07-26,1027885.612135444,0.0,250.65914386473582,0.0,10394.453994288078,hl,0.0002506591438647592
2026-07-27,1028138.8006909273,0.0,253.1885554833891,0.0,10394.453994288078,hl,0.00025318855548335707
2026-07-28,1028241.811691652,0.0,103.01100072475268,0.0,10394.453994288078,hl,0.00010301100072474219
2026-07-29,1028260.0534514225,0.0,18.24175977048201,0.0,10394.453994288078,hl,1.824175977043342e-05
2026-07-30,1028307.1314900552,0.0,47.07803863269741,0.0,10394.453994288078,hl,4.7078038632753306e-05
2026-07-31,1028476.0209584561,0.0,168.88946840089451,0.0,10394.453994288078,hl,0.00016888946840085554
2026-08-01,1028276.2855830018,0.0,25.849551968337572,225.58492742266398,12920.139982429817,hl,-0.0001997353754543001
2026-08-02,1028233.3736996851,0.0,-42.91188331672165,0.0,12920.139982429817,hl,-4.291188331670128e-05
2026-08-03,1028203.9830690328,0.0,-29.39063065229894,0.0,12920.139982429817,hl,-2.9390630652313122e-05
2026-08-04,1028268.4972690702,0.0,64.51420003750775,0.0,12920.139982429817,hl,6.45142000374617e-05
2026-08-05,1028162.7514196449,0.0,-105.74584942527842,0.0,12920.139982429817,hl,-0.00010574584942532238
2026-08-06,1028248.6418049155,0.0,85.89038527058666,0.0,12920.139982429817,hl,8.589038527058438e-05
2026-08-07,1028212.9368694942,0.0,-35.704935421385905,0.0,12920.139982429817,hl,-3.570493542135228e-05
2026-08-08,1028149.3495474642,0.0,-63.58732203003526,0.0,12920.139982429817,hl,-6.358732202998363e-05
2026-08-09,1028201.2055171188,0.0,51.8559696546247,0.0,12920.139982429817,hl,5.185596965462901e-05
2026-08-10,1028221.1328527046,0.0,19.927335585858167,0.0,12920.139982429817,hl,1.9927335585816762e-05
