bucket,rate_hl,rate_bybit,date,spread
1752451200000,0.0006072404,0.00022053,2025-07-14 00:00:00,0.0003867104
1752480000000,0.0001652689,0.00027358,2025-07-14 08:00:00,-0.0001083111
1752508800000,0.0004745619,0.00025583,2025-07-14 16:00:00,0.00021873189999999999
1752537600000,0.000586368,0.00025964,2025-07-15 00:00:00,0.000326728
1752566400000,0.0004026649,0.00029068,2025-07-15 08:00:00,0.00011198490000000001
1752595200000,0.0001614175,0.00013087,2025-07-15 16:00:00,3.05475e-05
1752624000000,0.0002758251,0.0001,2025-07-16 00:00:00,0.00017582509999999998
1752652800000,0.0001859393,0.0001,2025-07-16 08:00:00,8.59393e-05
1752681600000,0.0002453513,0.0001,2025-07-16 16:00:00,0.0001453513
1752710400000,0.0004128001,0.0001,2025-07-17 00:00:00,0.0003128001
1752739200000,0.0005181497,0.0001,2025-07-17 08:00:00,0.0004181497
1752768000000,0.0005356286,0.00022828,2025-07-17 16:00:00,0.00030734860000000003
1752796800000,0.0008305701999999999,0.0001,2025-07-18 00:00:00,0.0007305701999999999
1752825600000,0.0005589782,0.00014893,2025-07-18 08:00:00,0.00041004819999999995
1752854400000,0.0002298002,0.0001,2025-07-18 16:00:00,0.00012980019999999997
1752883200000,0.0001504339,0.0001,2025-07-19 00:00:00,5.0433900000000005e-05
1752912000000,0.0005810472,0.0001,2025-07-19 08:00:00,0.0004810472
1752940800000,0.00017997450000000002,0.0001,2025-07-19 16:00:00,7.997450000000001e-05
1752969600000,0.0002404068,0.0001,2025-07-20 00:00:00,0.00014040679999999999
1752998400000,0.0005698412,0.0001,2025-07-20 08:00:00,0.00046984120000000004
1753027200000,0.0002318418,0.0001,2025-07-20 16:00:00,0.0001318418
1753056000000,0.0003625001,7.31e-05,2025-07-21 00:00:00,0.0002894001
1753084800000,0.0003716433,0.0001,2025-07-21 08:00:00,0.0002716433
1753113600000,0.00034169450000000003,0.0001,2025-07-21 16:00:00,0.00024169450000000004
1753142400000,0.0002363055,0.0001,2025-07-22 00:00:00,0.00013630549999999998
1753171200000,0.0001261895,0.0001,2025-07-22 08:00:00,2.6189499999999997e-05
1753200000000,0.0001707568,0.0001,2025-07-22 16:00:00,7.075679999999999e-05
1753228800000,0.0002491593,8.739e-05,2025-07-23 00:00:00,0.00016176929999999997
1753257600000,0.0001,0.0001,2025-07-23 08:00:00,0.0
1753286400000,0.0001,-6.87e-06,2025-07-23 16:00:00,0.00010687000000000001
1753315200000,0.0001665198,-5.663e-05,2025-07-24 00:00:00,0.00022314980000000002
1753344000000,0.0001,3.038e-05,2025-07-24 08:00:00,6.962e-05
1753372800000,0.0001,0.0001,2025-07-24 16:00:00,0.0
1753401600000,0.0003237232,4.13e-06,2025-07-25 00:00:00,0.00031959320000000003
1753430400000,0.0003034051,0.0001,2025-07-25 08:00:00,0.00020340510000000002
1753459200000,0.000420022,2.051e-05,2025-07-25 16:00:00,0.000399512
1753488000000,0.0005978819,0.0001,2025-07-26 00:00:00,0.0004978818999999999
1753516800000,0.00031161000000000003,0.0001,2025-07-26 08:00:00,0.00021161000000000004
1753545600000,0.000275972,0.0001,2025-07-26 16:00:00,0.000175972
1753574400000,0.0003533483,0.0001,2025-07-27 00:00:00,0.0002533483
1753603200000,0.0002762356,0.0001,2025-07-27 08:00:00,0.0001762356
1753632000000,0.0006547102,0.0001,2025-07-27 16:00:00,0.0005547102
1753660800000,0.0006130507,0.0001,2025-07-28 00:00:00,0.0005130506999999999
1753689600000,0.0003469336,0.0001,2025-07-28 08:00:00,0.0002469336
1753718400000,0.00023386480000000002,0.0001,2025-07-28 16:00:00,0.00013386480000000003
1753747200000,0.0001,0.0001,2025-07-29 00:00:00,0.0
1753776000000,-6.163709999999999e-05,0.0001,2025-07-29 08:00:00,-0.0001616371
1753804800000,0.000115678,0.0001,2025-07-29 16:00:00,1.5677999999999995e-05
1753833600000,0.00011625700000000001,8.345e-05,2025-07-30 00:00:00,3.280700000000001e-05
1753862400000,0.0002618325,-5.009e-05,2025-07-30 08:00:00,0.0003119225
1753891200000,0.000122446,0.0001,2025-07-30 16:00:00,2.244600000000001e-05
1753920000000,0.00030330470000000003,0.0001,2025-07-31 00:00:00,0.00020330470000000004
1753948800000,9.23701e-05,0.0001,2025-07-31 08:00:00,-7.6299e-06
1753977600000,0.0001533851,0.0001,2025-07-31 16:00:00,5.33851e-05
1754006400000,0.0003288779,1.254e-05,2025-08-01 00:00:00,0.0003163379
1754035200000,0.0002042881,6.508e-05,2025-08-01 08:00:00,0.00013920810000000002
1754064000000,0.0001,0.0001,2025-08-01 16:00:00,0.0
1754092800000,9.00133e-05,8.43e-06,2025-08-02 00:00:00,8.15833e-05
1754121600000,4.224100000000006e-06,-0.00011816,2025-08-02 08:00:00,0.0001223841
1754150400000,7.5311e-05,3.917e-05,2025-08-02 16:00:00,3.6141e-05
1754179200000,5.41877e-05,0.0001,2025-08-03 00:00:00,-4.58123e-05
1754208000000,6.723000000000002e-06,-0.00010403,2025-08-03 08:00:00,0.000110753
1754236800000,3.18919e-05,6.261e-05,2025-08-03 16:00:00,-3.07181e-05
1754265600000,8.09941e-05,-2.887e-05,2025-08-04 00:00:00,0.0001098641
1754294400000,4.89148e-05,7.082e-05,2025-08-04 08:00:00,-2.19052e-05
1754323200000,8.35303e-05,4.463e-05,2025-08-04 16:00:00,3.8900300000000004e-05
1754352000000,0.0001,0.0001,2025-08-05 00:00:00,0.0
1754380800000,7.264270000000001e-05,0.0001,2025-08-05 08:00:00,-2.7357299999999996e-05
1754409600000,8.82408e-05,0.0001,2025-08-05 16:00:00,-1.1759200000000008e-05
1754438400000,2.22838e-05,-2.079e-05,2025-08-06 00:00:00,4.30738e-05
1754467200000,9.988e-05,-7.309e-05,2025-08-06 08:00:00,0.00017297
1754496000000,7.936440000000001e-05,0.0001,2025-08-06 16:00:00,-2.0635599999999996e-05
1754524800000,2.53448e-05,0.0001,2025-08-07 00:00:00,-7.465520000000001e-05
1754553600000,6.90677e-05,0.0001,2025-08-07 08:00:00,-3.09323e-05
1754582400000,3.170299999999999e-06,0.0001,2025-08-07 16:00:00,-9.682970000000001e-05
1754611200000,5.39448e-05,0.0001,2025-08-08 00:00:00,-4.6055200000000006e-05
1754640000000,8.58862e-05,0.0001,2025-08-08 08:00:00,-1.4113800000000007e-05
1754668800000,3.3056e-05,-4.258e-05,2025-08-08 16:00:00,7.5636e-05
1754697600000,7.01062e-05,-5.334e-05,2025-08-09 00:00:00,0.0001234462
1754726400000,0.0001008551,0.0001,2025-08-09 08:00:00,8.55099999999998e-07
1754755200000,0.0001894752,0.0001,2025-08-09 16:00:00,8.94752e-05
1754784000000,0.0001,0.0001,2025-08-10 00:00:00,0.0
1754812800000,0.0001,0.0001,2025-08-10 08:00:00,0.0
1754841600000,0.0001265445,0.0001,2025-08-10 16:00:00,2.6544500000000003e-05
1754870400000,0.0002557657,0.0001,2025-08-11 00:00:00,0.0001557657
1754899200000,0.000226367,0.0001,2025-08-11 08:00:00,0.000126367
1754928000000,0.0002744708,0.0001,2025-08-11 16:00:00,0.00017447080000000003
1754956800000,0.0001,0.0001,2025-08-12 00:00:00,0.0
1754985600000,0.0001,0.0001,2025-08-12 08:00:00,0.0
1755014400000,0.0001819933,0.0001,2025-08-12 16:00:00,8.199329999999999e-05
1755043200000,9.89164e-05,0.0001,2025-08-13 00:00:00,-1.0836000000000043e-06
1755072000000,0.000176745,-9.283e-05,2025-08-13 08:00:00,0.000269575
1755100800000,0.0002279381,0.0001,2025-08-13 16:00:00,0.0001279381
1755129600000,0.00012390020000000002,0.0001,2025-08-14 00:00:00,2.3900200000000012e-05
1755158400000,1.0300399999999997e-05,0.0001,2025-08-14 08:00:00,-8.969960000000001e-05
1755187200000,-6.31513e-05,0.0001,2025-08-14 16:00:00,-0.0001631513
1755216000000,2.9694700000000002e-05,-5.181e-05,2025-08-15 00:00:00,8.15047e-05
1755244800000,0.0001043951,0.0001,2025-08-15 08:00:00,4.3950999999999946e-06
1755273600000,0.0001,0.0001,2025-08-15 16:00:00,0.0
1755302400000,0.0001,0.0001,2025-08-16 00:00:00,0.0
1755331200000,0.0001,0.0001,2025-08-16 08:00:00,0.0
1755360000000,0.0001,0.0001,2025-08-16 16:00:00,0.0
1755388800000,-9.15718e-05,0.0001,2025-08-17 00:00:00,-0.0001915718
1755417600000,6.55373e-05,0.0001,2025-08-17 08:00:00,-3.4462700000000005e-05
1755446400000,0.0001,0.0001,2025-08-17 16:00:00,0.0
1755475200000,0.0001995902,0.0001,2025-08-18 00:00:00,9.959019999999999e-05
1755504000000,0.0002120722,0.0001,2025-08-18 08:00:00,0.00011207220000000001
1755532800000,0.0001,0.0001,2025-08-18 16:00:00,0.0
1755561600000,9.22356e-05,0.0001,2025-08-19 00:00:00,-7.764400000000003e-06
1755590400000,0.0001,-7.2e-07,2025-08-19 08:00:00,0.00010072000000000001
1755619200000,0.00020538930000000002,-3.17e-05,2025-08-19 16:00:00,0.0002370893
1755648000000,0.0001757152,0.0001,2025-08-20 00:00:00,7.571519999999999e-05
1755676800000,0.00011955900000000001,0.0001,2025-08-20 08:00:00,1.9559000000000007e-05
1755705600000,0.0003653619,0.0001,2025-08-20 16:00:00,0.0002653619
1755734400000,0.0001525562,0.0001,2025-08-21 00:00:00,5.255619999999999e-05
1755763200000,0.0003421258,0.0001,2025-08-21 08:00:00,0.0002421258
1755792000000,0.0003817476,0.0001,2025-08-21 16:00:00,0.0002817476
1755820800000,0.00045455830000000003,0.0001,2025-08-22 00:00:00,0.00035455830000000004
1755849600000,0.00015610070000000002,0.0001,2025-08-22 08:00:00,5.610070000000002e-05
1755878400000,0.00010445820000000001,0.0001,2025-08-22 16:00:00,4.458200000000004e-06
1755907200000,0.0001147514,0.0001,2025-08-23 00:00:00,1.4751399999999996e-05
1755936000000,0.0001,0.0001,2025-08-23 08:00:00,0.0
1755964800000,0.0001236798,0.0001,2025-08-23 16:00:00,2.367979999999999e-05
1755993600000,0.000190338,0.0001,2025-08-24 00:00:00,9.033799999999999e-05
1756022400000,0.0002395779,0.0001,2025-08-24 08:00:00,0.00013957789999999998
1756051200000,0.0002731273,0.0001,2025-08-24 16:00:00,0.00017312730000000002
1756080000000,0.00011339170000000001,0.0001,2025-08-25 00:00:00,1.3391700000000003e-05
1756108800000,0.0002213894,0.0001,2025-08-25 08:00:00,0.0001213894
1756137600000,0.00022338150000000002,0.0001,2025-08-25 16:00:00,0.0001233815
1756166400000,0.00025548410000000003,0.0001,2025-08-26 00:00:00,0.00015548410000000004
1756195200000,0.0001,0.0001,2025-08-26 08:00:00,0.0
1756224000000,0.0001,0.0001,2025-08-26 16:00:00,0.0
1756252800000,0.0001226245,0.00017466,2025-08-27 00:00:00,-5.203550000000001e-05
1756281600000,0.0002463618,0.00015735,2025-08-27 08:00:00,8.901180000000001e-05
1756310400000,0.0001,0.0001,2025-08-27 16:00:00,0.0
1756339200000,0.0001,0.0001,2025-08-28 00:00:00,0.0
1756368000000,9.160780000000001e-05,0.0001,2025-08-28 08:00:00,-8.392199999999997e-06
1756396800000,0.0001,0.0001,2025-08-28 16:00:00,0.0
1756425600000,0.0001276315,0.0001,2025-08-29 00:00:00,2.7631499999999988e-05
1756454400000,0.0002854254,0.0001,2025-08-29 08:00:00,0.0001854254
1756483200000,0.0001,0.0001,2025-08-29 16:00:00,0.0
1756512000000,0.0001,0.0001,2025-08-30 00:00:00,0.0
1756540800000,0.0001,0.0001,2025-08-30 08:00:00,0.0
1756569600000,0.0001,0.0001,2025-08-30 16:00:00,0.0
1756598400000,0.0001,0.0001,2025-08-31 00:00:00,0.0
1756627200000,0.0001,0.0001,2025-08-31 08:00:00,0.0
1756656000000,0.0001,0.0001,2025-08-31 16:00:00,0.0
1756684800000,0.0001,0.0001,2025-09-01 00:00:00,0.0
1756713600000,0.0001,0.0001,2025-09-01 08:00:00,0.0
1756742400000,0.0003134008,0.0001,2025-09-01 16:00:00,0.00021340079999999998
1756771200000,0.0001957261,0.0001,2025-09-02 00:00:00,9.572609999999999e-05
1756800000000,0.0001455296,0.0001,2025-09-02 08:00:00,4.552959999999999e-05
1756828800000,0.0001,0.0001,2025-09-02 16:00:00,0.0
1756857600000,0.0001399517,0.0001,2025-09-03 00:00:00,3.995169999999999e-05
1756886400000,0.0001098679,0.0001,2025-09-03 08:00:00,9.8679e-06
1756915200000,0.0001,0.0001,2025-09-03 16:00:00,0.0
1756944000000,0.0001,0.0001,2025-09-04 00:00:00,0.0
1756972800000,0.0001,0.0001,2025-09-04 08:00:00,0.0
1757001600000,0.0001,0.0001,2025-09-04 16:00:00,0.0
1757030400000,0.0001,0.0001,2025-09-05 00:00:00,0.0
1757059200000,9.86157e-05,0.0001,2025-09-05 08:00:00,-1.3843000000000064e-06
1757088000000,0.0001009822,0.0001,2025-09-05 16:00:00,9.821999999999988e-07
1757116800000,0.0001,0.0001,2025-09-06 00:00:00,0.0
1757145600000,0.0001,0.0001,2025-09-06 08:00:00,0.0
1757174400000,0.0001,0.0001,2025-09-06 16:00:00,0.0
1757203200000,0.0001,0.0001,2025-09-07 00:00:00,0.0
1757232000000,0.0001,0.0001,2025-09-07 08:00:00,0.0
1757260800000,-1.5681999999999997e-05,0.0001,2025-09-07 16:00:00,-0.00011568200000000001
1757289600000,6.51591e-05,0.0001,2025-09-08 00:00:00,-3.484090000000001e-05
1757318400000,0.0001240911,0.0001,2025-09-08 08:00:00,2.4091100000000004e-05
1757347200000,1.15812e-05,0.0001,2025-09-08 16:00:00,-8.841880000000001e-05
1757376000000,0.0001052201,0.0001,2025-09-09 00:00:00,5.220100000000001e-06
1757404800000,0.0001137111,0.0001,2025-09-09 08:00:00,1.3711099999999998e-05
1757433600000,0.0001,0.0001,2025-09-09 16:00:00,0.0
1757462400000,0.0001,0.0001,2025-09-10 00:00:00,0.0
1757491200000,0.0001592457,0.0001,2025-09-10 08:00:00,5.924569999999999e-05
1757520000000,0.0001076246,0.0001,2025-09-10 16:00:00,7.624599999999995e-06
1757548800000,0.0001,0.0001,2025-09-11 00:00:00,0.0
1757577600000,0.0001,0.0001,2025-09-11 08:00:00,0.0
1757606400000,-1.1208399999999996e-05,0.0001,2025-09-11 16:00:00,-0.0001112084
1757635200000,-3.31806e-05,0.0001,2025-09-12 00:00:00,-0.0001331806
1757664000000,5.2114900000000005e-05,0.0001,2025-09-12 08:00:00,-4.78851e-05
1757692800000,-5.9098e-05,0.0001,2025-09-12 16:00:00,-0.00015909800000000001
1757721600000,-1.4174199999999999e-05,0.0001,2025-09-13 00:00:00,-0.00011417420000000001
1757750400000,-1.87917e-05,9.523e-05,2025-09-13 08:00:00,-0.00011402169999999999
1757779200000,-0.0001638868,0.0001,2025-09-13 16:00:00,-0.0002638868
1757808000000,7.56214e-05,0.0001,2025-09-14 00:00:00,-2.4378600000000004e-05
1757836800000,0.0001,0.0001,2025-09-14 08:00:00,0.0
1757865600000,8.20471e-05,0.0001,2025-09-14 16:00:00,-1.7952900000000002e-05
1757894400000,-1.84178e-05,0.0001,2025-09-15 00:00:00,-0.0001184178
1757923200000,8.91092e-05,0.0001,2025-09-15 08:00:00,-1.08908e-05
1757952000000,7.98907e-05,0.0001,2025-09-15 16:00:00,-2.01093e-05
1757980800000,0.0001,0.0001,2025-09-16 00:00:00,0.0
1758009600000,0.0001288046,0.0001,2025-09-16 08:00:00,2.8804600000000005e-05
1758038400000,0.0001,0.0001,2025-09-16 16:00:00,0.0
1758067200000,0.0001,0.0001,2025-09-17 00:00:00,0.0
1758096000000,5.43834e-05,0.0001,2025-09-17 08:00:00,-4.5616600000000006e-05
1758124800000,8.29241e-05,0.0001,2025-09-17 16:00:00,-1.7075900000000004e-05
1758153600000,0.0001500354,0.0001,2025-09-18 00:00:00,5.003539999999999e-05
1758182400000,0.0001148055,0.0001,2025-09-18 08:00:00,1.4805499999999999e-05
1758211200000,0.0001,0.0001,2025-09-18 16:00:00,0.0
1758240000000,0.00010269680000000001,0.0001,2025-09-19 00:00:00,2.6968000000000044e-06
1758268800000,0.0002378203,0.0001,2025-09-19 08:00:00,0.00013782029999999997
1758297600000,0.0002031442,0.0001,2025-09-19 16:00:00,0.0001031442
1758326400000,0.0002904794,0.0001,2025-09-20 00:00:00,0.0001904794
1758355200000,0.0003320049,0.0001,2025-09-20 08:00:00,0.0002320049
1758384000000,0.00021529889999999998,0.0001,2025-09-20 16:00:00,0.00011529889999999997
1758412800000,0.0001857253,0.00021077,2025-09-21 00:00:00,-2.5044699999999994e-05
1758441600000,0.0001935149,0.00020591,2025-09-21 08:00:00,-1.2395100000000013e-05
1758470400000,0.0007790731,0.0001,2025-09-21 16:00:00,0.0006790730999999999
1758499200000,0.0005110743,0.00040615,2025-09-22 00:00:00,0.00010492430000000005
1758528000000,0.0003116761,0.00017221,2025-09-22 08:00:00,0.00013946610000000002
1758556800000,0.0004047773,0.00024365,2025-09-22 16:00:00,0.00016112729999999997
1758585600000,0.0002721246,0.00044211,2025-09-23 00:00:00,-0.00016998540000000002
1758614400000,0.0002551439,0.0001,2025-09-23 08:00:00,0.00015514389999999998
1758643200000,0.000528853,0.0001,2025-09-23 16:00:00,0.00042885300000000004
1758672000000,0.000716417,0.00021441,2025-09-24 00:00:00,0.0005020070000000001
1758700800000,0.0002489065,0.00028316,2025-09-24 08:00:00,-3.425349999999999e-05
1758729600000,0.0001354134,0.0001,2025-09-24 16:00:00,3.5413399999999995e-05
1758758400000,0.00015340000000000002,0.0001,2025-09-25 00:00:00,5.340000000000001e-05
1758787200000,0.0005202679,0.0001,2025-09-25 08:00:00,0.00042026790000000003
1758816000000,0.0003969907,0.0001427,2025-09-25 16:00:00,0.0002542907
1758844800000,0.0002035735,0.00010824,2025-09-26 00:00:00,9.533350000000001e-05
1758873600000,0.0004575689,0.0001,2025-09-26 08:00:00,0.0003575689
1758902400000,0.0001398008,0.0001,2025-09-26 16:00:00,3.980080000000001e-05
1758931200000,0.0003257052,0.0001,2025-09-27 00:00:00,0.0002257052
1758960000000,0.0001335107,0.00023753,2025-09-27 08:00:00,-0.0001040193
1758988800000,0.00011956370000000002,0.0001,2025-09-27 16:00:00,1.956370000000001e-05
1759017600000,0.0001108414,0.0001,2025-09-28 00:00:00,1.0841400000000001e-05
1759046400000,0.0001,0.0001,2025-09-28 08:00:00,0.0
1759075200000,0.0001,0.0001,2025-09-28 16:00:00,0.0
1759104000000,7.000040000000001e-05,0.0001,2025-09-29 00:00:00,-2.9999599999999996e-05
1759132800000,0.0001133101,0.0001,2025-09-29 08:00:00,1.33101e-05
1759161600000,0.0001,0.0001,2025-09-29 16:00:00,0.0
1759190400000,0.0001693059,0.0001,2025-09-30 00:00:00,6.93059e-05
1759219200000,0.00014642490000000001,0.0001,2025-09-30 08:00:00,4.642490000000001e-05
1759248000000,0.0003358843,0.0001,2025-09-30 16:00:00,0.0002358843
1759276800000,0.0001140722,0.0001,2025-10-01 00:00:00,1.4072199999999997e-05
1759305600000,0.0001036171,0.0001,2025-10-01 08:00:00,3.6170999999999963e-06
1759334400000,0.0001,0.0001,2025-10-01 16:00:00,0.0
1759363200000,0.00012550120000000002,0.0001,2025-10-02 00:00:00,2.5501200000000013e-05
1759392000000,0.0001289685,0.0001,2025-10-02 08:00:00,2.8968500000000006e-05
1759420800000,0.0001907906,0.0001,2025-10-02 16:00:00,9.079059999999999e-05
1759449600000,0.0001,0.0001,2025-10-03 00:00:00,0.0
1759478400000,0.0001809236,0.0001,2025-10-03 08:00:00,8.09236e-05
1759507200000,0.0003351093,0.0001,2025-10-03 16:00:00,0.0002351093
1759536000000,0.0002679603,0.00017116,2025-10-04 00:00:00,9.680030000000002e-05
1759564800000,0.0001140871,0.0001,2025-10-04 08:00:00,1.4087099999999996e-05
1759593600000,0.0001382795,0.0001,2025-10-04 16:00:00,3.82795e-05
1759622400000,0.0001504566,0.0001,2025-10-05 00:00:00,5.0456599999999994e-05
1759651200000,0.0002600774,0.0001,2025-10-05 08:00:00,0.00016007740000000003
1759680000000,0.0003726052,0.0001,2025-10-05 16:00:00,0.0002726052
1759708800000,0.0003976423,0.00011006,2025-10-06 00:00:00,0.00028758230000000003
1759737600000,0.0006547116,0.0001,2025-10-06 08:00:00,0.0005547115999999999
1759766400000,0.0003179433,0.00021675,2025-10-06 16:00:00,0.00010119329999999999
1759795200000,0.0002460224,0.0001,2025-10-07 00:00:00,0.00014602240000000002
1759824000000,0.0003189867,0.0001,2025-10-07 08:00:00,0.00021898670000000003
1759852800000,0.0001969591,0.0001,2025-10-07 16:00:00,9.69591e-05
1759881600000,0.0001873252,0.0001,2025-10-08 00:00:00,8.73252e-05
1759910400000,0.0002538974,0.0001,2025-10-08 08:00:00,0.00015389740000000004
1759939200000,0.0001201604,0.0001,2025-10-08 16:00:00,2.0160399999999998e-05
1759968000000,0.00013920770000000002,0.0001,2025-10-09 00:00:00,3.9207700000000014e-05
1759996800000,0.000132328,0.0001,2025-10-09 08:00:00,3.232799999999999e-05
1760025600000,0.0001,0.0001,2025-10-09 16:00:00,0.0
1760054400000,0.0001,0.0001,2025-10-10 00:00:00,0.0
1760083200000,0.0001,0.0001,2025-10-10 08:00:00,0.0
1760112000000,-0.0019320817999999998,0.0001,2025-10-10 16:00:00,-0.0020320817999999997
1760140800000,-0.0004614483,0.0001,2025-10-11 00:00:00,-0.0005614483
1760169600000,-0.0001643736,0.0001,2025-10-11 08:00:00,-0.0002643736
1760198400000,0.0001058106,0.0001,2025-10-11 16:00:00,5.810600000000002e-06
1760227200000,0.0001,0.0001,2025-10-12 00:00:00,0.0
1760256000000,-2.625899999999998e-06,0.0001,2025-10-12 08:00:00,-0.0001026259
1760284800000,-0.0001955891,0.0001,2025-10-12 16:00:00,-0.0002955891
1760313600000,5.27567e-05,0.0001,2025-10-13 00:00:00,-4.72433e-05
1760342400000,5.4596800000000006e-05,0.0001,2025-10-13 08:00:00,-4.54032e-05
1760371200000,-9.8486e-05,0.0001,2025-10-13 16:00:00,-0.000198486
1760400000000,5.822800000000005e-06,0.0001,2025-10-14 00:00:00,-9.41772e-05
1760428800000,4.2909100000000006e-05,0.0001,2025-10-14 08:00:00,-5.70909e-05
1760457600000,8.61131e-05,-1.919e-05,2025-10-14 16:00:00,0.0001053031
1760486400000,3.54835e-05,-1.242e-05,2025-10-15 00:00:00,4.79035e-05
1760515200000,9.049190000000001e-05,1.778e-05,2025-10-15 08:00:00,7.271190000000001e-05
1760544000000,-4.91781e-05,0.0001,2025-10-15 16:00:00,-0.0001491781
1760572800000,6.698300000000004e-06,1.459e-05,2025-10-16 00:00:00,-7.891699999999994e-06
1760601600000,-0.0001700351,-0.00010723,2025-10-16 08:00:00,-6.28051e-05
1760630400000,3.863640000000001e-05,-0.00014553,2025-10-16 16:00:00,0.0001841664
1760659200000,0.0001440941,6.64e-05,2025-10-17 00:00:00,7.76941e-05
1760688000000,0.000133824,0.0001,2025-10-17 08:00:00,3.382399999999999e-05
1760716800000,8.6382e-06,0.0001,2025-10-17 16:00:00,-9.136180000000001e-05
1760745600000,0.0001,0.0001,2025-10-18 00:00:00,0.0
1760774400000,8.95457e-05,0.0001,2025-10-18 08:00:00,-1.04543e-05
1760803200000,9.104950000000001e-05,0.0001,2025-10-18 16:00:00,-8.950499999999995e-06
1760832000000,0.0001,0.0001,2025-10-19 00:00:00,0.0
1760860800000,0.0001,0.0001,2025-10-19 08:00:00,0.0
1760889600000,6.37226e-05,0.0001,2025-10-19 16:00:00,-3.6277400000000006e-05
1760918400000,5.00175e-05,0.0001,2025-10-20 00:00:00,-4.9982500000000005e-05
1760947200000,8.99345e-05,0.0001,2025-10-20 08:00:00,-1.00655e-05
1760976000000,-8.27379e-05,0.0001,2025-10-20 16:00:00,-0.00018273790000000002
1761004800000,8.44633e-05,0.0001,2025-10-21 00:00:00,-1.5536700000000003e-05
1761033600000,0.0001598349,0.0001,2025-10-21 08:00:00,5.9834900000000005e-05
1761062400000,5.9587700000000005e-05,0.0001,2025-10-21 16:00:00,-4.04123e-05
1761091200000,0.00018792100000000002,0.0001,2025-10-22 00:00:00,8.792100000000001e-05
1761120000000,0.0001783587,0.0001,2025-10-22 08:00:00,7.83587e-05
1761148800000,0.0001,0.0001,2025-10-22 16:00:00,0.0
1761177600000,0.0004365702,0.0001,2025-10-23 00:00:00,0.0003365702
1761206400000,0.0001716252,0.0001,2025-10-23 08:00:00,7.162519999999999e-05
1761235200000,0.0001,0.0001,2025-10-23 16:00:00,0.0
1761264000000,0.0001,0.0001,2025-10-24 00:00:00,0.0
1761292800000,0.0001,0.0001,2025-10-24 08:00:00,0.0
1761321600000,0.0001,5.258e-05,2025-10-24 16:00:00,4.742e-05
1761350400000,0.0001,0.0001,2025-10-25 00:00:00,0.0
1761379200000,0.00010179670000000001,0.0001,2025-10-25 08:00:00,1.7967000000000026e-06
1761408000000,0.0001,0.0001,2025-10-25 16:00:00,0.0
1761436800000,0.0001,0.0001,2025-10-26 00:00:00,0.0
1761465600000,0.0001,0.0001,2025-10-26 08:00:00,0.0
1761494400000,0.0001,6.539e-05,2025-10-26 16:00:00,3.461000000000001e-05
1761523200000,0.00012024690000000001,0.0001,2025-10-27 00:00:00,2.0246900000000004e-05
1761552000000,0.0001100884,0.0001,2025-10-27 08:00:00,1.008839999999999e-05
1761580800000,0.0001,0.0001,2025-10-27 16:00:00,0.0
1761609600000,0.0001,0.0001,2025-10-28 00:00:00,0.0
1761638400000,6.94701e-05,0.0001,2025-10-28 08:00:00,-3.05299e-05
1761667200000,8.83335e-05,-2.061e-05,2025-10-28 16:00:00,0.0001089435
1761696000000,0.0001231193,3.916e-05,2025-10-29 00:00:00,8.395930000000001e-05
1761724800000,0.0001032963,5.817e-05,2025-10-29 08:00:00,4.51263e-05
1761753600000,0.0001378831,-7.218e-05,2025-10-29 16:00:00,0.0002100631
1761782400000,0.0001201993,-9.27e-06,2025-10-30 00:00:00,0.0001294693
1761811200000,0.0001704182,5.26e-05,2025-10-30 08:00:00,0.00011781819999999999
1761840000000,0.0001277728,0.0001,2025-10-30 16:00:00,2.7772800000000006e-05
1761868800000,0.0001169506,0.0001,2025-10-31 00:00:00,1.6950599999999993e-05
1761897600000,0.0002106191,6.714e-05,2025-10-31 08:00:00,0.0001434791
1761926400000,0.000229426,0.0001,2025-10-31 16:00:00,0.00012942599999999998
1761955200000,0.0001684736,7.679e-05,2025-11-01 00:00:00,9.16836e-05
1761984000000,0.0001997839,-2.141e-05,2025-11-01 08:00:00,0.0002211939
1762012800000,0.0001,1.875e-05,2025-11-01 16:00:00,8.125000000000001e-05
1762041600000,0.0001,-0.00019022,2025-11-02 00:00:00,0.00029022
1762070400000,0.0001,-9.554e-05,2025-11-02 08:00:00,0.00019554000000000002
1762099200000,0.0001,4.052e-05,2025-11-02 16:00:00,5.9480000000000006e-05
1762128000000,0.0001260046,0.0001,2025-11-03 00:00:00,2.600459999999999e-05
1762156800000,0.0001396557,0.0001,2025-11-03 08:00:00,3.9655699999999994e-05
1762185600000,0.0001553343,0.0001,2025-11-03 16:00:00,5.533429999999999e-05
1762214400000,0.0001179404,0.0001,2025-11-04 00:00:00,1.7940399999999995e-05
1762243200000,0.0001028284,0.0001,2025-11-04 08:00:00,2.828399999999995e-06
1762272000000,2.8662200000000005e-05,0.0001,2025-11-04 16:00:00,-7.13378e-05
1762300800000,8.353060000000001e-05,0.0001,2025-11-05 00:00:00,-1.6469399999999995e-05
1762329600000,0.0001,0.0001,2025-11-05 08:00:00,0.0
1762358400000,0.0001113547,0.0001,2025-11-05 16:00:00,1.1354699999999995e-05
1762387200000,0.0001,0.0001,2025-11-06 00:00:00,0.0
1762416000000,2.2963700000000002e-05,0.0001,2025-11-06 08:00:00,-7.70363e-05
1762444800000,6.98449e-05,5.22e-06,2025-11-06 16:00:00,6.46249e-05
1762473600000,9.62793e-05,1.921e-05,2025-11-07 00:00:00,7.70693e-05
1762502400000,9.01638e-05,4.165e-05,2025-11-07 08:00:00,4.8513799999999996e-05
1762531200000,9.21558e-05,0.0001,2025-11-07 16:00:00,-7.844200000000002e-06
1762560000000,9.981870000000001e-05,0.0001,2025-11-08 00:00:00,-1.8129999999999774e-07
1762588800000,0.0001,-7.636e-05,2025-11-08 08:00:00,0.00017636
1762617600000,7.226000000000039e-07,-2.457e-05,2025-11-08 16:00:00,2.5292600000000002e-05
1762646400000,8.063220000000001e-05,3.725e-05,2025-11-09 00:00:00,4.338220000000001e-05
1762675200000,-2.08572e-05,5.964e-05,2025-11-09 08:00:00,-8.04972e-05
1762704000000,9.02177e-05,-1.467e-05,2025-11-09 16:00:00,0.00010488770000000001
1762732800000,8.433420000000001e-05,-2.58e-06,2025-11-10 00:00:00,8.691420000000002e-05
1762761600000,0.0001,0.0001,2025-11-10 08:00:00,0.0
1762790400000,-4.433989999999999e-05,0.0001,2025-11-10 16:00:00,-0.00014433989999999998
1762819200000,0.00010176,5.209e-05,2025-11-11 00:00:00,4.9670000000000004e-05
1762848000000,0.0001,7.138e-05,2025-11-11 08:00:00,2.8620000000000007e-05
1762876800000,0.0001363928,6.032e-05,2025-11-11 16:00:00,7.60728e-05
1762905600000,0.0001,-7.338e-05,2025-11-12 00:00:00,0.00017338
1762934400000,0.0001,-0.00012366,2025-11-12 08:00:00,0.00022365999999999998
1762963200000,0.00010546310000000001,9.953e-05,2025-11-12 16:00:00,5.933100000000006e-06
1762992000000,0.000104015,0.0001,2025-11-13 00:00:00,4.014999999999995e-06
1763020800000,0.0001,0.0001,2025-11-13 08:00:00,0.0
1763049600000,0.0001572489,7.999e-05,2025-11-13 16:00:00,7.72589e-05
1763078400000,0.0001561277,-5.017e-05,2025-11-14 00:00:00,0.0002062977
1763107200000,0.0002706356,1.236e-05,2025-11-14 08:00:00,0.0002582756
1763136000000,0.0001857061,0.0001,2025-11-14 16:00:00,8.57061e-05
1763164800000,0.0001324728,2.405e-05,2025-11-15 00:00:00,0.00010842279999999999
1763193600000,0.0001180013,8.559e-05,2025-11-15 08:00:00,3.2411300000000006e-05
1763222400000,0.0001471883,9e-08,2025-11-15 16:00:00,0.0001470983
1763251200000,0.0001000307,8.014e-05,2025-11-16 00:00:00,1.9890699999999996e-05
1763280000000,8.70259e-05,0.0001,2025-11-16 08:00:00,-1.2974100000000008e-05
1763308800000,0.000122364,3.98e-06,2025-11-16 16:00:00,0.000118384
1763337600000,0.0002004126,0.0001,2025-11-17 00:00:00,0.0001004126
1763366400000,0.0002246362,7.712e-05,2025-11-17 08:00:00,0.0001475162
1763395200000,0.0003993211,0.0001,2025-11-17 16:00:00,0.0002993211
1763424000000,0.0002546547,9.439e-05,2025-11-18 00:00:00,0.00016026470000000002
1763452800000,0.0002794601,0.0001,2025-11-18 08:00:00,0.00017946010000000003
1763481600000,0.0001321556,0.0001,2025-11-18 16:00:00,3.2155599999999994e-05
1763510400000,0.0001062912,3.8e-05,2025-11-19 00:00:00,6.82912e-05
1763539200000,0.0001683309,-5.43e-05,2025-11-19 08:00:00,0.00022263089999999998
1763568000000,0.0001285515,-3.897e-05,2025-11-19 16:00:00,0.00016752150000000002
1763596800000,0.00011603110000000001,-0.00015381,2025-11-20 00:00:00,0.0002698411
1763625600000,0.0001,0.0001,2025-11-20 08:00:00,0.0
1763654400000,0.0003044805,2.57e-06,2025-11-20 16:00:00,0.00030191049999999997
1763683200000,0.0001677525,2.885e-05,2025-11-21 00:00:00,0.0001389025
1763712000000,0.0001052832,-1.74e-06,2025-11-21 08:00:00,0.0001070232
1763740800000,0.0002473443,-4.714e-05,2025-11-21 16:00:00,0.00029448429999999996
1763769600000,0.0002078568,-3.169e-05,2025-11-22 00:00:00,0.0002395468
1763798400000,0.0002025528,0.0001,2025-11-22 08:00:00,0.00010255279999999999
1763827200000,5.626330000000001e-05,0.0001,2025-11-22 16:00:00,-4.37367e-05
1763856000000,6.2069e-05,6.11e-05,2025-11-23 00:00:00,9.690000000000105e-07
1763884800000,8.68844e-05,-0.00022777,2025-11-23 08:00:00,0.0003146544
1763913600000,0.0001,-8.372e-05,2025-11-23 16:00:00,0.00018372
1763942400000,9.22582e-05,1.616e-05,2025-11-24 00:00:00,7.609819999999999e-05
1763971200000,0.0001,4.494e-05,2025-11-24 08:00:00,5.5060000000000005e-05
1764000000000,8.01829e-05,0.0001,2025-11-24 16:00:00,-1.981710000000001e-05
1764028800000,6.31593e-05,0.0001,2025-11-25 00:00:00,-3.68407e-05
1764057600000,3.747450000000001e-05,4.625e-05,2025-11-25 08:00:00,-8.77549999999999e-06
1764086400000,0.0001,-3.025e-05,2025-11-25 16:00:00,0.00013025
1764115200000,6.13333e-05,-7.579e-05,2025-11-26 00:00:00,0.0001371233
1764144000000,3.49948e-05,9.034e-05,2025-11-26 08:00:00,-5.534520000000001e-05
1764172800000,6.921480000000001e-05,-6.12e-06,2025-11-26 16:00:00,7.533480000000001e-05
1764201600000,-0.0001352333,-0.00011121,2025-11-27 00:00:00,-2.4023300000000004e-05
1764230400000,2.9127000000000018e-06,-5.452e-05,2025-11-27 08:00:00,5.74327e-05
1764259200000,-0.0001621397,-0.00013573,2025-11-27 16:00:00,-2.6409699999999992e-05
1764288000000,9.45942e-05,6.794e-05,2025-11-28 00:00:00,2.6654199999999993e-05
1764316800000,0.0001,0.0001,2025-11-28 08:00:00,0.0
1764345600000,0.00015253750000000001,0.0001,2025-11-28 16:00:00,5.253750000000001e-05
1764374400000,0.00010354590000000001,0.0001,2025-11-29 00:00:00,3.5459000000000028e-06
1764403200000,0.0001152209,0.0001,2025-11-29 08:00:00,1.5220900000000002e-05
1764432000000,0.0001,0.0001,2025-11-29 16:00:00,0.0
1764460800000,0.0001,5.43e-05,2025-11-30 00:00:00,4.5700000000000006e-05
1764489600000,0.0002066224,0.0001,2025-11-30 08:00:00,0.0001066224
1764518400000,0.0001,0.0001,2025-11-30 16:00:00,0.0
1764547200000,0.00010661740000000001,1.467e-05,2025-12-01 00:00:00,9.194740000000002e-05
1764576000000,0.0001,0.0001,2025-12-01 08:00:00,0.0
1764604800000,0.0001,7.839e-05,2025-12-01 16:00:00,2.1610000000000005e-05
1764633600000,0.0001,5.578e-05,2025-12-02 00:00:00,4.422000000000001e-05
1764662400000,0.0001080142,2.973e-05,2025-12-02 08:00:00,7.82842e-05
1764691200000,8.593980000000001e-05,5.068e-05,2025-12-02 16:00:00,3.5259800000000004e-05
1764720000000,0.0001,0.0001,2025-12-03 00:00:00,0.0
1764748800000,0.0001,3.502e-05,2025-12-03 08:00:00,6.498e-05
1764777600000,0.0001,0.0001,2025-12-03 16:00:00,0.0
1764806400000,0.0001309067,4.607e-05,2025-12-04 00:00:00,8.48367e-05
1764835200000,0.0001,0.0001,2025-12-04 08:00:00,0.0
1764864000000,0.0001,1.914e-05,2025-12-04 16:00:00,8.086000000000001e-05
1764892800000,0.0001,-3.72e-06,2025-12-05 00:00:00,0.00010372
1764921600000,0.00011550220000000001,-9.729e-05,2025-12-05 08:00:00,0.00021279220000000002
1764950400000,0.0001,7.958e-05,2025-12-05 16:00:00,2.042000000000001e-05
1764979200000,0.0001,-6.211e-05,2025-12-06 00:00:00,0.00016211
1765008000000,0.0001,-8.54e-05,2025-12-06 08:00:00,0.0001854
1765036800000,0.0001,-3.65e-06,2025-12-06 16:00:00,0.00010365
1765065600000,0.0001,4.858e-05,2025-12-07 00:00:00,5.1420000000000006e-05
1765094400000,0.0002344203,-2.37e-06,2025-12-07 08:00:00,0.00023679029999999998
1765123200000,0.0001,0.0001,2025-12-07 16:00:00,0.0
1765152000000,0.000111724,-6.398e-05,2025-12-08 00:00:00,0.000175704
1765180800000,0.0001,4.928e-05,2025-12-08 08:00:00,5.072e-05
1765209600000,7.230330000000001e-05,0.0001,2025-12-08 16:00:00,-2.7696699999999995e-05
1765238400000,0.0001378583,0.0001,2025-12-09 00:00:00,3.7858299999999996e-05
1765267200000,0.0002420714,0.0001,2025-12-09 08:00:00,0.0001420714
1765296000000,0.0001,0.0001,2025-12-09 16:00:00,0.0
1765324800000,0.0001,3.482e-05,2025-12-10 00:00:00,6.518e-05
1765353600000,0.0001,3.162e-05,2025-12-10 08:00:00,6.838e-05
1765382400000,0.0001045899,0.0001,2025-12-10 16:00:00,4.5899000000000016e-06
1765411200000,9.82825e-05,6.467e-05,2025-12-11 00:00:00,3.36125e-05
1765440000000,0.0001352077,-6.799e-05,2025-12-11 08:00:00,0.0002031977
1765468800000,0.0001046361,0.0001,2025-12-11 16:00:00,4.6360999999999945e-06
1765497600000,0.0001,0.0001,2025-12-12 00:00:00,0.0
1765526400000,0.0001,-4.858e-05,2025-12-12 08:00:00,0.00014858
1765555200000,0.0001171729,0.0001,2025-12-12 16:00:00,1.71729e-05
1765584000000,0.0001,-9.925e-05,2025-12-13 00:00:00,0.00019925
1765612800000,0.0001,-1.287e-05,2025-12-13 08:00:00,0.00011287000000000001
1765641600000,0.0001,0.0001,2025-12-13 16:00:00,0.0
1765670400000,0.00013856060000000002,0.0001,2025-12-14 00:00:00,3.856060000000001e-05
1765699200000,0.0001412765,7.914e-05,2025-12-14 08:00:00,6.21365e-05
1765728000000,0.0001878679,-9.452e-05,2025-12-14 16:00:00,0.0002823879
1765756800000,0.0001123371,-7.573e-05,2025-12-15 00:00:00,0.0001880671
1765785600000,0.0001626799,0.0001,2025-12-15 08:00:00,6.26799e-05
1765814400000,0.0001075956,0.0001,2025-12-15 16:00:00,7.595599999999999e-06
1765843200000,0.00010415350000000001,-3.047e-05,2025-12-16 00:00:00,0.0001346235
1765872000000,0.0001,-6.36e-06,2025-12-16 08:00:00,0.00010636
1765900800000,0.000109293,0.0001,2025-12-16 16:00:00,9.292999999999994e-06
1765929600000,0.0003038289,0.0001,2025-12-17 00:00:00,0.0002038289
1765958400000,0.000100519,0.0001,2025-12-17 08:00:00,5.189999999999996e-07
1765987200000,0.00011585910000000001,0.0001,2025-12-17 16:00:00,1.5859100000000005e-05
1766016000000,0.0001,0.0001,2025-12-18 00:00:00,0.0
1766044800000,0.0001604211,0.0001,2025-12-18 08:00:00,6.04211e-05
1766073600000,0.0001,0.0001,2025-12-18 16:00:00,0.0
1766102400000,0.0001,0.0001,2025-12-19 00:00:00,0.0
1766131200000,0.0001,0.0001,2025-12-19 08:00:00,0.0
1766160000000,0.0001,1.247e-05,2025-12-19 16:00:00,8.753000000000001e-05
1766188800000,0.0001,3.836e-05,2025-12-20 00:00:00,6.164000000000001e-05
1766217600000,0.0001,3.118e-05,2025-12-20 08:00:00,6.882000000000001e-05
1766246400000,0.0001,4.607e-05,2025-12-20 16:00:00,5.393000000000001e-05
1766275200000,9.03616e-05,3.435e-05,2025-12-21 00:00:00,5.60116e-05
1766304000000,0.0001,-1.114e-05,2025-12-21 08:00:00,0.00011114000000000001
1766332800000,0.0001,8.17e-05,2025-12-21 16:00:00,1.830000000000001e-05
1766361600000,8.884290000000001e-05,0.0001,2025-12-22 00:00:00,-1.1157099999999995e-05
1766390400000,0.0001,8.791e-05,2025-12-22 08:00:00,1.2090000000000001e-05
1766419200000,9.3233e-05,-7.5e-07,2025-12-22 16:00:00,9.398300000000001e-05
1766448000000,0.0001,-9.013e-05,2025-12-23 00:00:00,0.00019013
1766476800000,0.0001,6.425e-05,2025-12-23 08:00:00,3.575e-05
1766505600000,0.0001,4.952e-05,2025-12-23 16:00:00,5.0480000000000005e-05
1766534400000,0.0001,-8.13e-06,2025-12-24 00:00:00,0.00010813000000000001
1766563200000,9.41262e-05,-9.345e-05,2025-12-24 08:00:00,0.0001875762
1766592000000,9.16821e-05,-0.00013992,2025-12-24 16:00:00,0.0002316021
1766620800000,7.83986e-05,-2.997e-05,2025-12-25 00:00:00,0.0001083686
1766649600000,9.304570000000001e-05,-0.00015374,2025-12-25 08:00:00,0.00024678570000000004
1766678400000,0.0001,7.13e-06,2025-12-25 16:00:00,9.287000000000001e-05
1766707200000,0.00011308250000000001,-1.269e-05,2025-12-26 00:00:00,0.0001257725
1766736000000,0.0001,6.437e-05,2025-12-26 08:00:00,3.563000000000001e-05
1766764800000,0.0001,1.059e-05,2025-12-26 16:00:00,8.941e-05
1766793600000,0.0001,4.256e-05,2025-12-27 00:00:00,5.7440000000000006e-05
1766822400000,0.0001,-4.84e-05,2025-12-27 08:00:00,0.0001484
1766851200000,0.0001,-4.431e-05,2025-12-27 16:00:00,0.00014431
1766880000000,0.0001,0.0001,2025-12-28 00:00:00,0.0
1766908800000,0.0001,0.0001,2025-12-28 08:00:00,0.0
1766937600000,0.0001,7.922e-05,2025-12-28 16:00:00,2.078e-05
1766966400000,0.0001182995,0.0001,2025-12-29 00:00:00,1.829949999999999e-05
1766995200000,0.0001,0.0001,2025-12-29 08:00:00,0.0
1767024000000,0.0001,9.363e-05,2025-12-29 16:00:00,6.3700000000000085e-06
1767052800000,0.0001051994,2.856e-05,2025-12-30 00:00:00,7.66394e-05
1767081600000,0.0001,-5.587e-05,2025-12-30 08:00:00,0.00015587
1767110400000,0.0001,-5.738e-05,2025-12-30 16:00:00,0.00015738000000000001
1767139200000,0.0001,6.7e-05,2025-12-31 00:00:00,3.3e-05
1767168000000,0.0001053801,4.797e-05,2025-12-31 08:00:00,5.74101e-05
1767196800000,0.0001218266,0.0001,2025-12-31 16:00:00,2.1826599999999992e-05
1767225600000,0.00015466109999999998,0.0001,2026-01-01 00:00:00,5.466109999999998e-05
1767254400000,0.0001128475,0.0001,2026-01-01 08:00:00,1.2847500000000002e-05
1767283200000,0.0001,0.0001,2026-01-01 16:00:00,0.0
1767312000000,0.0001,-1.71e-05,2026-01-02 00:00:00,0.0001171
1767340800000,0.0001,4.827e-05,2026-01-02 08:00:00,5.173000000000001e-05
1767369600000,8.25798e-05,0.0001,2026-01-02 16:00:00,-1.7420200000000006e-05
1767398400000,9.36933e-05,0.0001,2026-01-03 00:00:00,-6.306699999999998e-06
1767427200000,0.0001,0.0001,2026-01-03 08:00:00,0.0
1767456000000,0.0001,0.0001,2026-01-03 16:00:00,0.0
1767484800000,9.852380000000001e-05,0.0001,2026-01-04 00:00:00,-1.4761999999999978e-06
1767513600000,0.0001,-1.242e-05,2026-01-04 08:00:00,0.00011242000000000001
1767542400000,0.0001,0.0001,2026-01-04 16:00:00,0.0
1767571200000,0.0001,0.0001,2026-01-05 00:00:00,0.0
1767600000000,0.0001,-2.903e-05,2026-01-05 08:00:00,0.00012903
1767628800000,9.53218e-05,-6.765e-05,2026-01-05 16:00:00,0.0001629718
1767657600000,8.647490000000001e-05,0.0001,2026-01-06 00:00:00,-1.3525099999999997e-05
1767686400000,0.0001,0.0001,2026-01-06 08:00:00,0.0
1767715200000,0.0001,1.611e-05,2026-01-06 16:00:00,8.389000000000001e-05
1767744000000,0.0001,0.0001,2026-01-07 00:00:00,0.0
1767772800000,0.0001538416,-0.00019586,2026-01-07 08:00:00,0.0003497016
1767801600000,0.0001366757,3.035e-05,2026-01-07 16:00:00,0.00010632569999999999
1767830400000,0.0001280714,-5.056e-05,2026-01-08 00:00:00,0.0001786314
1767859200000,0.0001,-9.575e-05,2026-01-08 08:00:00,0.00019575000000000001
1767888000000,0.0001,-1.147e-05,2026-01-08 16:00:00,0.00011147
1767916800000,9.596950000000001e-05,-9.735e-05,2026-01-09 00:00:00,0.00019331950000000002
1767945600000,0.0001,-5.041e-05,2026-01-09 08:00:00,0.00015041000000000002
1767974400000,0.0001,0.0001,2026-01-09 16:00:00,0.0
1768003200000,7.105800000000001e-05,-4.641e-05,2026-01-10 00:00:00,0.00011746800000000001
1768032000000,0.0001,2.977e-05,2026-01-10 08:00:00,7.023000000000001e-05
1768060800000,0.0001,6.55e-05,2026-01-10 16:00:00,3.45e-05
1768089600000,0.0001,4.328e-05,2026-01-11 00:00:00,5.6720000000000006e-05
1768118400000,0.0001,8.325e-05,2026-01-11 08:00:00,1.675e-05
1768147200000,0.0001,0.0001,2026-01-11 16:00:00,0.0
1768176000000,0.0001,9.09e-05,2026-01-12 00:00:00,9.100000000000004e-06
1768204800000,0.0001,0.0001,2026-01-12 08:00:00,0.0
1768233600000,0.0001042738,0.0001,2026-01-12 16:00:00,4.273799999999993e-06
1768262400000,0.00013666980000000002,0.0001,2026-01-13 00:00:00,3.666980000000001e-05
1768291200000,0.0001915476,0.0001,2026-01-13 08:00:00,9.154759999999998e-05
1768320000000,0.0001,0.0001,2026-01-13 16:00:00,0.0
1768348800000,0.0001,0.0001,2026-01-14 00:00:00,0.0
1768377600000,0.0001,0.0001,2026-01-14 08:00:00,0.0
1768406400000,9.606210000000001e-05,0.0001,2026-01-14 16:00:00,-3.937899999999995e-06
1768435200000,3.45298e-05,0.0001,2026-01-15 00:00:00,-6.54702e-05
1768464000000,0.0001,0.0001,2026-01-15 08:00:00,0.0
1768492800000,0.0001,0.0001,2026-01-15 16:00:00,0.0
1768521600000,7.09878e-05,8.249e-05,2026-01-16 00:00:00,-1.15022e-05
1768550400000,6.51764e-05,1.456e-05,2026-01-16 08:00:00,5.0616400000000006e-05
1768579200000,0.0001,0.0001,2026-01-16 16:00:00,0.0
1768608000000,0.0001,0.0001,2026-01-17 00:00:00,0.0
1768636800000,0.0001,2.458e-05,2026-01-17 08:00:00,7.542e-05
1768665600000,0.0001,8.16e-05,2026-01-17 16:00:00,1.84e-05
1768694400000,0.0001,0.0001,2026-01-18 00:00:00,0.0
1768723200000,0.0001,0.0001,2026-01-18 08:00:00,0.0
1768752000000,0.0001,8.949e-05,2026-01-18 16:00:00,1.0510000000000006e-05
1768780800000,0.0001,0.0001,2026-01-19 00:00:00,0.0
1768809600000,0.0001,9.298e-05,2026-01-19 08:00:00,7.020000000000011e-06
1768838400000,0.0001,8.781e-05,2026-01-19 16:00:00,1.2190000000000004e-05
1768867200000,0.0001004045,3.2e-05,2026-01-20 00:00:00,6.84045e-05
1768896000000,0.0001917718,6.586e-05,2026-01-20 08:00:00,0.0001259118
1768924800000,0.0002654663,7.507e-05,2026-01-20 16:00:00,0.0001903963
1768953600000,0.0001258744,0.0001,2026-01-21 00:00:00,2.587439999999999e-05
1768982400000,0.0001187299,5.772e-05,2026-01-21 08:00:00,6.10099e-05
1769011200000,0.0001,-1.705e-05,2026-01-21 16:00:00,0.00011705
1769040000000,0.0001,-8.015e-05,2026-01-22 00:00:00,0.00018015000000000001
1769068800000,0.00012916190000000001,-0.00010963,2026-01-22 08:00:00,0.0002387919
1769097600000,0.0001,8.509e-05,2026-01-22 16:00:00,1.4910000000000005e-05
1769126400000,0.0001,-7.142e-05,2026-01-23 00:00:00,0.00017142
1769155200000,0.0002755219,-9.281e-05,2026-01-23 08:00:00,0.00036833190000000004
1769184000000,0.0001262515,8.043e-05,2026-01-23 16:00:00,4.58215e-05
1769212800000,0.0001916185,-3.747e-05,2026-01-24 00:00:00,0.0002290885
1769241600000,0.0001,-8.222e-05,2026-01-24 08:00:00,0.00018222
1769270400000,0.0001,-4.544e-05,2026-01-24 16:00:00,0.00014544
1769299200000,0.0001,-0.00015424,2026-01-25 00:00:00,0.00025424
1769328000000,0.0001,1.701e-05,2026-01-25 08:00:00,8.299e-05
1769356800000,0.0001,-6.041e-05,2026-01-25 16:00:00,0.00016041
1769385600000,0.0001930022,0.0001,2026-01-26 00:00:00,9.300219999999999e-05
1769414400000,0.0001770913,0.0001,2026-01-26 08:00:00,7.70913e-05
1769443200000,0.0001,0.0001,2026-01-26 16:00:00,0.0
1769472000000,0.0001,0.0001,2026-01-27 00:00:00,0.0
1769500800000,0.0001104558,0.0001,2026-01-27 08:00:00,1.0455799999999996e-05
1769529600000,9.33116e-05,0.0001,2026-01-27 16:00:00,-6.688400000000002e-06
1769558400000,0.0001,-0.0002382,2026-01-28 00:00:00,0.0003382
1769587200000,6.42636e-05,5.284e-05,2026-01-28 08:00:00,1.1423600000000004e-05
1769616000000,-1.4976000000000007e-06,1.159e-05,2026-01-28 16:00:00,-1.3087600000000002e-05
1769644800000,-2.28173e-05,-0.0001024,2026-01-29 00:00:00,7.958269999999999e-05
1769673600000,6.65399e-05,-8.267e-05,2026-01-29 08:00:00,0.0001492099
1769702400000,0.0001,2.306e-05,2026-01-29 16:00:00,7.694e-05
1769731200000,9.430340000000001e-05,-4.466e-05,2026-01-30 00:00:00,0.0001389634
1769760000000,0.0001,2.76e-05,2026-01-30 08:00:00,7.24e-05
1769788800000,0.0001373268,0.0001,2026-01-30 16:00:00,3.73268e-05
1769817600000,0.00010377160000000001,0.0001,2026-01-31 00:00:00,3.771600000000003e-06
1769846400000,0.0001,0.0001,2026-01-31 08:00:00,0.0
1769875200000,0.0001,1.308e-05,2026-01-31 16:00:00,8.692e-05
1769904000000,7.63038e-05,9.352e-05,2026-02-01 00:00:00,-1.7216199999999993e-05
1769932800000,7.366520000000001e-05,0.0001,2026-02-01 08:00:00,-2.6334799999999997e-05
1769961600000,7.509630000000001e-05,-9.295e-05,2026-02-01 16:00:00,0.0001680463
1769990400000,0.0001,-3.85e-06,2026-02-02 00:00:00,0.00010385
1770019200000,6.235800000000001e-06,0.0001,2026-02-02 08:00:00,-9.37642e-05
1770048000000,0.0001,-4.834e-05,2026-02-02 16:00:00,0.00014834
1770076800000,0.0001060978,1.872e-05,2026-02-03 00:00:00,8.73778e-05
1770105600000,0.0001,0.0001,2026-02-03 08:00:00,0.0
1770134400000,7.52942e-05,-7.8e-07,2026-02-03 16:00:00,7.60742e-05
1770163200000,0.0001,-0.00018908,2026-02-04 00:00:00,0.00028908
1770192000000,0.0001,0.0001,2026-02-04 08:00:00,0.0
1770220800000,8.14203e-05,0.0001,2026-02-04 16:00:00,-1.8579700000000008e-05
1770249600000,0.0001,-0.00023658,2026-02-05 00:00:00,0.00033658
1770278400000,0.0001,3.048e-05,2026-02-05 08:00:00,6.952e-05
1770307200000,0.0001872718,2.708e-05,2026-02-05 16:00:00,0.0001601918
1770336000000,0.0001238287,0.0001,2026-02-06 00:00:00,2.3828699999999998e-05
1770364800000,7.44581e-05,-0.00017155,2026-02-06 08:00:00,0.0002460081
1770393600000,0.0001,-7.975e-05,2026-02-06 16:00:00,0.00017975
1770422400000,7.75562e-05,-0.00011488,2026-02-07 00:00:00,0.0001924362
1770451200000,8.26423e-05,-7.493e-05,2026-02-07 08:00:00,0.00015757230000000002
1770480000000,0.0001,6.217e-05,2026-02-07 16:00:00,3.783000000000001e-05
1770508800000,0.0001,0.0001,2026-02-08 00:00:00,0.0
1770537600000,9.94949e-05,0.0001,2026-02-08 08:00:00,-5.05100000000003e-07
1770566400000,8.55744e-05,4.666e-05,2026-02-08 16:00:00,3.891440000000001e-05
1770595200000,9.32359e-05,8.966e-05,2026-02-09 00:00:00,3.5759000000000008e-06
1770624000000,9.727990000000001e-05,1.394e-05,2026-02-09 08:00:00,8.33399e-05
1770652800000,9.786380000000001e-05,1.897e-05,2026-02-09 16:00:00,7.889380000000001e-05
1770681600000,0.0001,-8.919e-05,2026-02-10 00:00:00,0.00018919
1770710400000,0.0001,2.772e-05,2026-02-10 08:00:00,7.228e-05
1770739200000,0.0001,0.0001,2026-02-10 16:00:00,0.0
1770768000000,0.0001,0.0001,2026-02-11 00:00:00,0.0
1770796800000,0.0001371399,0.0001,2026-02-11 08:00:00,3.713989999999999e-05
1770825600000,0.0001,9.566e-05,2026-02-11 16:00:00,4.3400000000000025e-06
1770854400000,0.0001,-1.26e-06,2026-02-12 00:00:00,0.00010126
1770883200000,8.60922e-05,-4.14e-06,2026-02-12 08:00:00,9.02322e-05
1770912000000,0.0001,0.0001,2026-02-12 16:00:00,0.0
1770940800000,9.1078e-05,-1.701e-05,2026-02-13 00:00:00,0.000108088
1770969600000,4.90198e-05,3.866e-05,2026-02-13 08:00:00,1.0359800000000002e-05
1770998400000,0.0001,-3.526e-05,2026-02-13 16:00:00,0.00013526
1771027200000,0.0001,3.743e-05,2026-02-14 00:00:00,6.257e-05
1771056000000,8.018250000000001e-05,1.247e-05,2026-02-14 08:00:00,6.771250000000001e-05
1771084800000,8.220160000000001e-05,-7.641e-05,2026-02-14 16:00:00,0.0001586116
1771113600000,0.0001,1.281e-05,2026-02-15 00:00:00,8.719000000000001e-05
1771142400000,0.0001,-5.92e-06,2026-02-15 08:00:00,0.00010592
1771171200000,7.44951e-05,-9.776e-05,2026-02-15 16:00:00,0.0001722551
1771200000000,2.85859e-05,-7.812e-05,2026-02-16 00:00:00,0.0001067059
1771228800000,-6.78605e-05,1.498e-05,2026-02-16 08:00:00,-8.28405e-05
1771257600000,6.42018e-05,-8.067e-05,2026-02-16 16:00:00,0.0001448718
1771286400000,0.0001,0.0001,2026-02-17 00:00:00,0.0
1771315200000,0.0001,0.0001,2026-02-17 08:00:00,0.0
1771344000000,0.0001,0.0001,2026-02-17 16:00:00,0.0
1771372800000,0.0001,9.55e-06,2026-02-18 00:00:00,9.045e-05
1771401600000,0.0001,6.639e-05,2026-02-18 08:00:00,3.361e-05
1771430400000,-6.8181e-06,-4.615e-05,2026-02-18 16:00:00,3.9331899999999995e-05
1771459200000,0.0001,-5.055e-05,2026-02-19 00:00:00,0.00015055
1771488000000,6.889670000000001e-05,5.627e-05,2026-02-19 08:00:00,1.2626700000000006e-05
1771516800000,9.926950000000001e-05,-8.879e-05,2026-02-19 16:00:00,0.0001880595
1771545600000,-3.32578e-05,6.109e-05,2026-02-20 00:00:00,-9.43478e-05
1771574400000,1.58905e-05,-9.667e-05,2026-02-20 08:00:00,0.0001125605
1771603200000,7.680850000000001e-05,-4.04e-05,2026-02-20 16:00:00,0.0001172085
1771632000000,0.0001,0.0001,2026-02-21 00:00:00,0.0
1771660800000,0.0001,-5.171e-05,2026-02-21 08:00:00,0.00015171
1771689600000,0.0001,-3.246e-05,2026-02-21 16:00:00,0.00013246
1771718400000,0.0001,4.66e-06,2026-02-22 00:00:00,9.534e-05
1771747200000,9.35882e-05,-9.94e-06,2026-02-22 08:00:00,0.0001035282
1771776000000,0.0001,9.199e-05,2026-02-22 16:00:00,8.01e-06
1771804800000,-6.0729299999999995e-05,3.835e-05,2026-02-23 00:00:00,-9.907929999999998e-05
1771833600000,7.96206e-05,-2.82e-06,2026-02-23 08:00:00,8.24406e-05
1771862400000,8.784000000000016e-07,0.0001,2026-02-23 16:00:00,-9.91216e-05
1771891200000,7.51218e-05,-0.00012039,2026-02-24 00:00:00,0.0001955118
1771920000000,0.0001,0.0001,2026-02-24 08:00:00,0.0
1771948800000,-0.0001610519,0.0001,2026-02-24 16:00:00,-0.00026105190000000003
1771977600000,-0.0001297529,-7.668e-05,2026-02-25 00:00:00,-5.307289999999999e-05
1772006400000,-0.0002024245,-7.013e-05,2026-02-25 08:00:00,-0.00013229449999999999
1772035200000,-0.0001918016,0.0001,2026-02-25 16:00:00,-0.0002918016
1772064000000,1.6423000000000046e-06,0.0001,2026-02-26 00:00:00,-9.83577e-05
1772092800000,-3.9986e-05,0.0001,2026-02-26 08:00:00,-0.000139986
1772121600000,5.06262e-05,-3.4e-05,2026-02-26 16:00:00,8.46262e-05
1772150400000,7.094580000000001e-05,3.049e-05,2026-02-27 00:00:00,4.0455800000000007e-05
1772179200000,-5.4132500000000004e-05,0.0001,2026-02-27 08:00:00,-0.0001541325
1772208000000,-6.115399999999999e-06,-9.91e-05,2026-02-27 16:00:00,9.298459999999999e-05
1772236800000,1.51549e-05,-0.00012967,2026-02-28 00:00:00,0.0001448249
1772265600000,9.428290000000001e-05,9.69e-06,2026-02-28 08:00:00,8.459290000000001e-05
1772294400000,9.15184e-05,7.545e-05,2026-02-28 16:00:00,1.6068399999999997e-05
1772323200000,-3.47813e-05,0.0001,2026-03-01 00:00:00,-0.0001347813
1772352000000,-2.6366399999999995e-05,0.0001,2026-03-01 08:00:00,-0.0001263664
1772380800000,-7.250099999999997e-06,0.0001,2026-03-01 16:00:00,-0.0001072501
1772409600000,-2.1990199999999998e-05,0.0001,2026-03-02 00:00:00,-0.0001219902
1772438400000,9.805420000000001e-05,0.0001,2026-03-02 08:00:00,-1.9457999999999975e-06
1772467200000,-1.6266999999999995e-05,0.0001,2026-03-02 16:00:00,-0.000116267
1772496000000,-9.9315e-06,0.0001,2026-03-03 00:00:00,-0.00010993150000000001
1772524800000,0.0001,0.0001,2026-03-03 08:00:00,0.0
1772553600000,8.65602e-05,5.269e-05,2026-03-03 16:00:00,3.38702e-05
1772582400000,9.65917e-05,6.32e-05,2026-03-04 00:00:00,3.33917e-05
1772611200000,-9.13378e-05,4.314e-05,2026-03-04 08:00:00,-0.00013447779999999998
1772640000000,-0.00015173889999999998,-0.00018269,2026-03-04 16:00:00,3.0951100000000016e-05
1772668800000,0.0001,-4.962e-05,2026-03-05 00:00:00,0.00014962
1772697600000,0.0001,4.436e-05,2026-03-05 08:00:00,5.564e-05
1772726400000,0.0001,6.077e-05,2026-03-05 16:00:00,3.923e-05
1772755200000,0.0001,0.0001,2026-03-06 00:00:00,0.0
1772784000000,0.0001,0.0001,2026-03-06 08:00:00,0.0
1772812800000,0.0001,7.182e-05,2026-03-06 16:00:00,2.8180000000000005e-05
1772841600000,0.0001,0.0001,2026-03-07 00:00:00,0.0
1772870400000,0.0001,2.276e-05,2026-03-07 08:00:00,7.724000000000001e-05
1772899200000,0.0001,9.889e-05,2026-03-07 16:00:00,1.110000000000008e-06
1772928000000,0.0001,-6.897e-05,2026-03-08 00:00:00,0.00016897
1772956800000,0.0001,-3.199e-05,2026-03-08 08:00:00,0.00013199000000000002
1772985600000,0.0001,3.28e-06,2026-03-08 16:00:00,9.672000000000001e-05
1773014400000,0.0001,6.783e-05,2026-03-09 00:00:00,3.217e-05
1773043200000,1.73251e-05,-6.41e-06,2026-03-09 08:00:00,2.3735100000000003e-05
1773072000000,3.206860000000001e-05,-2.672e-05,2026-03-09 16:00:00,5.878860000000001e-05
1773100800000,-6.75388e-05,-4.325e-05,2026-03-10 00:00:00,-2.4288800000000004e-05
1773129600000,-2.7287600000000003e-05,-3.279e-05,2026-03-10 08:00:00,5.5024e-06
1773158400000,7.72261e-05,-0.00015408,2026-03-10 16:00:00,0.0002313061
1773187200000,7.36108e-05,-1.55e-05,2026-03-11 00:00:00,8.91108e-05
1773216000000,-1.8391700000000002e-05,-3.444e-05,2026-03-11 08:00:00,1.60483e-05
1773244800000,-0.00034132330000000003,-7.301e-05,2026-03-11 16:00:00,-0.00026831330000000005
1773273600000,-6.87728e-05,-0.00019156,2026-03-12 00:00:00,0.00012278719999999998
1773302400000,-5.75545e-05,-5.74e-05,2026-03-12 08:00:00,-1.5449999999999996e-07
1773331200000,-9.27077e-05,-0.00012976,2026-03-12 16:00:00,3.7052300000000004e-05
1773360000000,-0.0001387367,-0.0001465,2026-03-13 00:00:00,7.763300000000007e-06
1773388800000,0.0001,-0.00013629,2026-03-13 08:00:00,0.00023629
1773417600000,2.92248e-05,9.49e-06,2026-03-13 16:00:00,1.97348e-05
1773446400000,-9.43851e-05,-7.61e-05,2026-03-14 00:00:00,-1.82851e-05
1773475200000,7.685999999999997e-07,-5.29e-06,2026-03-14 08:00:00,6.0586e-06
1773504000000,8.76746e-05,6.139e-05,2026-03-14 16:00:00,2.628460000000001e-05
1773532800000,9.059210000000001e-05,8.579e-05,2026-03-15 00:00:00,4.802100000000006e-06
1773561600000,7.96689e-05,-3.935e-05,2026-03-15 08:00:00,0.00011901890000000001
1773590400000,0.0001,4.262e-05,2026-03-15 16:00:00,5.738e-05
1773619200000,6.34e-05,0.0001,2026-03-16 00:00:00,-3.660000000000001e-05
1773648000000,0.0001,0.0001,2026-03-16 08:00:00,0.0
1773676800000,0.00010301400000000001,0.0001,2026-03-16 16:00:00,3.0140000000000088e-06
1773705600000,0.0001,0.0001,2026-03-17 00:00:00,0.0
1773734400000,0.0001,0.0001,2026-03-17 08:00:00,0.0
1773763200000,0.0001,0.0001,2026-03-17 16:00:00,0.0
1773792000000,0.0001109898,0.0001,2026-03-18 00:00:00,1.0989800000000001e-05
1773820800000,0.0001132023,0.0001,2026-03-18 08:00:00,1.3202299999999994e-05
1773849600000,0.0001,-1.302e-05,2026-03-18 16:00:00,0.00011302
1773878400000,0.0001119568,-0.00024725,2026-03-19 00:00:00,0.0003592068
1773907200000,0.0001,-0.00010429,2026-03-19 08:00:00,0.00020429
1773936000000,0.00010454090000000001,0.0001,2026-03-19 16:00:00,4.5409000000000026e-06
1773964800000,0.0001,7.177e-05,2026-03-20 00:00:00,2.8230000000000006e-05
1773993600000,0.0001081014,1.064e-05,2026-03-20 08:00:00,9.74614e-05
1774022400000,0.0001,-2.15e-06,2026-03-20 16:00:00,0.00010215
1774051200000,0.0001,4.941e-05,2026-03-21 00:00:00,5.059e-05
1774080000000,0.0001,-4.676e-05,2026-03-21 08:00:00,0.00014676
1774108800000,0.0001,-7.958e-05,2026-03-21 16:00:00,0.00017957999999999998
1774137600000,0.0001,-3.526e-05,2026-03-22 00:00:00,0.00013526
1774166400000,0.0001,0.0001,2026-03-22 08:00:00,0.0
1774195200000,0.0001,0.0001,2026-03-22 16:00:00,0.0
1774224000000,0.0001,0.0001,2026-03-23 00:00:00,0.0
1774252800000,0.0001,0.0001,2026-03-23 08:00:00,0.0
1774281600000,0.0001,-1.594e-05,2026-03-23 16:00:00,0.00011594
1774310400000,0.0001,2.036e-05,2026-03-24 00:00:00,7.964e-05
1774339200000,9.60612e-05,9.72e-06,2026-03-24 08:00:00,8.63412e-05
1774368000000,9.75432e-05,-5.783e-05,2026-03-24 16:00:00,0.0001553732
1774396800000,0.0001,-0.00011499,2026-03-25 00:00:00,0.00021499
1774425600000,0.0001,0.0001,2026-03-25 08:00:00,0.0
1774454400000,0.0001,0.0001,2026-03-25 16:00:00,0.0
1774483200000,0.0001,-3.712e-05,2026-03-26 00:00:00,0.00013712000000000002
1774512000000,9.823150000000001e-05,-3.401e-05,2026-03-26 08:00:00,0.00013224150000000002
1774540800000,0.0001,4.615e-05,2026-03-26 16:00:00,5.385000000000001e-05
1774569600000,0.0001,0.0001,2026-03-27 00:00:00,0.0
1774598400000,0.0001,0.0001,2026-03-27 08:00:00,0.0
1774627200000,0.0001,6.925e-05,2026-03-27 16:00:00,3.075e-05
1774656000000,0.0001,-3.647e-05,2026-03-28 00:00:00,0.00013647
1774684800000,0.0001,-4.675e-05,2026-03-28 08:00:00,0.00014675000000000002
1774713600000,0.0001,-2.283e-05,2026-03-28 16:00:00,0.00012283000000000001
1774742400000,0.0001,-3.474e-05,2026-03-29 00:00:00,0.00013474
1774771200000,8.39335e-05,2.197e-05,2026-03-29 08:00:00,6.196350000000001e-05
1774800000000,6.76706e-05,-7.91e-06,2026-03-29 16:00:00,7.558059999999999e-05
1774828800000,8.36518e-05,1.679e-05,2026-03-30 00:00:00,6.686180000000001e-05
1774857600000,8.66098e-05,-6.97e-06,2026-03-30 08:00:00,9.35798e-05
1774886400000,0.0001,-0.00012267,2026-03-30 16:00:00,0.00022267
1774915200000,0.0001,9.028e-05,2026-03-31 00:00:00,9.720000000000009e-06
1774944000000,0.0001,0.0001,2026-03-31 08:00:00,0.0
1774972800000,0.0001,0.0001,2026-03-31 16:00:00,0.0
1775001600000,0.0001,0.0001,2026-04-01 00:00:00,0.0
1775030400000,0.0001,0.0001,2026-04-01 08:00:00,0.0
1775059200000,7.81919e-05,0.0001,2026-04-01 16:00:00,-2.18081e-05
1775088000000,0.0001,0.0001,2026-04-02 00:00:00,0.0
1775116800000,7.94478e-05,0.0001,2026-04-02 08:00:00,-2.0552200000000003e-05
1775145600000,9.80838e-05,9.397e-05,2026-04-02 16:00:00,4.113800000000008e-06
1775174400000,7.65951e-05,0.0001,2026-04-03 00:00:00,-2.3404900000000004e-05
1775203200000,-2.1194999999999972e-06,3.261e-05,2026-04-03 08:00:00,-3.47295e-05
1775232000000,4.44671e-05,-5.131e-05,2026-04-03 16:00:00,9.57771e-05
1775260800000,4.95174e-05,-2.173e-05,2026-04-04 00:00:00,7.12474e-05
1775289600000,5.26422e-05,1.672e-05,2026-04-04 08:00:00,3.59222e-05
1775318400000,9.32112e-05,-4.723e-05,2026-04-04 16:00:00,0.0001404412
1775347200000,9.941770000000001e-05,-5.193e-05,2026-04-05 00:00:00,0.0001513477
1775376000000,7.24204e-05,1.919e-05,2026-04-05 08:00:00,5.3230400000000005e-05
1775404800000,0.0001,1.907e-05,2026-04-05 16:00:00,8.093e-05
1775433600000,9.035110000000001e-05,0.0001,2026-04-06 00:00:00,-9.648899999999995e-06
1775462400000,-2.58633e-05,9.489e-05,2026-04-06 08:00:00,-0.0001207533
1775491200000,-6.446490000000001e-05,3.89e-06,2026-04-06 16:00:00,-6.835490000000001e-05
1775520000000,7.31111e-05,-0.00013122,2026-04-07 00:00:00,0.0002043311
1775548800000,8.07014e-05,-5.763e-05,2026-04-07 08:00:00,0.0001383314
1775577600000,2.9095200000000006e-05,0.0001,2026-04-07 16:00:00,-7.09048e-05
1775606400000,9.914610000000001e-05,0.0001,2026-04-08 00:00:00,-8.538999999999953e-07
1775635200000,7.9577e-06,0.0001,2026-04-08 08:00:00,-9.20423e-05
1775664000000,-6.77364e-05,-8.07e-05,2026-04-08 16:00:00,1.2963599999999992e-05
1775692800000,-5.6417100000000006e-05,-7.76e-06,2026-04-09 00:00:00,-4.8657100000000005e-05
1775721600000,3.1328e-05,4.497e-05,2026-04-09 08:00:00,-1.3641999999999996e-05
1775750400000,9.30959e-05,2.176e-05,2026-04-09 16:00:00,7.13359e-05
1775779200000,4.875400000000001e-06,5.538e-05,2026-04-10 00:00:00,-5.0504600000000004e-05
1775808000000,4.476800000000002e-06,2.425e-05,2026-04-10 08:00:00,-1.97732e-05
1775836800000,2.1239999999999986e-07,1.418e-05,2026-04-10 16:00:00,-1.39676e-05
1775865600000,0.0001,-1.238e-05,2026-04-11 00:00:00,0.00011238
1775894400000,0.0001,4.085e-05,2026-04-11 08:00:00,5.915000000000001e-05
1775923200000,0.0001,7.54e-06,2026-04-11 16:00:00,9.246e-05
1775952000000,6.93881e-05,1.713e-05,2026-04-12 00:00:00,5.22581e-05
1775980800000,7.54302e-05,0.0001,2026-04-12 08:00:00,-2.4569800000000003e-05
1776009600000,4.83254e-05,0.0001,2026-04-12 16:00:00,-5.16746e-05
1776038400000,0.0001,0.0001,2026-04-13 00:00:00,0.0
1776067200000,5.07502e-05,-1.933e-05,2026-04-13 08:00:00,7.00802e-05
1776096000000,4.924800000000001e-06,1.022e-05,2026-04-13 16:00:00,-5.2952e-06
1776124800000,-5.0776099999999997e-05,-6.64e-05,2026-04-14 00:00:00,1.5623900000000005e-05
1776153600000,5.86801e-05,-3.695e-05,2026-04-14 08:00:00,9.56301e-05
1776182400000,-8.80611e-05,-6.504e-05,2026-04-14 16:00:00,-2.3021100000000002e-05
1776211200000,-0.0001165281,-0.00014022,2026-04-15 00:00:00,2.369190000000001e-05
1776240000000,9.76943e-05,-0.00018311,2026-04-15 08:00:00,0.0002808043
1776268800000,7.34857e-05,2.153e-05,2026-04-15 16:00:00,5.19557e-05
1776297600000,-1.9650599999999998e-05,-5.83e-06,2026-04-16 00:00:00,-1.3820599999999998e-05
1776326400000,-6.45763e-05,-0.0001008,2026-04-16 08:00:00,3.6223700000000004e-05
1776355200000,4.73508e-05,-0.00010372,2026-04-16 16:00:00,0.0001510708
1776384000000,2.9125600000000005e-05,-0.00024874,2026-04-17 00:00:00,0.0002778656
1776412800000,0.0001,-6.022e-05,2026-04-17 08:00:00,0.00016022
1776441600000,7.26127e-05,6.84e-05,2026-04-17 16:00:00,4.212700000000001e-06
1776470400000,-0.0001290071,-1.65e-05,2026-04-18 00:00:00,-0.0001125071
1776499200000,5.04114e-05,-0.00010591,2026-04-18 08:00:00,0.00015632139999999998
1776528000000,3.77363e-05,-1.869e-05,2026-04-18 16:00:00,5.64263e-05
1776556800000,-0.0001067692,7.265e-05,2026-04-19 00:00:00,-0.0001794192
1776585600000,-6.32882e-05,5.735e-05,2026-04-19 08:00:00,-0.00012063819999999999
1776614400000,5.3709500000000005e-05,5.18e-06,2026-04-19 16:00:00,4.8529500000000004e-05
1776643200000,0.0001,0.0001,2026-04-20 00:00:00,0.0
1776672000000,9.60449e-05,0.0001,2026-04-20 08:00:00,-3.9551000000000056e-06
1776700800000,6.579120000000001e-05,0.0001,2026-04-20 16:00:00,-3.42088e-05
1776729600000,0.0001,8.533e-05,2026-04-21 00:00:00,1.4670000000000007e-05
1776758400000,8.75642e-05,0.0001,2026-04-21 08:00:00,-1.24358e-05
1776787200000,8.560100000000001e-05,0.0001,2026-04-21 16:00:00,-1.4398999999999995e-05
1776816000000,7.92985e-05,0.0001,2026-04-22 00:00:00,-2.0701499999999998e-05
1776844800000,4.3010700000000005e-05,-5.79e-06,2026-04-22 08:00:00,4.88007e-05
1776873600000,4.749700000000003e-06,2.751e-05,2026-04-22 16:00:00,-2.2760299999999996e-05
1776902400000,-4.1833400000000005e-05,-1.614e-05,2026-04-23 00:00:00,-2.5693400000000004e-05
1776931200000,7.264310000000001e-05,1.562e-05,2026-04-23 08:00:00,5.7023100000000006e-05
1776960000000,2.6057e-05,8.918e-05,2026-04-23 16:00:00,-6.3123e-05
1776988800000,0.0001,0.0001,2026-04-24 00:00:00,0.0
1777017600000,9.7995e-05,0.0001,2026-04-24 08:00:00,-2.0050000000000054e-06
1777046400000,0.0001,3.811e-05,2026-04-24 16:00:00,6.189e-05
1777075200000,0.0001,6.55e-06,2026-04-25 00:00:00,9.345000000000001e-05
1777104000000,0.0001,6.4e-05,2026-04-25 08:00:00,3.600000000000001e-05
1777132800000,0.0001,6.13e-05,2026-04-25 16:00:00,3.8700000000000006e-05
1777161600000,9.05718e-05,6.534e-05,2026-04-26 00:00:00,2.5231800000000005e-05
1777190400000,5.4800300000000005e-05,-8.469e-05,2026-04-26 08:00:00,0.0001394903
1777219200000,-2.86388e-05,1.874e-05,2026-04-26 16:00:00,-4.73788e-05
1777248000000,0.0001,8.263e-05,2026-04-27 00:00:00,1.7370000000000005e-05
1777276800000,0.0001,0.0001,2026-04-27 08:00:00,0.0
1777305600000,7.66513e-05,5.801e-05,2026-04-27 16:00:00,1.86413e-05
1777334400000,8.156830000000001e-05,9.191e-05,2026-04-28 00:00:00,-1.0341699999999996e-05
1777363200000,6.65156e-05,5.216e-05,2026-04-28 08:00:00,1.4355599999999995e-05
1777392000000,4.767200000000001e-06,-1.101e-05,2026-04-28 16:00:00,1.5777200000000002e-05
1777420800000,1.5330000000000004e-06,9.99e-06,2026-04-29 00:00:00,-8.456999999999999e-06
1777449600000,-3.5962999999999994e-05,2.635e-05,2026-04-29 08:00:00,-6.2313e-05
1777478400000,9.548980000000001e-05,4.059e-05,2026-04-29 16:00:00,5.4899800000000006e-05
1777507200000,5.66209e-05,1.672e-05,2026-04-30 00:00:00,3.99009e-05
1777536000000,6.91669e-05,-9.222e-05,2026-04-30 08:00:00,0.0001613869
1777564800000,5.55318e-05,2.95e-05,2026-04-30 16:00:00,2.6031800000000004e-05
1777593600000,8.54035e-05,-9.32e-05,2026-05-01 00:00:00,0.0001786035
1777622400000,8.63584e-05,-4.358e-05,2026-05-01 08:00:00,0.0001299384
1777651200000,7.1911e-05,-1.568e-05,2026-05-01 16:00:00,8.7591e-05
1777680000000,9.69446e-05,2.688e-05,2026-05-02 00:00:00,7.00646e-05
1777708800000,0.0001247869,0.0001,2026-05-02 08:00:00,2.4786899999999998e-05
1777737600000,0.0001,0.0001,2026-05-02 16:00:00,0.0
1777766400000,0.0001,0.0001,2026-05-03 00:00:00,0.0
1777795200000,0.0001,0.0001,2026-05-03 08:00:00,0.0
1777824000000,0.0001,0.0001,2026-05-03 16:00:00,0.0
1777852800000,0.0001,0.0001,2026-05-04 00:00:00,0.0
1777881600000,0.0001,0.0001,2026-05-04 08:00:00,0.0
1777910400000,8.56381e-05,0.0001,2026-05-04 16:00:00,-1.4361900000000002e-05
1777939200000,0.0001,0.0001,2026-05-05 00:00:00,0.0
1777968000000,0.0001,0.0001,2026-05-05 08:00:00,0.0
1777996800000,6.35003e-05,7.936e-05,2026-05-05 16:00:00,-1.5859699999999993e-05
1778025600000,-8.44523e-05,-8.522e-05,2026-05-06 00:00:00,7.676999999999961e-07
1778054400000,-2.7728199999999997e-05,-8.471e-05,2026-05-06 08:00:00,5.69818e-05
1778083200000,8.53899e-05,9.5e-07,2026-05-06 16:00:00,8.44399e-05
1778112000000,0.00015006,0.0001,2026-05-07 00:00:00,5.0060000000000005e-05
1778140800000,0.0001,0.0001,2026-05-07 08:00:00,0.0
1778169600000,0.0001,0.0001,2026-05-07 16:00:00,0.0
1778198400000,0.0001,0.0001,2026-05-08 00:00:00,0.0
1778227200000,0.0001,0.0001,2026-05-08 08:00:00,0.0
1778256000000,0.0001,5.891e-05,2026-05-08 16:00:00,4.109000000000001e-05
1778284800000,0.0001,3.127e-05,2026-05-09 00:00:00,6.873e-05
1778313600000,0.0001,8.82e-06,2026-05-09 08:00:00,9.118e-05
1778342400000,5.4590300000000005e-05,4.937e-05,2026-05-09 16:00:00,5.2203000000000015e-06
1778371200000,8.71035e-05,3.161e-05,2026-05-10 00:00:00,5.549350000000001e-05
1778400000000,7.54617e-05,-1.232e-05,2026-05-10 08:00:00,8.77817e-05
1778428800000,5.84485e-05,8.34e-06,2026-05-10 16:00:00,5.01085e-05
1778457600000,9.333300000000001e-06,-2.271e-05,2026-05-11 00:00:00,3.20433e-05
1778486400000,0.0001,-0.00010957,2026-05-11 08:00:00,0.00020957000000000001
1778515200000,-2.1273099999999998e-05,-7.936e-05,2026-05-11 16:00:00,5.80869e-05
1778544000000,8.77651e-05,-2.681e-05,2026-05-12 00:00:00,0.0001145751
1778572800000,0.0001,0.0001,2026-05-12 08:00:00,0.0
1778601600000,0.0001,0.0001,2026-05-12 16:00:00,0.0
1778630400000,8.07566e-05,0.0001,2026-05-13 00:00:00,-1.9243400000000006e-05
1778659200000,5.49861e-05,4.911e-05,2026-05-13 08:00:00,5.876099999999996e-06
1778688000000,0.0001,6.447e-05,2026-05-13 16:00:00,3.553000000000001e-05
1778716800000,0.0001,0.0001,2026-05-14 00:00:00,0.0
1778745600000,0.0001117397,-3.373e-05,2026-05-14 08:00:00,0.0001454697
1778774400000,6.25242e-05,3.692e-05,2026-05-14 16:00:00,2.56042e-05
1778803200000,9.80411e-05,5.932e-05,2026-05-15 00:00:00,3.87211e-05
1778832000000,0.0001,-3.443e-05,2026-05-15 08:00:00,0.00013443
1778860800000,0.0001,-5.876e-05,2026-05-15 16:00:00,0.00015876
1778889600000,9.06702e-05,-0.00015517,2026-05-16 00:00:00,0.0002458402
1778918400000,0.0001,-3.59e-06,2026-05-16 08:00:00,0.00010359
1778947200000,9.95815e-05,-8.5e-07,2026-05-16 16:00:00,0.0001004315
1778976000000,2.5291800000000007e-05,-7.181e-05,2026-05-17 00:00:00,9.710180000000002e-05
1779004800000,-4.61411e-05,-8.67e-05,2026-05-17 08:00:00,4.055890000000001e-05
1779033600000,6.22007e-05,-4.685e-05,2026-05-17 16:00:00,0.0001090507
1779062400000,6.934910000000001e-05,-6.45e-05,2026-05-18 00:00:00,0.0001338491
1779091200000,-5.8465800000000005e-05,4.25e-06,2026-05-18 08:00:00,-6.27158e-05
1779120000000,3.9478100000000004e-05,-0.00018244,2026-05-18 16:00:00,0.0002219181
1779148800000,5.1284300000000006e-05,-6.101e-05,2026-05-19 00:00:00,0.0001122943
1779177600000,-3.28378e-05,-0.0001836,2026-05-19 08:00:00,0.0001507622
1779206400000,-5.6857799999999996e-05,-0.00021327,2026-05-19 16:00:00,0.0001564122
1779235200000,9.19487e-05,-0.00033437,2026-05-20 00:00:00,0.0004263187
1779264000000,-4.081619999999999e-05,-0.00019486,2026-05-20 08:00:00,0.0001540438
1779292800000,-0.00024303919999999998,9.241e-05,2026-05-20 16:00:00,-0.0003354492
1779321600000,5.16491e-05,-5.708e-05,2026-05-21 00:00:00,0.0001087291
1779350400000,8.901200000000001e-05,6.214e-05,2026-05-21 08:00:00,2.687200000000001e-05
1779379200000,0.0002387695,-8.836e-05,2026-05-21 16:00:00,0.0003271295
1779408000000,0.0001904824,0.0001,2026-05-22 00:00:00,9.04824e-05
1779436800000,0.0001,0.0001,2026-05-22 08:00:00,0.0
1779465600000,4.43226e-05,-1.666e-05,2026-05-22 16:00:00,6.09826e-05
1779494400000,0.0001,0.0001,2026-05-23 00:00:00,0.0
1779523200000,0.0001,0.0001,2026-05-23 08:00:00,0.0
1779552000000,9.85324e-05,0.0001,2026-05-23 16:00:00,-1.467600000000006e-06
1779580800000,2.0825200000000005e-05,5.86e-06,2026-05-24 00:00:00,1.4965200000000005e-05
1779609600000,-2.44357e-05,-0.00011153,2026-05-24 08:00:00,8.70943e-05
1779638400000,5.04631e-05,-0.00014143,2026-05-24 16:00:00,0.0001918931
1779667200000,4.24935e-05,5.83e-06,2026-05-25 00:00:00,3.6663500000000006e-05
1779696000000,3.72396e-05,0.0001,2026-05-25 08:00:00,-6.27604e-05
1779724800000,8.784420000000001e-05,5.381e-05,2026-05-25 16:00:00,3.403420000000001e-05
1779753600000,0.0001,0.0001,2026-05-26 00:00:00,0.0
1779782400000,8.04224e-05,7.481e-05,2026-05-26 08:00:00,5.612400000000001e-06
1779811200000,5.1685400000000005e-05,-0.00013561,2026-05-26 16:00:00,0.0001872954
1779840000000,1.32472e-05,-0.00032477,2026-05-27 00:00:00,0.0003380172
1779868800000,-3.13852e-05,-3.399e-05,2026-05-27 08:00:00,2.604799999999999e-06
1779897600000,6.186040000000001e-05,-6.67e-05,2026-05-27 16:00:00,0.0001285604
1779926400000,-3.51645e-05,-8.056e-05,2026-05-28 00:00:00,4.53955e-05
1779955200000,8.71477e-05,2.14e-05,2026-05-28 08:00:00,6.57477e-05
1779984000000,9.11879e-05,9.338e-05,2026-05-28 16:00:00,-2.1921000000000023e-06
1780012800000,0.0001,4.927e-05,2026-05-29 00:00:00,5.0730000000000004e-05
1780041600000,0.00010095690000000001,0.0001,2026-05-29 08:00:00,9.569000000000043e-07
1780070400000,-2.6723500000000003e-05,0.0001,2026-05-29 16:00:00,-0.0001267235
1780099200000,-4.0023599999999994e-05,7.6e-06,2026-05-30 00:00:00,-4.7623599999999996e-05
1780128000000,8.12509e-05,-9.048e-05,2026-05-30 08:00:00,0.00017173090000000002
1780156800000,4.5662e-05,-0.00014422,2026-05-30 16:00:00,0.000189882
1780185600000,0.0001327245,-0.00013682,2026-05-31 00:00:00,0.0002695445
1780214400000,0.00012045650000000001,0.0001,2026-05-31 08:00:00,2.0456500000000003e-05
1780243200000,0.000305314,6.115e-05,2026-05-31 16:00:00,0.000244164
1780272000000,0.0004674207,4.74e-05,2026-06-01 00:00:00,0.0004200207
1780300800000,0.0001579625,0.0001,2026-06-01 08:00:00,5.796249999999999e-05
1780329600000,0.000288741,0.0001,2026-06-01 16:00:00,0.00018874100000000003
1780358400000,0.0001755248,0.0001,2026-06-02 00:00:00,7.55248e-05
1780387200000,0.0001232208,2.818e-05,2026-06-02 08:00:00,9.50408e-05
1780416000000,0.0004376801,0.0001,2026-06-02 16:00:00,0.0003376801
1780444800000,0.00015283780000000002,0.0001,2026-06-03 00:00:00,5.283780000000001e-05
1780473600000,0.0001,0.0001,2026-06-03 08:00:00,0.0
1780502400000,0.0001850345,0.0001,2026-06-03 16:00:00,8.50345e-05
1780531200000,0.0004048053,4.261e-05,2026-06-04 00:00:00,0.0003621953
1780560000000,0.00033321,0.0001,2026-06-04 08:00:00,0.00023321000000000003
1780588800000,9.449540000000001e-05,0.0001,2026-06-04 16:00:00,-5.504599999999995e-06
1780617600000,0.0002763207,0.0001,2026-06-05 00:00:00,0.00017632070000000001
1780646400000,0.0001,0.0001,2026-06-05 08:00:00,0.0
1780675200000,0.0003808091,0.0001,2026-06-05 16:00:00,0.0002808091
1780704000000,9.962110000000001e-05,0.0001,2026-06-06 00:00:00,-3.7889999999999734e-07
1780732800000,0.0001,-6.95e-06,2026-06-06 08:00:00,0.00010695000000000001
1780761600000,0.0001,-3.289e-05,2026-06-06 16:00:00,0.00013289
1780790400000,8.90817e-05,1.764e-05,2026-06-07 00:00:00,7.14417e-05
1780819200000,8.90097e-05,0.0001,2026-06-07 08:00:00,-1.0990300000000009e-05
1780848000000,0.0001,4.54e-06,2026-06-07 16:00:00,9.546000000000001e-05
1780876800000,0.0001,-6.151e-05,2026-06-08 00:00:00,0.00016151000000000002
1780905600000,0.0001415662,0.0001,2026-06-08 08:00:00,4.156619999999999e-05
1780934400000,0.0001,0.0001,2026-06-08 16:00:00,0.0
1780963200000,0.0001261839,0.0001,2026-06-09 00:00:00,2.6183899999999985e-05
1780992000000,0.0001048411,0.0001,2026-06-09 08:00:00,4.841099999999997e-06
1781020800000,9.44788e-05,6.72e-06,2026-06-09 16:00:00,8.77588e-05
1781049600000,0.0001009345,-8.63e-06,2026-06-10 00:00:00,0.0001095645
1781078400000,0.0001242813,1.289e-05,2026-06-10 08:00:00,0.00011139130000000001
1781107200000,0.0001098407,-1.699e-05,2026-06-10 16:00:00,0.0001268307
1781136000000,0.0001264346,0.0001,2026-06-11 00:00:00,2.6434599999999986e-05
1781164800000,0.0001,-0.00011844,2026-06-11 08:00:00,0.00021844
1781193600000,1.7449500000000003e-05,3.44e-05,2026-06-11 16:00:00,-1.69505e-05
1781222400000,7.58702e-05,-3.2e-07,2026-06-12 00:00:00,7.61902e-05
1781251200000,9.5321e-05,-1.359e-05,2026-06-12 08:00:00,0.000108911
1781280000000,4.79434e-05,-3.16e-06,2026-06-12 16:00:00,5.1103399999999996e-05
1781308800000,9.759120000000001e-05,7.085e-05,2026-06-13 00:00:00,2.6741200000000007e-05
1781337600000,5.40389e-05,7.556e-05,2026-06-13 08:00:00,-2.15211e-05
1781366400000,7.463680000000001e-05,-3.04e-06,2026-06-13 16:00:00,7.767680000000001e-05
1781395200000,-4.6732699999999994e-05,3.202e-05,2026-06-14 00:00:00,-7.875269999999999e-05
1781424000000,0.0001,-1.959e-05,2026-06-14 08:00:00,0.00011959000000000001
1781452800000,6.60001e-05,0.0001,2026-06-14 16:00:00,-3.3999900000000006e-05
1781481600000,2.8390900000000003e-05,-3.631e-05,2026-06-15 00:00:00,6.470090000000001e-05
1781510400000,0.0001105482,3.81e-05,2026-06-15 08:00:00,7.244820000000001e-05
1781539200000,0.0001,-8.428e-05,2026-06-15 16:00:00,0.00018428
1781568000000,0.0001266239,-3.85e-06,2026-06-16 00:00:00,0.00013047390000000002
1781596800000,0.0004673508,0.0001,2026-06-16 08:00:00,0.0003673508
1781625600000,0.0001583734,0.0001,2026-06-16 16:00:00,5.8373400000000006e-05
1781654400000,0.000107318,0.0001,2026-06-17 00:00:00,7.318e-06
1781683200000,0.0001,1.109e-05,2026-06-17 08:00:00,8.891e-05
1781712000000,8.30935e-05,5.169e-05,2026-06-17 16:00:00,3.1403500000000005e-05
1781740800000,0.0001379116,-7.147e-05,2026-06-18 00:00:00,0.0002093816
1781769600000,0.0001236183,-6.417e-05,2026-06-18 08:00:00,0.0001877883
1781798400000,0.00048153780000000004,4.351e-05,2026-06-18 16:00:00,0.0004380278
1781827200000,0.0001255784,0.0001,2026-06-19 00:00:00,2.5578399999999992e-05
1781856000000,0.0001,0.0001,2026-06-19 08:00:00,0.0
1781884800000,0.0001,-4.861e-05,2026-06-19 16:00:00,0.00014861
1781913600000,0.0001,2.142e-05,2026-06-20 00:00:00,7.858e-05
1781942400000,0.0001,6.946e-05,2026-06-20 08:00:00,3.054e-05
1781971200000,0.0001,-7.656e-05,2026-06-20 16:00:00,0.00017656
1782000000000,8.24995e-05,-8.078e-05,2026-06-21 00:00:00,0.00016327950000000001
1782028800000,-8.613100000000002e-06,-0.00010515,2026-06-21 08:00:00,9.65369e-05
1782057600000,-4.26788e-05,-4.837e-05,2026-06-21 16:00:00,5.691199999999997e-06
1782086400000,3.05294e-05,0.0001,2026-06-22 00:00:00,-6.947060000000001e-05
1782115200000,0.0001,-0.00013932,2026-06-22 08:00:00,0.00023932
1782144000000,0.0001,3.011e-05,2026-06-22 16:00:00,6.989e-05
1782172800000,0.0001,-1.657e-05,2026-06-23 00:00:00,0.00011657
1782201600000,0.0001119742,-3.775e-05,2026-06-23 08:00:00,0.0001497242
1782230400000,0.0001179268,0.0001,2026-06-23 16:00:00,1.7926799999999992e-05
1782259200000,0.000151808,0.0001,2026-06-24 00:00:00,5.180799999999999e-05
1782288000000,0.0001,0.0001,2026-06-24 08:00:00,0.0
1782316800000,0.0001009863,0.0001,2026-06-24 16:00:00,9.86300000000001e-07
1782345600000,0.0001,-3.54e-05,2026-06-25 00:00:00,0.0001354
1782374400000,8.84276e-05,1.286e-05,2026-06-25 08:00:00,7.55676e-05
1782403200000,0.0001,1.269e-05,2026-06-25 16:00:00,8.731e-05
1782432000000,0.0001,9.29e-06,2026-06-26 00:00:00,9.071e-05
1782460800000,0.0001,0.0001,2026-06-26 08:00:00,0.0
1782489600000,0.0001,8.331e-05,2026-06-26 16:00:00,1.6690000000000005e-05
1782518400000,9.15299e-05,-1.99e-06,2026-06-27 00:00:00,9.35199e-05
1782547200000,9.6431e-05,-6.596e-05,2026-06-27 08:00:00,0.000162391
1782576000000,0.0001,2.267e-05,2026-06-27 16:00:00,7.733e-05
1782604800000,0.0001,2.565e-05,2026-06-28 00:00:00,7.435e-05
1782633600000,0.0001,2.389e-05,2026-06-28 08:00:00,7.611e-05
1782662400000,0.0001,0.0001,2026-06-28 16:00:00,0.0
1782691200000,0.0001,8.62e-05,2026-06-29 00:00:00,1.380000000000001e-05
1782720000000,0.0001,8.786e-05,2026-06-29 08:00:00,1.2140000000000002e-05
1782748800000,0.0001246482,0.0001,2026-06-29 16:00:00,2.46482e-05
1782777600000,0.0001,0.0001,2026-06-30 00:00:00,0.0
1782806400000,0.0001,6.45e-06,2026-06-30 08:00:00,9.355000000000001e-05
1782835200000,0.0001,8.147e-05,2026-06-30 16:00:00,1.853e-05
1782864000000,0.0001,0.0001,2026-07-01 00:00:00,0.0
1782892800000,6.68555e-05,0.0001,2026-07-01 08:00:00,-3.31445e-05
1782921600000,4.00686e-05,-3.608e-05,2026-07-01 16:00:00,7.614859999999999e-05
1782950400000,8.080500000000001e-05,-0.00011678,2026-07-02 00:00:00,0.000197585
1782979200000,0.0001,-3.2e-07,2026-07-02 08:00:00,0.00010032
1783008000000,0.0001,5.15e-05,2026-07-02 16:00:00,4.8500000000000007e-05
1783036800000,8.90524e-05,6.701e-05,2026-07-03 00:00:00,2.2042400000000004e-05
1783065600000,0.0001,0.0001,2026-07-03 08:00:00,0.0
1783094400000,0.0001,5.478e-05,2026-07-03 16:00:00,4.5220000000000004e-05
1783123200000,0.0001,-1.016e-05,2026-07-04 00:00:00,0.00011016
1783152000000,0.0001,5.317e-05,2026-07-04 08:00:00,4.6830000000000004e-05
1783180800000,0.0001,0.0001,2026-07-04 16:00:00,0.0
1783209600000,0.0001,0.0001,2026-07-05 00:00:00,0.0
1783238400000,8.16885e-05,0.0001,2026-07-05 08:00:00,-1.8311500000000002e-05
1783267200000,0.0001,5.938e-05,2026-07-05 16:00:00,4.062000000000001e-05
1783296000000,0.0001,0.0001,2026-07-06 00:00:00,0.0
1783324800000,0.0001,0.0001,2026-07-06 08:00:00,0.0
1783353600000,0.0001,-4.07e-06,2026-07-06 16:00:00,0.00010407
1783382400000,0.0001,-2.294e-05,2026-07-07 00:00:00,0.00012294
1783411200000,0.0001,-2.16e-05,2026-07-07 08:00:00,0.0001216
1783440000000,0.0001,-2.349e-05,2026-07-07 16:00:00,0.00012349
1783468800000,0.0001,6.386e-05,2026-07-08 00:00:00,3.614e-05
1783497600000,0.0001,1.423e-05,2026-07-08 08:00:00,8.577e-05
1783526400000,0.00010564870000000001,3.646e-05,2026-07-08 16:00:00,6.918870000000001e-05
1783555200000,0.0001,1.9e-05,2026-07-09 00:00:00,8.1e-05
1783584000000,9.186510000000001e-05,1.047e-05,2026-07-09 08:00:00,8.139510000000001e-05
1783612800000,5.59665e-05,-6.117e-05,2026-07-09 16:00:00,0.0001171365
1783641600000,7.10017e-05,-0.0001108,2026-07-10 00:00:00,0.0001818017
1783670400000,6.610350000000001e-05,2.435e-05,2026-07-10 08:00:00,4.175350000000001e-05
1783699200000,3.2463500000000005e-05,-5.717e-05,2026-07-10 16:00:00,8.963350000000001e-05
1783728000000,8.13725e-05,-6.776e-05,2026-07-11 00:00:00,0.00014913250000000002
1783756800000,0.0001,-2.626e-05,2026-07-11 08:00:00,0.00012626
1783785600000,1.1299000000000025e-06,2.578e-05,2026-07-11 16:00:00,-2.4650099999999996e-05
1783814400000,4.19125e-05,-5.951e-05,2026-07-12 00:00:00,0.0001014225
1783843200000,6.171220000000001e-05,-1.229e-05,2026-07-12 08:00:00,7.40022e-05
1783872000000,0.0001,4.177e-05,2026-07-12 16:00:00,5.823e-05
1783900800000,5.9463500000000004e-05,2.655e-05,2026-07-13 00:00:00,3.29135e-05
1783929600000,8.47895e-05,-8.836e-05,2026-07-13 08:00:00,0.0001731495
1783958400000,0.0001,5.704e-05,2026-07-13 16:00:00,4.296e-05
1783987200000,0.0001,0.0001,2026-07-14 00:00:00,0.0
1784016000000,0.0001024311,0.0001,2026-07-14 08:00:00,2.4310999999999978e-06
1784044800000,0.00010991500000000001,0.0001,2026-07-14 16:00:00,9.915000000000002e-06
1784073600000,0.00011219330000000001,0.0001,2026-07-15 00:00:00,1.2193300000000004e-05
1784102400000,0.0002353998,0.0001,2026-07-15 08:00:00,0.00013539979999999997
1784131200000,0.00014139410000000002,0.0001,2026-07-15 16:00:00,4.139410000000001e-05
1784160000000,0.0001354886,0.0001,2026-07-16 00:00:00,3.54886e-05
1784188800000,0.0001,0.0001,2026-07-16 08:00:00,0.0
1784217600000,4.2828800000000006e-05,4.916e-05,2026-07-16 16:00:00,-6.331199999999991e-06
1784246400000,0.0001,-4.866e-05,2026-07-17 00:00:00,0.00014866
1784275200000,4.7092700000000004e-05,7.159e-05,2026-07-17 08:00:00,-2.4497299999999993e-05
1784304000000,0.0001,-5.22e-06,2026-07-17 16:00:00,0.00010522
1784332800000,0.0001,0.0001,2026-07-18 00:00:00,0.0
1784361600000,0.0001,4.004e-05,2026-07-18 08:00:00,5.996e-05
1784390400000,0.0001,6.766e-05,2026-07-18 16:00:00,3.2340000000000005e-05
1784419200000,0.0001,-4.909e-05,2026-07-19 00:00:00,0.00014909
1784448000000,8.18427e-05,-9.26e-06,2026-07-19 08:00:00,9.11027e-05
1784476800000,9.387020000000001e-05,-0.00013046,2026-07-19 16:00:00,0.0002243302
1784505600000,4.47178e-05,-7.277e-05,2026-07-20 00:00:00,0.0001174878
1784534400000,9.534880000000001e-05,3.124e-05,2026-07-20 08:00:00,6.41088e-05
1784563200000,0.0001,-1.249e-05,2026-07-20 16:00:00,0.00011249
1784592000000,0.0001,5.764e-05,2026-07-21 00:00:00,4.236000000000001e-05
1784620800000,9.87979e-05,1.913e-05,2026-07-21 08:00:00,7.96679e-05
1784649600000,-2.4278999999999975e-06,-1.426e-05,2026-07-21 16:00:00,1.1832100000000003e-05
1784678400000,1.8904600000000002e-05,-0.00012318,2026-07-22 00:00:00,0.0001420846
1784707200000,7.16651e-05,-2.847e-05,2026-07-22 08:00:00,0.00010013510000000001
1784736000000,8.49788e-05,3.2e-05,2026-07-22 16:00:00,5.29788e-05
1784764800000,0.0001,9.263e-05,2026-07-23 00:00:00,7.370000000000006e-06
1784793600000,7.94231e-05,-6.952e-05,2026-07-23 08:00:00,0.0001489431
1784822400000,0.0001,0.0001,2026-07-23 16:00:00,0.0
1784851200000,8.22456e-05,4.082e-05,2026-07-24 00:00:00,4.14256e-05
1784880000000,8.32961e-05,-7.93e-06,2026-07-24 08:00:00,9.12261e-05
1784908800000,9.31159e-05,7.634e-05,2026-07-24 16:00:00,1.6775899999999996e-05
1784937600000,8.13131e-05,-4.321e-05,2026-07-25 00:00:00,0.0001245231
1784966400000,9.940450000000001e-05,-8.437e-05,2026-07-25 08:00:00,0.0001837745
1784995200000,7.03008e-05,-4.233e-05,2026-07-25 16:00:00,0.00011263080000000001
1785024000000,6.450210000000001e-05,-9.253e-05,2026-07-26 00:00:00,0.00015703210000000002
1785052800000,-1.59691e-05,-0.00012542,2026-07-26 08:00:00,0.0001094509
1785081600000,2.93278e-05,-0.00011918,2026-07-26 16:00:00,0.00014850779999999998
1785110400000,0.0001,-2.89e-06,2026-07-27 00:00:00,0.00010289
1785139200000,0.0001,-8.071e-05,2026-07-27 08:00:00,0.00018071
1785168000000,0.0001,-2.514e-05,2026-07-27 16:00:00,0.00012514
1785196800000,0.0001,3.595e-05,2026-07-28 00:00:00,6.405000000000001e-05
1785225600000,0.0001,-1.264e-05,2026-07-28 08:00:00,0.00011264
1785254400000,0.0001,0.0001,2026-07-28 16:00:00,0.0
1785283200000,0.0001,0.0001,2026-07-29 00:00:00,0.0
1785312000000,5.2151e-05,6.196e-05,2026-07-29 08:00:00,-9.808999999999994e-06
1785340800000,9.3416e-05,5.18e-05,2026-07-29 16:00:00,4.1616e-05
1785369600000,7.106610000000001e-05,7.584e-05,2026-07-30 00:00:00,-4.7738999999999985e-06
1785398400000,9.81187e-05,2.609e-05,2026-07-30 08:00:00,7.20287e-05
1785427200000,7.30359e-05,5.629e-05,2026-07-30 16:00:00,1.6745900000000005e-05
1785456000000,4.34158e-05,4.943e-05,2026-07-31 00:00:00,-6.014200000000001e-06
1785484800000,7.20492e-05,-0.00013234,2026-07-31 08:00:00,0.00020438919999999998
1785513600000,7.89855e-05,-1.363e-05,2026-07-31 16:00:00,9.26155e-05
1785542400000,0.0001,7.987e-05,2026-08-01 00:00:00,2.013e-05
1785571200000,0.0001,0.0001,2026-08-01 08:00:00,0.0
1785600000000,9.857360000000001e-05,7.137e-05,2026-08-01 16:00:00,2.7203600000000005e-05
1785628800000,0.0001,0.0001,2026-08-02 00:00:00,0.0
1785657600000,7.676820000000001e-05,0.0001,2026-08-02 08:00:00,-2.3231799999999997e-05
1785686400000,5.9596500000000004e-05,0.0001,2026-08-02 16:00:00,-4.04035e-05
1785715200000,0.0001,9.599e-05,2026-08-03 00:00:00,4.010000000000011e-06
1785744000000,6.313630000000001e-05,9.545e-05,2026-08-03 08:00:00,-3.2313699999999995e-05
1785772800000,8.504190000000001e-05,0.0001,2026-08-03 16:00:00,-1.4958099999999995e-05
1785801600000,8.60984e-05,0.0001,2026-08-04 00:00:00,-1.3901600000000003e-05
1785830400000,9.72651e-05,3.128e-05,2026-08-04 08:00:00,6.59851e-05
1785859200000,9.46871e-05,5.429e-05,2026-08-04 16:00:00,4.039710000000001e-05
1785888000000,9.18109e-05,0.0001,2026-08-05 00:00:00,-8.189100000000006e-06
1785916800000,-3.04711e-05,0.0001,2026-08-05 08:00:00,-0.0001304711
1785945600000,-9.8521e-06,1.9e-07,2026-08-05 16:00:00,-1.00421e-05
1785974400000,2.9206300000000002e-05,-6.858e-05,2026-08-06 00:00:00,9.77863e-05
1786003200000,9.156750000000001e-05,0.0001,2026-08-06 08:00:00,-8.432499999999998e-06
1786032000000,7.50906e-05,4.771e-05,2026-08-06 16:00:00,2.73806e-05
1786060800000,4.61486e-05,0.0001,2026-08-07 00:00:00,-5.3851400000000004e-05
1786089600000,8.19535e-05,0.0001,2026-08-07 08:00:00,-1.8046500000000004e-05
1786118400000,5.5816e-05,3.309e-05,2026-08-07 16:00:00,2.2726e-05
1786147200000,4.09042e-05,8.19e-05,2026-08-08 00:00:00,-4.09958e-05
1786176000000,5.96895e-05,7.288e-05,2026-08-08 08:00:00,-1.3190499999999995e-05
1786204800000,3.24712e-05,6.927e-05,2026-08-08 16:00:00,-3.6798800000000004e-05
1786233600000,1.60623e-05,1.111e-05,2026-08-09 00:00:00,4.9523e-06
1786262400000,6.39853e-05,2.809e-05,2026-08-09 08:00:00,3.58953e-05
1786291200000,6.55354e-05,3.354e-05,2026-08-09 16:00:00,3.19954e-05
1786320000000,6.7872e-06,1.993e-05,2026-08-10 00:00:00,-1.31428e-05
1786348800000,7.37254e-05,5.726e-05,2026-08-10 08:00:00,1.6465400000000007e-05
1786377600000,0.0001,7.468e-05,2026-08-10 16:00:00,2.5320000000000008e-05
